PO_ID,PO_Date,Supplier,Category,Quantity_Ordered,Unit_Cost,PO_Value,Promised_Delivery_Days,Actual_Delivery_Days,On_Time,Late_Days,Opening_Stock,Demand_Units,Received_Units,Closing_Stock,Stockout
PO100000,2025-07-21,Supplier_13,Office Supplies,10,233.42,2334.2,6,7,Yes,1,228,18,10,220,No
PO100001,2025-05-07,Supplier_03,Electronics,1,51.69,51.69,4,6,No,2,102,56,1,0,Yes
PO100002,2025-11-04,Supplier_01,Electronics,2,68.22,136.44,7,9,No,2,493,42,2,453,No
PO100003,2025-03-21,Supplier_10,Office Supplies,7,273.55,1914.85,8,7,Yes,0,459,10,7,456,No
PO100004,2025-07-05,Supplier_06,Electronics,15,488.81,7332.15,8,16,No,8,325,48,15,292,No
PO100005,2025-06-28,Supplier_08,Home & Kitchen,5,435.44,2177.2,4,12,No,8,114,27,5,92,No
PO100006,2025-08-14,Supplier_02,Electronics,15,69.25,1038.75,9,13,No,4,427,48,15,394,No
PO100007,2025-08-03,Supplier_06,Office Supplies,13,334.34,4346.42,9,10,Yes,1,379,19,13,373,No
PO100008,2025-05-11,Supplier_10,Electronics,17,414.67,7049.39,4,4,Yes,0,290,32,17,0,Yes
PO100009,2025-10-02,Supplier_06,Home & Kitchen,10,385.35,3853.5,8,8,Yes,0,311,30,10,291,No
PO100010,2025-08-08,Supplier_13,Office Supplies,6,145.15,870.9,5,16,No,11,216,21,6,201,No
PO100011,2025-08-22,Supplier_12,Home & Kitchen,8,499.24,3993.92,3,5,No,2,461,27,8,442,No
PO100012,2025-08-15,Supplier_11,Electronics,3,148.06,444.18,10,9,Yes,0,209,50,3,0,Yes
PO100013,2025-07-05,Supplier_14,Office Supplies,5,482.23,2411.15,9,18,No,9,129,17,5,117,No
PO100014,2025-08-20,Supplier_11,Office Supplies,17,206.99,3518.83,4,9,No,5,495,24,17,488,No
PO100015,2025-12-16,Supplier_03,Home & Kitchen,5,206.72,1033.6,10,11,Yes,1,201,26,5,180,No
PO100016,2025-11-27,Supplier_13,Electronics,6,369.38,2216.28,4,4,Yes,0,73,48,6,0,Yes
PO100017,2025-05-07,Supplier_10,Office Supplies,10,338.73,3387.3,5,14,No,9,73,15,10,68,No
PO100018,2025-08-06,Supplier_02,Office Supplies,6,443.34,2660.04,7,9,No,2,332,22,6,316,No
PO100019,2025-02-05,Supplier_05,Home & Kitchen,5,464.64,2323.2,9,10,Yes,1,288,29,5,264,No
PO100020,2025-08-25,Supplier_03,Electronics,7,159.3,1115.1,4,7,No,3,400,41,7,366,No
PO100021,2025-12-26,Supplier_15,Office Supplies,6,141.44,848.64,4,13,No,9,161,10,6,157,No
PO100022,2025-03-22,Supplier_11,Electronics,8,419.6,3356.8,9,11,No,2,317,42,8,0,Yes
PO100023,2025-09-07,Supplier_14,Electronics,12,107.02,1284.24,6,9,No,3,339,38,12,0,Yes
PO100024,2025-03-10,Supplier_05,Office Supplies,1,160.51,160.51,3,12,No,9,479,16,1,464,No
PO100025,2025-08-23,Supplier_10,Home & Kitchen,12,404.89,4858.68,8,8,Yes,0,199,28,12,183,No
PO100026,2025-02-27,Supplier_10,Electronics,7,441.48,3090.36,7,10,No,3,131,43,7,0,Yes
PO100027,2025-02-09,Supplier_12,Home & Kitchen,15,121.28,1819.2,9,17,No,8,392,24,15,383,No
PO100028,2025-03-25,Supplier_02,Office Supplies,11,404.32,4447.52,10,19,No,9,494,24,11,481,No
PO100029,2025-10-14,Supplier_08,Office Supplies,12,283.67,3404.04,6,9,No,3,234,20,12,226,No
PO100030,2025-12-30,Supplier_10,Electronics,1,415.99,415.99,8,8,Yes,0,254,39,1,0,Yes
PO100031,2025-08-03,Supplier_13,Electronics,14,93.26,1305.64,10,9,Yes,0,84,41,14,57,No
PO100032,2025-05-27,Supplier_10,Electronics,8,65.83,526.64,7,8,No,1,166,48,8,0,Yes
PO100033,2025-07-18,Supplier_07,Electronics,15,421.71,6325.65,8,12,No,4,59,40,15,0,Yes
PO100034,2025-11-11,Supplier_07,Electronics,1,226.54,226.54,10,17,No,7,204,44,1,0,Yes
PO100035,2025-07-24,Supplier_06,Electronics,3,86.3,258.9,3,8,No,5,302,57,3,248,No
PO100036,2025-02-24,Supplier_03,Office Supplies,16,391.46,6263.36,4,10,No,6,206,23,16,199,No
PO100037,2025-04-17,Supplier_05,Home & Kitchen,2,447.24,894.48,10,13,No,3,365,33,2,334,No
PO100038,2025-08-29,Supplier_03,Electronics,17,388.06,6597.02,9,12,No,3,148,40,17,0,Yes
PO100039,2025-04-26,Supplier_04,Office Supplies,12,55.41,664.92,10,15,No,5,334,36,12,310,No
PO100040,2025-06-15,Supplier_13,Home & Kitchen,8,287.48,2299.84,10,9,Yes,0,32,30,8,0,Yes
PO100041,2025-07-28,Supplier_08,Electronics,1,357.88,357.88,7,6,Yes,0,342,41,1,302,No
PO100042,2025-10-01,Supplier_02,Home & Kitchen,11,73.43,807.73,4,7,No,3,354,26,11,339,No
PO100043,2025-04-16,Supplier_07,Electronics,2,476.87,953.74,8,18,No,10,213,44,2,0,Yes
PO100044,2025-10-17,Supplier_05,Electronics,9,120.92,1088.28,8,9,Yes,1,42,57,9,0,Yes
PO100045,2025-10-31,Supplier_10,Office Supplies,4,336.58,1346.32,6,6,Yes,0,165,25,4,144,No
PO100046,2025-04-20,Supplier_13,Electronics,8,186.84,1494.72,6,5,Yes,0,321,49,8,280,No
PO100047,2025-10-06,Supplier_01,Home & Kitchen,15,481.24,7218.6,3,2,Yes,0,151,30,15,136,No
PO100048,2025-04-03,Supplier_07,Home & Kitchen,17,261.16,4439.72,6,4,Yes,0,497,30,17,484,No
PO100049,2025-01-06,Supplier_07,Office Supplies,7,411.65,2881.55,6,4,Yes,0,317,22,7,0,Yes
PO100050,2025-05-08,Supplier_15,Electronics,16,26.13,418.08,9,8,Yes,0,242,46,16,0,Yes
PO100051,2025-03-07,Supplier_06,Office Supplies,1,297.51,297.51,4,11,No,7,62,23,1,40,No
PO100052,2025-07-25,Supplier_03,Home & Kitchen,1,166.83,166.83,8,7,Yes,0,254,36,1,219,No
PO100053,2025-12-13,Supplier_03,Office Supplies,12,321.59,3859.08,5,15,No,10,126,23,12,115,No
PO100054,2025-06-03,Supplier_08,Electronics,3,204.59,613.77,8,9,Yes,1,310,40,3,0,Yes
PO100055,2025-01-15,Supplier_09,Electronics,6,197.83,1186.98,4,12,No,8,156,45,6,0,Yes
PO100056,2025-09-16,Supplier_05,Electronics,18,239.54,4311.72,3,1,Yes,0,74,43,18,0,Yes
PO100057,2025-10-26,Supplier_07,Office Supplies,6,244.69,1468.14,5,3,Yes,0,271,21,6,256,No
PO100058,2025-01-11,Supplier_10,Electronics,4,378.02,1512.08,9,8,Yes,0,100,45,4,0,Yes
PO100059,2025-08-07,Supplier_05,Electronics,14,386.81,5415.34,4,5,Yes,1,463,37,14,0,Yes
PO100060,2025-11-16,Supplier_15,Home & Kitchen,20,128.68,2573.6,10,9,Yes,0,292,28,20,284,No
PO100061,2025-12-01,Supplier_04,Office Supplies,10,458.44,4584.4,4,4,Yes,0,262,22,10,250,No
PO100062,2025-09-26,Supplier_15,Home & Kitchen,19,468.3,8897.7,9,8,Yes,0,311,25,19,0,Yes
PO100063,2025-06-25,Supplier_14,Electronics,1,331.19,331.19,3,4,No,1,192,35,1,0,Yes
PO100064,2025-11-11,Supplier_15,Electronics,13,497.44,6466.72,3,14,No,11,473,52,13,434,No
PO100065,2025-02-08,Supplier_12,Home & Kitchen,8,109.54,876.32,9,13,No,4,300,22,8,286,No
PO100066,2025-08-13,Supplier_08,Home & Kitchen,17,481.6,8187.2,5,11,No,6,475,29,17,463,No
PO100067,2025-06-24,Supplier_10,Electronics,8,218.71,1749.68,6,8,No,2,223,44,8,0,Yes
PO100068,2025-03-25,Supplier_04,Electronics,2,75.37,150.74,4,5,Yes,1,326,51,2,0,Yes
PO100069,2025-10-03,Supplier_06,Home & Kitchen,16,226.27,3620.32,7,17,No,10,130,29,16,0,Yes
PO100070,2025-07-26,Supplier_07,Electronics,8,400.71,3205.68,9,8,Yes,0,373,45,8,0,Yes
PO100071,2025-03-01,Supplier_15,Home & Kitchen,3,302.52,907.56,4,6,No,2,52,26,3,29,No
PO100072,2025-01-18,Supplier_12,Office Supplies,9,491.4,4422.6,9,18,No,9,197,25,9,181,No
PO100073,2025-04-20,Supplier_09,Electronics,12,295.16,3541.92,10,9,Yes,0,373,56,12,329,No
PO100074,2025-05-09,Supplier_09,Office Supplies,5,354.48,1772.4,9,15,No,6,147,27,5,125,No
PO100075,2025-04-21,Supplier_07,Electronics,1,410.82,410.82,10,17,No,7,150,58,1,0,Yes
PO100076,2025-12-24,Supplier_07,Electronics,20,343.84,6876.8,6,7,No,1,92,41,20,0,Yes
PO100077,2025-11-23,Supplier_14,Home & Kitchen,18,146.58,2638.44,9,11,No,2,469,37,18,450,No
PO100078,2025-09-09,Supplier_01,Electronics,16,300.4,4806.4,9,20,No,11,255,35,16,0,Yes
PO100079,2025-04-28,Supplier_05,Electronics,5,465.64,2328.2,4,4,Yes,0,151,44,5,0,Yes
PO100080,2025-07-26,Supplier_07,Office Supplies,16,185.39,2966.24,5,4,Yes,0,87,26,16,77,No
PO100081,2025-01-09,Supplier_11,Home & Kitchen,16,146.85,2349.6,4,5,Yes,1,464,26,16,454,No
PO100082,2025-06-10,Supplier_07,Office Supplies,17,29.14,495.38,4,5,No,1,195,24,17,188,No
PO100083,2025-11-20,Supplier_05,Electronics,15,53.48,802.2,9,17,No,8,106,40,15,0,Yes
PO100084,2025-01-01,Supplier_02,Electronics,13,109.68,1425.84,4,6,No,2,226,49,13,0,Yes
PO100085,2025-12-21,Supplier_04,Home & Kitchen,18,40.21,723.78,7,9,No,2,187,23,18,182,No
PO100086,2025-08-25,Supplier_02,Office Supplies,5,260.22,1301.1,6,13,No,7,209,14,5,0,Yes
PO100087,2025-09-26,Supplier_11,Office Supplies,8,342.76,2742.08,10,11,No,1,163,20,8,151,No
PO100088,2025-02-06,Supplier_07,Electronics,5,204.58,1022.9,7,17,No,10,245,53,5,0,Yes
PO100089,2025-02-15,Supplier_04,Electronics,9,359.58,3236.22,4,5,Yes,1,85,44,9,0,Yes
PO100090,2025-09-25,Supplier_09,Electronics,18,398.81,7178.58,7,18,No,11,378,47,18,0,Yes
PO100091,2025-08-07,Supplier_08,Electronics,17,88.71,1508.07,10,11,No,1,103,35,17,0,Yes
PO100092,2025-02-24,Supplier_08,Electronics,9,337.89,3041.01,9,17,No,8,83,41,9,0,Yes
PO100093,2025-11-24,Supplier_09,Electronics,7,63.9,447.3,10,21,No,11,280,46,7,241,No
PO100094,2025-05-25,Supplier_10,Home & Kitchen,11,204.5,2249.5,8,11,No,3,361,27,11,345,No
PO100095,2025-10-12,Supplier_03,Electronics,3,390.02,1170.06,3,9,No,6,487,41,3,449,No
PO100096,2025-04-18,Supplier_03,Office Supplies,3,185.5,556.5,10,12,No,2,127,20,3,110,No
PO100097,2025-11-12,Supplier_11,Home & Kitchen,13,175.95,2287.35,6,6,Yes,0,401,20,13,394,No
PO100098,2025-03-07,Supplier_15,Electronics,18,195.64,3521.52,4,4,Yes,0,149,46,18,0,Yes
PO100099,2025-05-19,Supplier_09,Home & Kitchen,6,467.79,2806.74,9,12,No,3,318,26,6,298,No
PO100100,2025-10-31,Supplier_07,Electronics,12,334.6,4015.2,3,4,Yes,1,244,45,12,211,No
PO100101,2025-12-29,Supplier_10,Electronics,7,339.34,2375.38,4,11,No,7,187,55,7,0,Yes
PO100102,2025-08-02,Supplier_01,Home & Kitchen,1,402.12,402.12,4,2,Yes,0,212,33,1,180,No
PO100103,2025-02-10,Supplier_06,Electronics,11,369.85,4068.35,4,7,No,3,275,60,11,0,Yes
PO100104,2025-08-01,Supplier_06,Office Supplies,6,354.57,2127.42,4,5,Yes,1,31,18,6,19,No
PO100105,2025-07-06,Supplier_07,Electronics,10,310.32,3103.2,6,9,No,3,299,43,10,0,Yes
PO100106,2025-06-23,Supplier_12,Home & Kitchen,17,125.91,2140.47,3,4,No,1,287,34,17,270,No
PO100107,2025-11-30,Supplier_08,Electronics,15,425.45,6381.75,4,8,No,4,441,44,15,0,Yes
PO100108,2025-07-27,Supplier_13,Home & Kitchen,20,73.59,1471.8,7,7,Yes,0,124,35,20,109,No
PO100109,2025-10-28,Supplier_08,Office Supplies,19,400.31,7605.89,10,10,Yes,0,407,17,19,409,No
PO100110,2025-07-28,Supplier_01,Electronics,20,82.52,1650.4,4,9,No,5,208,43,20,0,Yes
PO100111,2025-07-02,Supplier_11,Home & Kitchen,17,240.51,4088.67,6,17,No,11,53,26,17,44,No
PO100112,2025-02-09,Supplier_12,Home & Kitchen,12,87.01,1044.12,3,4,No,1,154,32,12,134,No
PO100113,2025-07-14,Supplier_09,Electronics,8,383.86,3070.88,4,8,No,4,435,51,8,392,No
PO100114,2025-02-14,Supplier_15,Home & Kitchen,6,331.06,1986.36,5,16,No,11,421,36,6,391,No
PO100115,2025-07-25,Supplier_07,Office Supplies,15,455.16,6827.4,9,18,No,9,416,23,15,408,No
PO100116,2025-02-12,Supplier_12,Office Supplies,19,158.2,3005.8,8,16,No,8,101,29,19,91,No
PO100117,2025-08-08,Supplier_01,Home & Kitchen,6,292.86,1757.16,10,19,No,9,298,32,6,0,Yes
PO100118,2025-09-15,Supplier_01,Electronics,10,130.55,1305.5,6,7,No,1,462,54,10,0,Yes
PO100119,2025-01-28,Supplier_12,Electronics,11,227.89,2506.79,9,17,No,8,264,47,11,0,Yes
PO100120,2025-05-19,Supplier_14,Office Supplies,20,288.02,5760.4,7,5,Yes,0,282,25,20,0,Yes
PO100121,2025-08-04,Supplier_08,Home & Kitchen,4,481.37,1925.48,5,4,Yes,0,252,30,4,0,Yes
PO100122,2025-04-07,Supplier_12,Office Supplies,2,58.1,116.2,5,5,Yes,0,61,23,2,40,No
PO100123,2025-09-04,Supplier_05,Home & Kitchen,19,176.58,3355.02,8,15,No,7,489,31,19,477,No
PO100124,2025-05-23,Supplier_11,Electronics,12,76.74,920.88,6,13,No,7,249,58,12,203,No
PO100125,2025-09-27,Supplier_08,Home & Kitchen,6,179.84,1079.04,6,13,No,7,452,26,6,432,No
PO100126,2025-07-23,Supplier_05,Home & Kitchen,1,19.6,19.6,7,11,No,4,275,33,1,243,No
PO100127,2025-03-15,Supplier_02,Electronics,7,89.56,626.92,9,18,No,9,320,50,7,0,Yes
PO100128,2025-07-26,Supplier_03,Electronics,16,491.5,7864.0,10,17,No,7,190,43,16,0,Yes
PO100129,2025-06-13,Supplier_14,Home & Kitchen,18,73.87,1329.66,5,11,No,6,368,29,18,357,No
PO100130,2025-02-25,Supplier_07,Electronics,11,27.33,300.63,10,9,Yes,0,412,50,11,0,Yes
PO100131,2025-06-29,Supplier_15,Electronics,12,249.06,2988.72,7,8,No,1,48,54,12,0,Yes
PO100132,2025-11-24,Supplier_06,Electronics,8,447.54,3580.32,3,4,Yes,1,365,41,8,0,Yes
PO100133,2025-09-16,Supplier_01,Home & Kitchen,16,229.35,3669.6,4,10,No,6,149,35,16,130,No
PO100134,2025-04-05,Supplier_04,Electronics,7,447.24,3130.68,10,12,No,2,474,35,7,0,Yes
PO100135,2025-05-08,Supplier_06,Home & Kitchen,18,270.72,4872.96,3,11,No,8,323,30,18,311,No
PO100136,2025-09-24,Supplier_11,Electronics,18,173.95,3131.1,8,17,No,9,97,42,18,0,Yes
PO100137,2025-11-18,Supplier_11,Home & Kitchen,2,406.81,813.62,5,15,No,10,301,24,2,279,No
PO100138,2025-09-06,Supplier_12,Electronics,7,172.05,1204.35,6,17,No,11,42,44,7,0,Yes
PO100139,2025-07-16,Supplier_05,Home & Kitchen,12,31.82,381.84,3,11,No,8,227,24,12,215,No
PO100140,2025-06-01,Supplier_06,Office Supplies,17,206.43,3509.31,3,2,Yes,0,463,20,17,460,No
PO100141,2025-07-14,Supplier_09,Office Supplies,19,123.92,2354.48,10,12,No,2,150,26,19,143,No
PO100142,2025-12-06,Supplier_10,Home & Kitchen,5,57.71,288.55,6,8,No,2,148,33,5,120,No
PO100143,2025-01-11,Supplier_07,Office Supplies,1,117.47,117.47,8,7,Yes,0,362,29,1,334,No
PO100144,2025-06-06,Supplier_03,Electronics,8,55.57,444.56,6,16,No,10,434,52,8,0,Yes
PO100145,2025-10-26,Supplier_12,Office Supplies,11,142.72,1569.92,3,8,No,5,113,32,11,92,No
PO100146,2025-08-06,Supplier_08,Office Supplies,1,280.27,280.27,10,9,Yes,0,317,16,1,302,No
PO100147,2025-06-04,Supplier_15,Home & Kitchen,5,331.76,1658.8,10,12,No,2,483,30,5,458,No
PO100148,2025-06-29,Supplier_15,Office Supplies,18,455.09,8191.62,4,12,No,8,389,19,18,388,No
PO100149,2025-02-26,Supplier_14,Electronics,10,65.59,655.9,10,18,No,8,495,54,10,0,Yes
PO100150,2025-06-24,Supplier_15,Electronics,16,136.09,2177.44,7,7,Yes,0,463,53,16,426,No
PO100151,2025-03-14,Supplier_10,Office Supplies,7,215.41,1507.87,3,6,No,3,177,21,7,163,No
PO100152,2025-06-16,Supplier_05,Electronics,11,466.84,5135.24,7,10,No,3,161,46,11,126,No
PO100153,2025-09-14,Supplier_03,Office Supplies,5,145.61,728.05,9,8,Yes,0,218,26,5,197,No
PO100154,2025-03-16,Supplier_02,Home & Kitchen,14,248.71,3481.94,3,12,No,9,257,24,14,247,No
PO100155,2025-07-22,Supplier_15,Home & Kitchen,7,120.69,844.83,3,13,No,10,482,29,7,0,Yes
PO100156,2025-10-10,Supplier_05,Office Supplies,3,486.59,1459.77,9,9,Yes,0,94,21,3,76,No
PO100157,2025-12-06,Supplier_01,Home & Kitchen,11,332.7,3659.7,9,11,No,2,102,20,11,93,No
PO100158,2025-12-01,Supplier_01,Electronics,3,258.39,775.17,4,11,No,7,102,52,3,0,Yes
PO100159,2025-03-23,Supplier_05,Home & Kitchen,6,210.96,1265.76,3,5,No,2,96,25,6,0,Yes
PO100160,2025-09-16,Supplier_15,Electronics,1,445.97,445.97,3,4,Yes,1,51,58,1,1,No
PO100161,2025-11-22,Supplier_05,Office Supplies,5,498.0,2490.0,3,6,No,3,415,30,5,390,No
PO100162,2025-04-13,Supplier_02,Office Supplies,6,368.21,2209.26,7,12,No,5,189,18,6,177,No
PO100163,2025-04-21,Supplier_11,Electronics,3,299.42,898.26,7,9,No,2,98,45,3,0,Yes
PO100164,2025-02-18,Supplier_01,Electronics,5,475.0,2375.0,5,16,No,11,449,47,5,407,No
PO100165,2025-10-20,Supplier_08,Office Supplies,4,488.61,1954.44,8,7,Yes,0,417,29,4,392,No
PO100166,2025-11-17,Supplier_02,Electronics,12,75.0,900.0,7,8,Yes,1,75,43,12,0,Yes
PO100167,2025-02-03,Supplier_02,Electronics,14,437.68,6127.52,6,13,No,7,35,46,14,3,No
PO100168,2025-06-26,Supplier_06,Electronics,6,374.51,2247.06,4,13,No,9,490,45,6,0,Yes
PO100169,2025-09-03,Supplier_01,Office Supplies,19,397.93,7560.67,5,8,No,3,176,21,19,174,No
PO100170,2025-11-17,Supplier_13,Home & Kitchen,2,283.48,566.96,7,13,No,6,297,30,2,0,Yes
PO100171,2025-07-16,Supplier_10,Electronics,14,480.92,6732.88,5,12,No,7,112,35,14,91,No
PO100172,2025-12-04,Supplier_15,Electronics,1,326.5,326.5,3,9,No,6,55,42,1,0,Yes
PO100173,2025-04-23,Supplier_08,Electronics,17,285.1,4846.7,10,13,No,3,233,46,17,0,Yes
PO100174,2025-10-01,Supplier_09,Home & Kitchen,7,411.44,2880.08,7,8,Yes,1,228,29,7,206,No
PO100175,2025-11-21,Supplier_10,Electronics,4,41.14,164.56,7,6,Yes,0,194,47,4,151,No
PO100176,2025-08-30,Supplier_07,Home & Kitchen,11,200.22,2202.42,9,20,No,11,215,18,11,208,No
PO100177,2025-06-09,Supplier_09,Office Supplies,14,383.29,5366.06,9,9,Yes,0,391,26,14,379,No
PO100178,2025-04-10,Supplier_09,Home & Kitchen,15,37.96,569.4,3,1,Yes,0,128,33,15,110,No
PO100179,2025-12-16,Supplier_14,Electronics,20,149.71,2994.2,10,11,Yes,1,463,43,20,440,No
PO100180,2025-05-25,Supplier_05,Electronics,19,254.51,4835.69,7,18,No,11,266,38,19,0,Yes
PO100181,2025-04-11,Supplier_14,Electronics,20,390.62,7812.4,5,13,No,8,298,56,20,0,Yes
PO100182,2025-09-22,Supplier_03,Home & Kitchen,7,342.09,2394.63,8,11,No,3,109,19,7,97,No
PO100183,2025-01-15,Supplier_03,Electronics,1,402.09,402.09,3,13,No,10,402,41,1,0,Yes
PO100184,2025-05-15,Supplier_04,Electronics,12,493.09,5917.08,5,12,No,7,328,52,12,0,Yes
PO100185,2025-09-22,Supplier_15,Office Supplies,4,314.74,1258.96,7,12,No,5,260,26,4,238,No
PO100186,2025-02-23,Supplier_04,Home & Kitchen,7,331.23,2318.61,9,11,No,2,464,30,7,441,No
PO100187,2025-04-26,Supplier_12,Home & Kitchen,8,139.44,1115.52,3,2,Yes,0,220,26,8,202,No
PO100188,2025-01-31,Supplier_09,Electronics,18,432.27,7780.86,3,12,No,9,309,47,18,280,No
PO100189,2025-07-08,Supplier_10,Electronics,2,18.92,37.84,8,15,No,7,93,48,2,47,No
PO100190,2025-02-04,Supplier_02,Home & Kitchen,6,340.91,2045.46,4,12,No,8,429,47,6,388,No
PO100191,2025-03-11,Supplier_10,Electronics,20,44.49,889.8,5,9,No,4,493,47,20,0,Yes
PO100192,2025-05-10,Supplier_02,Electronics,13,297.33,3865.29,5,6,No,1,354,45,13,0,Yes
PO100193,2025-10-14,Supplier_09,Office Supplies,2,410.3,820.6,3,2,Yes,0,188,24,2,166,No
PO100194,2025-02-17,Supplier_12,Office Supplies,18,477.15,8588.7,5,6,Yes,1,163,25,18,156,No
PO100195,2025-06-17,Supplier_14,Office Supplies,10,170.18,1701.8,3,8,No,5,492,21,10,481,No
PO100196,2025-05-14,Supplier_15,Office Supplies,5,379.18,1895.9,8,19,No,11,350,21,5,334,No
PO100197,2025-07-02,Supplier_04,Home & Kitchen,20,41.54,830.8,10,12,No,2,73,27,20,66,No
PO100198,2025-04-27,Supplier_12,Electronics,6,424.51,2547.06,7,14,No,7,221,38,6,0,Yes
PO100199,2025-10-21,Supplier_09,Office Supplies,20,474.15,9483.0,9,14,No,5,407,21,20,406,No
PO100200,2025-05-08,Supplier_12,Home & Kitchen,3,445.14,1335.42,5,5,Yes,0,418,33,3,388,No
PO100201,2025-12-21,Supplier_13,Electronics,11,345.84,3804.24,3,9,No,6,421,42,11,0,Yes
PO100202,2025-12-12,Supplier_08,Office Supplies,19,268.03,5092.57,7,16,No,9,394,16,19,397,No
PO100203,2025-02-04,Supplier_03,Office Supplies,7,156.65,1096.55,4,7,No,3,73,29,7,51,No
PO100204,2025-12-09,Supplier_12,Electronics,14,144.03,2016.42,8,9,Yes,1,454,37,14,0,Yes
PO100205,2025-03-27,Supplier_10,Home & Kitchen,12,127.1,1525.2,4,3,Yes,0,434,28,12,418,No
PO100206,2025-06-09,Supplier_03,Electronics,8,151.49,1211.92,4,7,No,3,290,36,8,0,Yes
PO100207,2025-11-16,Supplier_07,Home & Kitchen,5,245.17,1225.85,5,12,No,7,233,29,5,209,No
PO100208,2025-05-17,Supplier_03,Electronics,14,380.94,5333.16,5,12,No,7,445,39,14,420,No
PO100209,2025-08-04,Supplier_12,Electronics,2,371.37,742.74,10,13,No,3,280,46,2,236,No
PO100210,2025-06-03,Supplier_06,Office Supplies,20,403.93,8078.6,4,5,No,1,482,23,20,479,No
PO100211,2025-09-09,Supplier_02,Home & Kitchen,14,342.63,4796.82,5,6,No,1,72,32,14,54,No
PO100212,2025-10-09,Supplier_05,Office Supplies,18,382.66,6887.88,4,15,No,11,140,16,18,142,No
PO100213,2025-07-18,Supplier_10,Home & Kitchen,3,303.89,911.67,3,5,No,2,235,27,3,211,No
PO100214,2025-08-20,Supplier_09,Electronics,1,155.81,155.81,5,6,No,1,130,48,1,0,Yes
PO100215,2025-04-24,Supplier_13,Office Supplies,5,355.99,1779.95,5,8,No,3,468,29,5,444,No
PO100216,2025-06-29,Supplier_06,Electronics,1,492.31,492.31,10,14,No,4,497,39,1,0,Yes
PO100217,2025-09-23,Supplier_10,Office Supplies,19,432.91,8225.29,10,11,No,1,420,26,19,413,No
PO100218,2025-02-25,Supplier_15,Electronics,18,155.94,2806.92,7,7,Yes,0,66,54,18,30,No
PO100219,2025-09-10,Supplier_05,Electronics,1,325.8,325.8,7,8,Yes,1,408,51,1,0,Yes
PO100220,2025-03-14,Supplier_01,Home & Kitchen,13,128.12,1665.56,3,12,No,9,270,31,13,252,No
PO100221,2025-09-01,Supplier_10,Electronics,16,176.48,2823.68,8,7,Yes,0,362,39,16,0,Yes
PO100222,2025-05-12,Supplier_10,Home & Kitchen,13,287.11,3732.43,6,7,Yes,1,390,23,13,0,Yes
PO100223,2025-06-09,Supplier_06,Electronics,5,497.8,2489.0,8,6,Yes,0,160,39,5,0,Yes
PO100224,2025-10-31,Supplier_09,Electronics,19,474.91,9023.29,6,16,No,10,183,48,19,0,Yes
PO100225,2025-04-23,Supplier_11,Home & Kitchen,12,20.32,243.84,5,4,Yes,0,486,32,12,466,No
PO100226,2025-11-07,Supplier_13,Home & Kitchen,17,440.63,7490.71,4,14,No,10,82,20,17,79,No
PO100227,2025-08-21,Supplier_02,Electronics,5,478.08,2390.4,9,15,No,6,64,46,5,0,Yes
PO100228,2025-02-23,Supplier_08,Electronics,19,406.37,7721.03,8,11,No,3,70,44,19,0,Yes
PO100229,2025-09-04,Supplier_05,Electronics,10,146.58,1465.8,4,6,No,2,462,39,10,0,Yes
PO100230,2025-10-15,Supplier_06,Electronics,8,306.54,2452.32,8,14,No,6,252,52,8,0,Yes
PO100231,2025-11-25,Supplier_01,Home & Kitchen,11,317.71,3494.81,9,10,No,1,182,29,11,164,No
PO100232,2025-09-23,Supplier_07,Home & Kitchen,12,298.27,3579.24,6,7,Yes,1,464,31,12,445,No
PO100233,2025-03-10,Supplier_02,Electronics,18,116.7,2100.6,7,13,No,6,142,52,18,0,Yes
PO100234,2025-11-21,Supplier_14,Electronics,7,181.91,1273.37,5,7,No,2,93,43,7,57,No
PO100235,2025-09-23,Supplier_09,Home & Kitchen,3,411.44,1234.32,4,11,No,7,208,25,3,186,No
PO100236,2025-04-04,Supplier_07,Home & Kitchen,9,152.94,1376.46,4,7,No,3,295,25,9,279,No
PO100237,2025-04-10,Supplier_04,Home & Kitchen,15,108.96,1634.4,6,7,No,1,382,24,15,373,No
PO100238,2025-04-16,Supplier_15,Home & Kitchen,10,113.24,1132.4,9,18,No,9,306,20,10,296,No
PO100239,2025-06-13,Supplier_08,Electronics,13,363.51,4725.63,7,17,No,10,440,47,13,0,Yes
PO100240,2025-01-10,Supplier_15,Electronics,11,482.15,5303.65,4,5,No,1,304,45,11,270,No
PO100241,2025-05-03,Supplier_10,Electronics,14,115.04,1610.56,5,6,Yes,1,133,43,14,0,Yes
PO100242,2025-05-12,Supplier_15,Home & Kitchen,16,232.96,3727.36,6,6,Yes,0,347,32,16,331,No
PO100243,2025-12-09,Supplier_14,Electronics,19,157.28,2988.32,8,9,Yes,1,257,53,19,0,Yes
PO100244,2025-07-23,Supplier_12,Home & Kitchen,16,138.63,2218.08,6,14,No,8,450,33,16,433,No
PO100245,2025-04-21,Supplier_06,Office Supplies,15,18.37,275.55,4,9,No,5,282,25,15,272,No
PO100246,2025-03-26,Supplier_12,Electronics,18,446.6,8038.8,9,8,Yes,0,233,47,18,0,Yes
PO100247,2025-04-10,Supplier_05,Electronics,11,161.0,1771.0,9,10,Yes,1,194,37,11,168,No
PO100248,2025-06-24,Supplier_13,Home & Kitchen,4,359.54,1438.16,7,9,No,2,112,21,4,95,No
PO100249,2025-05-19,Supplier_05,Home & Kitchen,2,458.63,917.26,5,5,Yes,0,68,35,2,35,No
PO100250,2025-02-18,Supplier_02,Office Supplies,8,233.03,1864.24,8,9,No,1,178,22,8,164,No
PO100251,2025-04-13,Supplier_02,Electronics,10,51.79,517.9,8,10,No,2,96,43,10,0,Yes
PO100252,2025-12-25,Supplier_07,Home & Kitchen,19,475.95,9043.05,3,10,No,7,205,25,19,199,No
PO100253,2025-08-24,Supplier_10,Electronics,20,456.2,9124.0,7,13,No,6,314,58,20,0,Yes
PO100254,2025-05-01,Supplier_05,Electronics,12,68.73,824.76,5,11,No,6,437,47,12,0,Yes
PO100255,2025-12-01,Supplier_13,Home & Kitchen,17,194.62,3308.54,10,14,No,4,36,24,17,29,No
PO100256,2025-03-31,Supplier_04,Home & Kitchen,17,413.89,7036.13,10,17,No,7,357,24,17,350,No
PO100257,2025-10-02,Supplier_08,Office Supplies,9,91.2,820.8,9,10,Yes,1,188,14,9,183,No
PO100258,2025-08-19,Supplier_06,Electronics,16,256.22,4099.52,5,5,Yes,0,455,43,16,0,Yes
PO100259,2025-11-17,Supplier_09,Electronics,13,293.92,3820.96,9,7,Yes,0,326,45,13,294,No
PO100260,2025-06-01,Supplier_03,Electronics,5,168.53,842.65,7,10,No,3,479,48,5,0,Yes
PO100261,2025-02-24,Supplier_15,Home & Kitchen,17,420.36,7146.12,5,12,No,7,420,28,17,409,No
PO100262,2025-06-05,Supplier_14,Home & Kitchen,20,291.94,5838.8,8,6,Yes,0,328,30,20,318,No
PO100263,2025-05-27,Supplier_11,Electronics,17,427.61,7269.37,4,2,Yes,0,278,53,17,242,No
PO100264,2025-11-13,Supplier_08,Office Supplies,8,356.02,2848.16,9,15,No,6,283,23,8,268,No
PO100265,2025-03-23,Supplier_12,Office Supplies,4,218.19,872.76,10,17,No,7,353,21,4,336,No
PO100266,2025-12-22,Supplier_08,Office Supplies,13,91.86,1194.18,9,7,Yes,0,210,25,13,198,No
PO100267,2025-10-17,Supplier_14,Home & Kitchen,4,331.56,1326.24,5,6,No,1,260,30,4,234,No
PO100268,2025-08-20,Supplier_01,Electronics,12,189.13,2269.56,7,16,No,9,319,50,12,0,Yes
PO100269,2025-04-17,Supplier_04,Home & Kitchen,13,247.72,3220.36,9,10,Yes,1,435,19,13,429,No
PO100270,2025-04-26,Supplier_07,Office Supplies,20,76.66,1533.2,9,7,Yes,0,322,23,20,319,No
PO100271,2025-03-18,Supplier_10,Office Supplies,19,393.69,7480.11,7,8,Yes,1,118,18,19,119,No
PO100272,2025-03-09,Supplier_11,Electronics,5,415.52,2077.6,8,6,Yes,0,482,43,5,0,Yes
PO100273,2025-06-27,Supplier_11,Office Supplies,2,488.44,976.88,8,6,Yes,0,273,29,2,246,No
PO100274,2025-07-29,Supplier_15,Home & Kitchen,12,309.8,3717.6,8,8,Yes,0,32,24,12,20,No
PO100275,2025-10-22,Supplier_13,Electronics,11,122.31,1345.41,8,6,Yes,0,179,54,11,0,Yes
PO100276,2025-09-09,Supplier_14,Electronics,19,455.51,8654.69,9,14,No,5,301,33,19,0,Yes
PO100277,2025-01-27,Supplier_06,Office Supplies,19,21.39,406.41,5,10,No,5,475,19,19,475,No
PO100278,2025-12-28,Supplier_11,Home & Kitchen,2,216.38,432.76,8,6,Yes,0,88,24,2,66,No
PO100279,2025-04-30,Supplier_11,Home & Kitchen,10,202.07,2020.7,10,8,Yes,0,176,23,10,163,No
PO100280,2025-03-25,Supplier_10,Home & Kitchen,20,285.23,5704.6,5,6,No,1,135,22,20,133,No
PO100281,2025-05-05,Supplier_10,Electronics,4,181.99,727.96,6,9,No,3,200,49,4,0,Yes
PO100282,2025-01-22,Supplier_08,Home & Kitchen,3,235.15,705.45,9,10,No,1,249,25,3,227,No
PO100283,2025-03-01,Supplier_07,Electronics,9,,3077.46,6,9,No,3,132,42,9,0,Yes
PO100284,2025-02-18,Supplier_03,Electronics,1,276.55,276.55,6,14,No,8,55,42,1,14,No
PO100285,2025-04-09,Supplier_02,Home & Kitchen,2,21.61,43.22,10,13,No,3,172,24,2,150,No
PO100286,2025-10-01,Supplier_01,Home & Kitchen,14,91.6,1282.4,6,13,No,7,30,31,14,13,No
PO100287,2025-05-18,Supplier_06,Electronics,17,27.94,474.98,10,17,No,7,280,45,17,252,No
PO100288,2025-09-19,Supplier_06,Electronics,6,479.68,2878.08,8,17,No,9,56,44,6,0,Yes
PO100289,2025-12-11,Supplier_15,Office Supplies,10,158.36,1583.6,6,7,Yes,1,280,14,10,276,No
PO100290,2025-12-14,Supplier_04,Home & Kitchen,13,436.41,5673.33,4,11,No,7,253,20,13,246,No
PO100291,2025-10-24,Supplier_04,Electronics,14,277.04,3878.56,5,16,No,11,85,27,14,0,Yes
PO100292,2025-10-01,Supplier_01,Office Supplies,18,286.98,5165.64,9,16,No,7,42,31,18,29,No
PO100293,2025-07-26,Supplier_02,Electronics,5,107.93,539.65,7,7,Yes,0,98,47,5,0,Yes
PO100294,2025-01-17,Supplier_10,Office Supplies,7,56.53,395.71,4,12,No,8,94,34,7,67,No
PO100295,2025-11-27,Supplier_06,Office Supplies,15,262.93,3943.95,4,5,No,1,74,29,15,60,No
PO100296,2025-05-24,Supplier_10,Electronics,15,125.82,1887.3,8,14,No,6,283,39,15,0,Yes
PO100297,2025-07-16,Supplier_02,Home & Kitchen,8,486.5,3892.0,10,14,No,4,452,19,8,441,No
PO100298,2025-06-11,Supplier_12,Office Supplies,9,378.64,3407.76,8,13,No,5,127,16,9,120,No
PO100299,2025-06-18,Supplier_05,Office Supplies,14,63.78,892.92,10,21,No,11,261,28,14,247,No
PO100300,2025-11-01,Supplier_01,Home & Kitchen,3,176.53,529.59,5,11,No,6,245,27,3,221,No
PO100301,2025-11-08,Supplier_14,Home & Kitchen,8,357.28,2858.24,8,18,No,10,252,14,8,246,No
PO100302,2025-02-22,Supplier_06,Office Supplies,20,348.19,6963.8,3,14,No,11,186,22,20,184,No
PO100303,2025-11-26,Supplier_05,Electronics,18,313.85,5649.3,6,4,Yes,0,81,39,18,0,Yes
PO100304,2025-10-01,Supplier_01,Home & Kitchen,12,474.9,5698.8,7,12,No,5,147,31,12,128,No
PO100305,2025-07-22,Supplier_09,Home & Kitchen,15,42.48,637.2,9,19,No,10,117,31,15,101,No
PO100306,2025-02-12,Supplier_05,Electronics,4,442.15,1768.6,5,6,No,1,152,49,4,0,Yes
PO100307,2025-03-09,Supplier_04,Home & Kitchen,2,299.2,598.4,6,9,No,3,83,31,2,54,No
PO100308,2025-11-14,Supplier_11,Home & Kitchen,19,410.82,7805.58,5,3,Yes,0,369,34,19,354,No
PO100309,2025-07-28,Supplier_11,Electronics,16,53.88,862.08,9,10,Yes,1,107,49,16,0,Yes
PO100310,2025-04-21,Supplier_03,Electronics,5,70.9,354.5,10,12,No,2,44,37,5,12,No
PO100311,2025-01-25,Supplier_02,Electronics,6,408.04,2448.24,9,15,No,6,124,36,6,0,Yes
PO100312,2025-01-07,Supplier_04,Home & Kitchen,10,358.64,3586.4,4,8,No,4,79,31,10,58,No
PO100313,2025-12-30,Supplier_12,Office Supplies,5,157.55,787.75,4,8,No,4,438,19,5,424,No
PO100314,2025-12-11,Supplier_04,Electronics,9,213.71,1923.39,8,8,Yes,0,286,67,9,0,Yes
PO100315,2025-05-29,Supplier_07,Office Supplies,12,389.67,4676.04,4,6,No,2,372,22,12,362,No
PO100316,2025-08-16,Supplier_02,Electronics,18,378.02,6804.36,9,18,No,9,466,45,18,0,Yes
PO100317,2025-08-25,Supplier_03,Electronics,9,371.44,3342.96,9,12,No,3,262,51,9,0,Yes
PO100318,2025-01-18,Supplier_10,Electronics,5,480.79,2403.95,6,7,Yes,1,481,50,5,0,Yes
PO100319,2025-04-13,Supplier_12,Home & Kitchen,8,436.08,3488.64,3,2,Yes,0,352,36,8,0,Yes
PO100320,2025-06-16,Supplier_13,Office Supplies,20,304.14,6082.8,6,14,No,8,194,18,20,196,No
PO100321,2025-07-01,Supplier_09,Home & Kitchen,1,414.04,414.04,4,5,No,1,440,41,1,0,Yes
PO100322,2025-03-19,Supplier_05,Electronics,5,381.26,1906.3,7,10,No,3,230,34,5,201,No
PO100323,2025-12-12,Supplier_07,Electronics,17,296.04,5032.68,6,13,No,7,298,63,17,0,Yes
PO100324,2025-12-15,Supplier_03,Home & Kitchen,18,101.36,1824.48,5,15,No,10,297,30,18,285,No
PO100325,2025-11-09,Supplier_04,Home & Kitchen,3,325.9,977.7,6,13,No,7,275,30,3,248,No
PO100326,2025-10-15,Supplier_08,Home & Kitchen,12,315.54,3786.48,6,5,Yes,0,404,35,12,0,Yes
PO100327,2025-08-15,Supplier_12,Electronics,2,103.38,206.76,3,14,No,11,172,47,2,0,Yes
PO100328,2025-01-13,Supplier_04,Home & Kitchen,2,397.74,795.48,6,14,No,8,360,25,2,337,No
PO100329,2025-12-20,Supplier_06,Electronics,10,397.58,3975.8,9,10,Yes,1,472,45,10,0,Yes
PO100330,2025-04-02,Supplier_01,Electronics,14,416.67,5833.38,6,14,No,8,447,48,14,0,Yes
PO100331,2025-06-21,Supplier_01,Electronics,2,302.22,604.44,4,8,No,4,109,58,2,0,Yes
PO100332,2025-06-11,Supplier_09,Home & Kitchen,15,477.44,7161.6,6,5,Yes,0,428,25,15,418,No
PO100333,2025-09-04,Supplier_15,Home & Kitchen,14,104.81,1467.34,7,11,No,4,58,27,14,45,No
PO100334,2025-12-22,Supplier_09,Electronics,17,461.4,7843.8,8,9,No,1,244,48,17,213,No
PO100335,2025-07-22,Supplier_01,Home & Kitchen,9,117.32,1055.88,5,11,No,6,263,29,9,243,No
PO100336,2025-02-05,Supplier_09,Electronics,7,191.57,1340.99,10,18,No,8,485,41,7,0,Yes
PO100337,2025-07-22,Supplier_02,Home & Kitchen,6,57.55,345.3,8,16,No,8,473,25,6,454,No
PO100338,2025-10-01,Supplier_11,Office Supplies,1,164.39,164.39,8,9,Yes,1,51,21,1,31,No
PO100339,2025-04-05,Supplier_07,Home & Kitchen,3,36.29,108.87,6,10,No,4,442,31,3,0,Yes
PO100340,2025-08-07,Supplier_06,Home & Kitchen,17,279.12,4745.04,6,4,Yes,0,463,23,17,457,No
PO100341,2025-01-06,Supplier_04,Electronics,18,232.85,4191.3,7,12,No,5,318,42,18,294,No
PO100342,2025-12-21,Supplier_03,Electronics,8,302.12,2416.96,8,9,No,1,490,34,8,464,No
PO100343,2025-03-18,Supplier_06,Office Supplies,17,386.86,6576.62,10,8,Yes,0,196,23,17,190,No
PO100344,2025-11-18,Supplier_07,Electronics,7,97.77,684.39,10,19,No,9,294,46,7,255,No
PO100345,2025-06-02,Supplier_09,Home & Kitchen,3,456.24,1368.72,8,11,No,3,487,30,3,460,No
PO100346,2025-04-13,Supplier_11,Electronics,8,137.85,1102.8,8,17,No,9,100,54,8,54,No
PO100347,2025-02-27,Supplier_15,Electronics,19,283.82,5392.58,7,7,Yes,0,417,46,19,390,No
PO100348,2025-11-06,Supplier_01,Office Supplies,16,480.59,7689.44,9,12,No,3,398,25,16,0,Yes
PO100349,2025-10-14,Supplier_15,Home & Kitchen,17,148.02,2516.34,6,4,Yes,0,387,36,17,368,No
PO100350,2025-08-28,Supplier_09,Electronics,19,429.0,8151.0,4,4,Yes,0,481,48,19,452,No
PO100351,2025-11-23,Supplier_02,Office Supplies,4,484.15,1936.6,9,15,No,6,434,25,4,413,No
PO100352,2025-11-01,Supplier_14,Office Supplies,6,393.71,2362.26,3,4,Yes,1,404,15,6,395,No
PO100353,2025-06-01,Supplier_13,Home & Kitchen,17,465.52,7913.84,9,13,No,4,245,30,17,232,No
PO100354,2025-04-03,Supplier_05,Electronics,8,490.93,3927.44,3,13,No,10,205,55,8,0,Yes
PO100355,2025-10-14,Supplier_03,Electronics,14,115.65,1619.1,7,15,No,8,400,43,14,0,Yes
PO100356,2025-02-12,Supplier_05,Electronics,18,417.66,7517.88,7,17,No,10,429,48,18,0,Yes
PO100357,2025-11-02,Supplier_13,Home & Kitchen,7,44.26,309.82,9,20,No,11,96,35,7,68,No
PO100358,2025-10-10,Supplier_14,Electronics,8,134.19,1073.52,9,16,No,7,175,50,8,0,Yes
PO100359,2025-07-22,Supplier_05,,9,57.35,516.15,7,6,Yes,0,423,26,9,406,No
PO100360,2025-07-11,Supplier_08,Office Supplies,14,401.93,5627.02,6,8,No,2,345,27,14,0,Yes
PO100361,2025-12-03,Supplier_11,Home & Kitchen,15,129.75,1946.25,4,5,Yes,1,146,18,15,143,No
PO100362,2025-03-01,Supplier_03,Electronics,10,201.23,2012.3,4,12,No,8,39,55,10,1,No
PO100363,2025-11-20,Supplier_11,Electronics,1,18.07,18.07,7,8,Yes,1,334,59,1,0,Yes
PO100364,2025-06-20,Supplier_04,Electronics,6,326.46,1958.76,8,16,No,8,232,44,6,194,No
PO100365,2025-02-03,Supplier_13,Home & Kitchen,6,304.4,1826.4,7,12,No,5,193,21,6,178,No
PO100366,2025-11-28,Supplier_03,Electronics,20,355.46,7109.2,7,13,No,6,42,49,20,13,No
PO100367,2025-07-27,Supplier_15,Electronics,11,364.69,4011.59,10,11,Yes,1,391,48,11,354,No
PO100368,2025-05-26,Supplier_11,Electronics,1,46.29,46.29,5,12,No,7,111,34,1,78,No
PO100369,2025-12-06,Supplier_05,Home & Kitchen,3,272.85,818.55,5,9,No,4,255,32,3,0,Yes
PO100370,2025-11-24,Supplier_13,Home & Kitchen,4,396.49,1585.96,9,17,No,8,200,22,4,0,Yes
PO100371,2025-09-29,Supplier_10,Home & Kitchen,17,395.27,6719.59,10,8,Yes,0,338,36,17,319,No
PO100372,2025-03-22,Supplier_08,Electronics,2,358.43,716.86,9,8,Yes,0,86,51,2,37,No
PO100373,2025-03-15,Supplier_12,Home & Kitchen,4,,1919.68,9,15,No,6,239,22,4,221,No
PO100374,2025-10-22,Supplier_11,Office Supplies,9,328.15,2953.35,10,13,No,3,78,22,9,65,No
PO100375,2025-08-21,Supplier_02,Office Supplies,2,406.45,812.9,7,17,No,10,300,28,2,274,No
PO100376,2025-06-13,Supplier_04,Office Supplies,7,234.93,1644.51,10,11,Yes,1,118,18,7,0,Yes
PO100377,2025-05-25,Supplier_10,Office Supplies,18,268.75,4837.5,5,6,No,1,98,27,18,89,No
PO100378,2025-03-24,Supplier_07,Home & Kitchen,14,30.96,433.44,6,12,No,6,384,32,14,366,No
PO100379,2025-04-07,Supplier_05,Electronics,3,242.51,727.53,4,2,Yes,0,190,49,3,144,No
PO100380,2025-10-03,Supplier_09,Office Supplies,15,71.83,1077.45,5,11,No,6,436,32,15,419,No
PO100381,2025-10-02,Supplier_03,Electronics,16,257.97,4127.52,9,18,No,9,84,43,16,57,No
PO100382,2025-09-07,Supplier_15,Electronics,9,121.07,1089.63,6,9,No,3,47,48,9,8,No
PO100383,2025-03-02,Supplier_09,Office Supplies,12,19.08,228.96,5,3,Yes,0,430,19,12,423,No
PO100384,2025-12-13,Supplier_01,Office Supplies,9,274.0,2466.0,10,14,No,4,455,23,9,441,No
PO100385,2025-09-20,Supplier_07,Electronics,10,302.39,3023.9,10,10,Yes,0,375,53,10,332,No
PO100386,2025-07-30,Supplier_12,Office Supplies,11,499.88,5498.68,8,7,Yes,0,490,22,11,479,No
PO100387,2025-06-04,Supplier_09,Electronics,10,482.07,4820.7,6,14,No,8,200,52,10,158,No
PO100388,2025-12-27,Supplier_08,Electronics,17,299.51,5091.67,6,8,No,2,397,40,17,0,Yes
PO100389,2025-06-30,Supplier_10,Electronics,17,331.63,5637.71,7,6,Yes,0,74,48,17,0,Yes
PO100390,2025-04-01,Supplier_01,Home & Kitchen,13,413.4,5374.2,5,11,No,6,113,28,13,98,No
PO100391,2025-03-25,Supplier_08,Electronics,18,338.29,6089.22,7,14,No,7,215,52,18,181,No
PO100392,2025-01-27,Supplier_07,Home & Kitchen,1,16.81,16.81,8,6,Yes,0,453,39,1,415,No
PO100393,2025-06-07,Supplier_14,Home & Kitchen,12,249.01,2988.12,9,9,Yes,0,55,24,12,43,No
PO100394,2025-01-26,Supplier_09,Electronics,17,351.56,5976.52,3,3,Yes,0,252,42,17,0,Yes
PO100395,2025-12-28,Supplier_03,Home & Kitchen,17,250.16,4252.72,8,15,No,7,376,25,17,0,Yes
PO100396,2025-09-30,Supplier_13,Home & Kitchen,18,298.05,5364.9,5,6,Yes,1,37,26,18,29,No
PO100397,2025-08-26,Supplier_05,Electronics,19,493.8,9382.2,8,11,No,3,76,37,19,58,No
PO100398,2025-09-09,Supplier_15,Electronics,1,182.6,182.6,7,5,Yes,0,358,47,1,0,Yes
PO100399,2025-11-19,Supplier_06,Office Supplies,17,68.58,1165.86,4,5,No,1,446,25,17,438,No
PO100400,2025-11-21,Supplier_13,Home & Kitchen,19,183.92,3494.48,10,8,Yes,0,453,23,19,449,No
PO100401,2025-11-13,Supplier_12,Office Supplies,12,74.88,898.56,5,6,Yes,1,52,18,12,46,No
PO100402,2025-04-01,Supplier_11,Electronics,11,90.14,991.54,4,5,No,1,285,51,11,245,No
PO100403,2025-09-19,Supplier_10,Office Supplies,2,387.59,775.18,3,2,Yes,0,495,26,2,471,No
PO100404,2025-06-28,Supplier_01,Office Supplies,2,354.09,708.18,10,18,No,8,175,8,2,169,No
PO100405,2025-02-13,Supplier_04,Office Supplies,5,181.99,909.95,10,17,No,7,165,30,5,140,No
PO100406,2025-04-12,Supplier_14,Home & Kitchen,12,369.62,4435.44,9,7,Yes,0,174,29,12,157,No
PO100407,2025-09-28,Supplier_12,Office Supplies,8,495.56,3964.48,9,11,No,2,385,14,8,379,No
PO100408,2025-05-28,Supplier_07,Home & Kitchen,4,480.66,1922.64,5,6,Yes,1,214,27,4,0,Yes
PO100409,2025-06-15,Supplier_12,Office Supplies,2,285.15,570.3,8,7,Yes,0,215,27,2,190,No
PO100410,2025-02-18,Supplier_10,Electronics,16,233.94,3743.04,10,15,No,5,386,49,16,353,No
PO100411,2025-10-18,Supplier_12,Office Supplies,11,293.8,3231.8,7,13,No,6,353,27,11,337,No
PO100412,2025-07-12,Supplier_08,Electronics,16,279.89,4478.24,10,9,Yes,0,476,59,16,433,No
PO100413,2025-07-15,Supplier_02,Electronics,5,145.39,726.95,10,20,No,10,154,47,5,0,Yes
PO100414,2025-11-28,Supplier_07,Home & Kitchen,19,390.51,7419.69,10,10,Yes,0,328,28,19,319,No
PO100415,2025-02-08,Supplier_04,Electronics,9,401.6,3614.4,3,13,No,10,202,48,9,0,Yes
PO100416,2025-06-04,Supplier_13,Electronics,2,299.47,598.94,9,8,Yes,0,134,42,2,0,Yes
PO100417,2025-06-14,Supplier_14,Home & Kitchen,4,291.36,1165.44,6,6,Yes,0,50,23,4,31,No
PO100418,2025-10-10,Supplier_04,Home & Kitchen,2,430.96,861.92,5,14,No,9,295,21,2,276,No
PO100419,2025-02-19,Supplier_14,Office Supplies,10,74.67,746.7,10,10,Yes,0,165,20,10,155,No
PO100420,2025-01-04,Supplier_05,Office Supplies,2,93.46,186.92,3,10,No,7,349,23,2,328,No
PO100421,2025-10-12,Supplier_04,Electronics,7,243.25,1702.75,8,8,Yes,0,356,41,7,322,No
PO100422,2025-08-09,Supplier_05,Home & Kitchen,16,339.38,5430.08,10,8,Yes,0,135,26,16,125,No
PO100423,2025-06-18,Supplier_09,Electronics,11,468.26,5150.86,4,4,Yes,0,466,39,11,438,No
PO100424,2025-04-07,Supplier_04,Home & Kitchen,7,349.08,2443.56,10,16,No,6,494,37,7,464,No
PO100425,2025-11-29,Supplier_04,Electronics,4,208.3,833.2,5,4,Yes,0,37,42,4,1,No
PO100426,2025-12-01,Supplier_11,Electronics,1,67.75,67.75,3,8,No,5,98,52,1,0,Yes
PO100427,2025-02-24,Supplier_07,Office Supplies,20,127.48,2549.6,8,9,Yes,1,153,25,20,148,No
PO100428,2025-04-07,Supplier_11,Home & Kitchen,9,169.53,1525.77,6,13,No,7,86,22,9,73,No
PO100429,2025-05-22,Supplier_01,Electronics,9,484.45,4360.05,6,9,No,3,339,43,9,0,Yes
PO100430,2025-08-23,Supplier_02,Home & Kitchen,9,463.78,4174.02,9,20,No,11,422,22,9,409,No
PO100431,2025-03-01,Supplier_05,Electronics,2,341.19,682.38,10,15,No,5,38,41,2,1,No
PO100432,2025-05-06,Supplier_06,Home & Kitchen,15,441.83,6627.45,4,2,Yes,0,172,30,15,157,No
PO100433,2025-01-31,Supplier_05,Office Supplies,9,476.88,4291.92,4,4,Yes,0,65,22,9,52,No
PO100434,2025-01-10,Supplier_06,Electronics,11,400.92,4410.12,6,5,Yes,0,95,49,11,0,Yes
PO100435,2025-03-15,Supplier_14,Electronics,3,283.69,851.07,4,11,No,7,260,45,3,0,Yes
PO100436,2025-02-04,Supplier_07,Electronics,7,449.89,3149.23,8,16,No,8,352,43,7,316,No
PO100437,2025-01-11,Supplier_09,Home & Kitchen,12,273.93,3287.16,9,17,No,8,142,31,12,123,No
PO100438,2025-04-29,Supplier_12,Electronics,3,28.86,86.58,4,7,No,3,205,42,3,166,No
PO100439,2025-03-19,Supplier_03,Home & Kitchen,4,256.36,1025.44,3,1,Yes,0,187,26,4,0,Yes
PO100440,2025-06-02,Supplier_03,Office Supplies,7,393.51,2754.57,9,20,No,11,299,31,7,275,No
PO100441,2025-07-28,Supplier_07,Electronics,18,298.11,5365.98,6,12,No,6,479,47,18,0,Yes
PO100442,2025-12-26,Supplier_10,Electronics,7,360.93,2526.51,5,4,Yes,0,441,42,7,0,Yes
PO100443,2025-06-11,Supplier_08,Electronics,1,445.93,445.93,4,11,No,7,377,53,1,0,Yes
PO100444,2025-11-25,Supplier_02,Home & Kitchen,6,53.74,322.44,6,10,No,4,85,23,6,68,No
PO100445,2025-01-10,Supplier_10,Home & Kitchen,11,47.23,519.53,10,16,No,6,469,28,11,452,No
PO100446,2025-02-28,Supplier_14,Home & Kitchen,19,291.03,5529.57,9,9,Yes,0,74,25,19,0,Yes
PO100447,2025-03-04,Supplier_08,Home & Kitchen,7,217.95,1525.65,4,3,Yes,0,408,28,7,387,No
PO100448,2025-10-12,,Office Supplies,15,200.66,3009.9,3,1,Yes,0,459,26,15,448,No
PO100449,2025-01-13,Supplier_07,Office Supplies,6,139.3,835.8,7,17,No,10,144,18,6,132,No
PO100450,2025-05-21,Supplier_07,Electronics,4,442.16,1768.64,6,7,No,1,488,47,4,0,Yes
PO100451,2025-09-14,Supplier_05,Home & Kitchen,19,479.81,9116.39,5,11,No,6,103,31,19,91,No
PO100452,2025-03-29,Supplier_08,Home & Kitchen,17,227.82,3872.94,8,15,No,7,251,34,17,234,No
PO100453,2025-04-11,Supplier_09,Home & Kitchen,4,253.31,1013.24,5,3,Yes,0,187,24,4,0,Yes
PO100454,2025-06-19,Supplier_02,Electronics,15,197.74,2966.1,4,9,No,5,101,48,15,0,Yes
PO100455,2025-10-31,Supplier_15,Electronics,18,74.84,1347.12,7,16,No,9,322,47,18,0,Yes
PO100456,2025-04-17,Supplier_03,Office Supplies,19,304.31,5781.89,4,5,No,1,374,23,19,370,No
PO100457,2025-05-22,Supplier_09,Electronics,10,216.03,2160.3,3,2,Yes,0,392,40,10,0,Yes
PO100458,2025-11-26,Supplier_05,Home & Kitchen,19,439.08,8342.52,8,6,Yes,0,33,28,19,24,No
PO100459,2025-09-04,Supplier_14,Office Supplies,15,55.95,839.25,7,9,No,2,476,27,15,464,No
PO100460,2025-05-06,Supplier_10,Home & Kitchen,11,333.89,3672.79,10,18,No,8,93,31,11,73,No
PO100461,2025-09-06,Supplier_01,Electronics,5,46.02,230.1,3,8,No,5,117,50,5,0,Yes
PO100462,2025-05-06,Supplier_01,Office Supplies,5,310.72,1553.6,4,14,No,10,251,25,5,231,No
PO100463,2025-10-18,Supplier_04,Home & Kitchen,15,336.5,5047.5,4,5,Yes,1,88,25,15,78,No
PO100464,2025-02-02,Supplier_13,Office Supplies,10,147.26,1472.6,6,12,No,6,162,20,10,152,No
PO100465,2025-07-28,Supplier_13,Electronics,13,90.21,1172.73,10,17,No,7,88,38,13,63,No
PO100466,2025-09-14,Supplier_09,Office Supplies,19,166.35,3160.65,9,7,Yes,0,278,29,19,268,No
PO100467,2025-05-08,Supplier_09,Home & Kitchen,6,188.1,1128.6,9,8,Yes,0,355,31,6,330,No
PO100468,2025-06-15,Supplier_10,Electronics,15,428.75,6431.25,7,10,No,3,179,40,15,0,Yes
PO100469,2025-01-27,Supplier_08,Electronics,20,127.33,2546.6,8,14,No,6,201,42,20,179,No
PO100470,2025-03-07,Supplier_08,Electronics,2,253.82,507.64,10,9,Yes,0,367,49,2,320,No
PO100471,2025-01-18,Supplier_06,Electronics,15,477.94,7169.1,5,16,No,11,302,46,15,0,Yes
PO100472,2025-11-12,Supplier_08,Electronics,17,332.64,5654.88,10,14,No,4,101,44,17,74,No
PO100473,2025-07-05,Supplier_05,Electronics,17,393.99,6697.83,6,4,Yes,0,312,47,17,0,Yes
PO100474,2025-02-27,Supplier_12,Office Supplies,5,17.72,88.6,9,13,No,4,380,15,5,370,No
PO100475,2025-11-07,Supplier_11,Home & Kitchen,1,215.58,215.58,5,12,No,7,90,17,1,74,No
PO100476,2025-05-11,Supplier_11,Home & Kitchen,3,38.89,116.67,9,20,No,11,126,22,3,107,No
PO100477,2025-03-31,Supplier_06,Home & Kitchen,14,350.05,4900.7,9,16,No,7,346,23,14,337,No
PO100478,2025-11-04,Supplier_06,Office Supplies,2,487.8,975.6,4,13,No,9,206,19,2,189,No
PO100479,2025-11-03,Supplier_07,Electronics,12,40.7,488.4,7,13,No,6,258,38,12,0,Yes
PO100480,2025-12-14,Supplier_10,Electronics,14,336.93,4717.02,3,4,Yes,1,496,39,14,0,Yes
PO100481,2025-05-09,Supplier_12,Electronics,8,313.49,2507.92,3,11,No,8,161,48,8,121,No
PO100482,2025-09-29,Supplier_01,Electronics,12,100.32,1203.84,4,2,Yes,0,491,42,12,461,No
PO100483,2025-12-21,Supplier_15,Electronics,3,462.92,1388.76,3,7,No,4,276,33,3,0,Yes
PO100484,2025-08-04,Supplier_13,Home & Kitchen,5,467.08,2335.4,9,15,No,6,101,29,5,77,No
PO100485,2025-11-07,Supplier_15,Home & Kitchen,5,105.85,529.25,8,7,Yes,0,270,30,5,245,No
PO100486,2025-11-23,Supplier_05,Home & Kitchen,16,217.44,3479.04,10,12,No,2,125,32,16,109,No
PO100487,2025-02-04,Supplier_08,Home & Kitchen,19,304.43,5784.17,4,10,No,6,395,26,19,388,No
PO100488,2025-11-02,Supplier_09,Electronics,1,450.09,450.09,6,17,No,11,71,55,1,17,No
PO100489,2025-08-30,Supplier_03,Home & Kitchen,4,307.22,1228.88,6,8,No,2,355,24,4,335,No
PO100490,2025-08-20,Supplier_06,Office Supplies,1,39.83,39.83,10,12,No,2,89,21,1,69,No
PO100491,2025-11-27,Supplier_01,Home & Kitchen,2,17.89,35.78,10,15,No,5,409,32,2,379,No
PO100492,2025-12-24,Supplier_02,Office Supplies,8,470.66,3765.28,9,18,No,9,284,23,8,269,No
PO100493,2025-04-25,Supplier_08,Home & Kitchen,3,494.18,1482.54,8,7,Yes,0,207,14,3,196,No
PO100494,2025-05-19,Supplier_05,Electronics,13,400.71,5209.23,3,1,Yes,0,277,51,13,239,No
PO100495,2025-07-08,Supplier_02,Office Supplies,8,305.94,2447.52,6,15,No,9,252,21,8,239,No
PO100496,2025-01-16,Supplier_13,Electronics,2,185.01,370.02,9,8,Yes,0,305,34,2,273,No
PO100497,2025-10-23,Supplier_02,Electronics,2,22.72,45.44,4,9,No,5,438,50,2,0,Yes
PO100498,2025-01-27,Supplier_04,Home & Kitchen,14,212.38,2973.32,5,10,No,5,174,39,14,149,No
PO100499,2025-07-23,Supplier_04,Electronics,1,334.86,334.86,9,8,Yes,0,142,53,1,90,No
PO100500,2025-12-14,Supplier_08,Electronics,18,152.19,2739.42,6,4,Yes,0,144,56,18,106,No
PO100501,2025-10-13,Supplier_15,Home & Kitchen,2,295.25,590.5,3,6,No,3,30,20,2,12,No
PO100502,2025-06-11,Supplier_01,Electronics,19,22.14,420.66,8,11,No,3,125,41,19,103,No
PO100503,2025-02-20,Supplier_03,Office Supplies,11,38.19,420.09,5,8,No,3,198,31,11,178,No
PO100504,2025-04-15,Supplier_05,Electronics,16,44.38,710.08,9,19,No,10,423,54,16,385,No
PO100505,2025-12-04,Supplier_02,Home & Kitchen,18,335.31,6035.58,6,7,Yes,1,420,26,18,412,No
PO100506,2025-04-14,Supplier_01,Home & Kitchen,8,274.24,2193.92,5,8,No,3,392,32,8,368,No
PO100507,2025-02-15,Supplier_14,Electronics,20,92.33,1846.6,8,10,No,2,192,36,20,0,Yes
PO100508,2025-08-13,Supplier_04,Office Supplies,7,423.89,2967.23,9,10,No,1,128,26,7,109,No
PO100509,2025-04-24,Supplier_10,Office Supplies,3,358.34,1075.02,3,9,No,6,466,22,3,447,No
PO100510,2025-02-11,Supplier_14,Home & Kitchen,3,110.9,332.7,5,4,Yes,0,422,36,3,389,No
PO100511,2025-09-09,Supplier_12,Home & Kitchen,11,141.69,1558.59,3,10,No,7,188,30,11,169,No
PO100512,2025-08-31,Supplier_01,Office Supplies,7,417.14,2919.98,9,11,No,2,473,32,7,448,No
PO100513,2025-05-07,Supplier_06,Electronics,15,91.89,1378.35,10,14,No,4,354,49,15,320,No
PO100514,2025-08-01,Supplier_01,Office Supplies,17,31.54,536.18,9,20,No,11,151,17,17,151,No
PO100515,2025-12-04,Supplier_15,Electronics,1,162.51,162.51,7,12,No,5,95,52,1,44,No
PO100516,2025-05-02,Supplier_07,Electronics,7,73.41,513.87,9,9,Yes,0,60,38,7,0,Yes
PO100517,2025-04-27,Supplier_15,Electronics,18,327.45,5894.1,8,12,No,4,256,32,18,0,Yes
PO100518,2025-11-01,Supplier_07,Electronics,11,168.81,1856.91,10,16,No,6,246,44,11,0,Yes
PO100519,2025-04-10,Supplier_09,Office Supplies,19,305.49,5804.31,6,6,Yes,0,170,19,19,170,No
PO100520,2025-07-16,Supplier_01,Electronics,1,388.05,388.05,10,21,No,11,56,48,1,9,No
PO100521,2025-10-22,Supplier_15,Electronics,6,172.01,1032.06,5,3,Yes,0,225,40,6,191,No
PO100522,2025-07-06,Supplier_13,Office Supplies,5,463.23,2316.15,4,7,No,3,90,31,5,64,No
PO100523,2025-09-05,Supplier_08,Office Supplies,20,490.95,9819.0,4,4,Yes,0,367,28,20,359,No
PO100524,2025-09-25,Supplier_04,Home & Kitchen,3,296.72,890.16,10,11,Yes,1,376,23,3,356,No
PO100525,2025-04-15,Supplier_07,Office Supplies,11,257.58,2833.38,3,4,Yes,1,221,22,11,210,No
PO100526,2025-04-29,Supplier_07,Electronics,12,53.45,641.4,6,7,No,1,451,46,12,0,Yes
PO100527,2025-01-23,Supplier_12,Home & Kitchen,7,332.18,2325.26,4,2,Yes,0,155,31,7,131,No
PO100528,2025-05-01,Supplier_05,Electronics,11,499.43,5493.73,6,4,Yes,0,154,47,11,0,Yes
PO100529,2025-05-31,Supplier_10,Electronics,4,280.46,1121.84,6,4,Yes,0,40,43,4,0,Yes
PO100530,2025-03-03,Supplier_13,Office Supplies,7,137.58,963.06,4,8,No,4,349,20,7,336,No
PO100531,2025-05-08,Supplier_04,Office Supplies,15,89.71,1345.65,6,5,Yes,0,204,21,15,198,No
PO100532,2025-12-13,Supplier_12,Home & Kitchen,20,298.15,5963.0,10,16,No,6,236,27,20,229,No
PO100533,2025-11-19,Supplier_08,Home & Kitchen,9,16.66,149.94,5,4,Yes,0,72,34,9,47,No
PO100534,2025-07-31,Supplier_04,Office Supplies,4,92.45,369.8,8,11,No,3,414,21,4,397,No
PO100535,2025-11-27,Supplier_01,Electronics,6,86.63,519.78,10,13,No,3,291,53,6,0,Yes
PO100536,2025-04-23,Supplier_14,Home & Kitchen,17,459.2,7806.4,7,13,No,6,69,27,17,59,No
PO100537,2025-07-17,Supplier_14,Electronics,15,361.67,5425.05,9,10,No,1,52,42,15,0,Yes
PO100538,2025-09-02,Supplier_01,Home & Kitchen,10,391.31,3913.1,6,10,No,4,190,26,10,174,No
PO100539,2025-12-19,Supplier_09,Electronics,13,258.19,3356.47,8,9,Yes,1,146,45,13,0,Yes
PO100540,2025-05-15,Supplier_02,Electronics,17,359.38,6109.46,9,19,No,10,70,58,17,29,No
PO100541,2025-04-29,Supplier_01,Electronics,17,257.95,4385.15,4,3,Yes,0,349,35,17,0,Yes
PO100542,2025-07-05,Supplier_01,Home & Kitchen,17,209.22,3556.74,4,13,No,9,33,38,17,12,No
PO100543,2025-08-13,Supplier_15,Home & Kitchen,8,84.78,678.24,10,14,No,4,498,33,8,473,No
PO100544,2025-05-20,Supplier_08,Office Supplies,7,310.41,2172.87,3,3,Yes,0,102,22,7,87,No
PO100545,2025-04-18,Supplier_15,Office Supplies,7,243.24,1702.68,7,8,Yes,1,473,21,7,459,No
PO100546,2025-02-14,Supplier_12,Electronics,15,253.18,3797.7,9,10,Yes,1,456,52,15,419,No
PO100547,2025-01-19,Supplier_12,Office Supplies,3,454.89,1364.67,7,17,No,10,281,15,3,0,Yes
PO100548,2025-02-02,Supplier_02,Office Supplies,15,459.72,6895.8,10,21,No,11,454,22,15,447,No
PO100549,2025-02-05,Supplier_07,Electronics,17,210.63,3580.71,9,8,Yes,0,31,36,17,0,Yes
PO100550,2025-05-25,Supplier_09,Home & Kitchen,10,196.03,1960.3,8,6,Yes,0,417,21,10,406,No
PO100551,2025-01-06,Supplier_09,Electronics,15,247.97,3719.55,7,8,Yes,1,180,33,15,0,Yes
PO100552,2025-10-21,Supplier_03,Electronics,11,192.22,2114.42,7,11,No,4,189,48,11,0,Yes
PO100553,2025-02-04,Supplier_01,Electronics,2,227.31,454.62,3,4,Yes,1,46,47,2,0,Yes
PO100554,2025-12-28,Supplier_10,Home & Kitchen,18,72.74,1309.32,6,7,No,1,165,21,18,0,Yes
PO100555,2025-12-30,Supplier_02,Electronics,1,22.32,22.32,8,19,No,11,71,50,1,0,Yes
PO100556,2025-12-15,Supplier_15,Office Supplies,8,337.89,2703.12,9,16,No,7,155,27,8,136,No
PO100557,2025-02-01,Supplier_05,Office Supplies,7,253.72,1776.04,6,17,No,11,389,24,7,372,No
PO100558,2025-02-07,Supplier_14,Electronics,3,231.68,695.04,8,7,Yes,0,388,39,3,0,Yes
PO100559,2025-11-16,Supplier_07,Office Supplies,5,315.81,1579.05,5,10,No,5,484,23,5,466,No
PO100560,2025-12-02,Supplier_07,Home & Kitchen,10,86.13,861.3,6,15,No,9,147,25,10,132,No
PO100561,2025-11-24,Supplier_12,Electronics,8,440.99,3527.92,9,7,Yes,0,118,35,8,91,No
PO100562,2025-12-04,Supplier_14,Home & Kitchen,6,49.36,296.16,9,10,Yes,1,240,36,6,210,No
PO100563,2025-07-12,Supplier_03,Electronics,12,317.23,3806.76,8,18,No,10,333,35,12,0,Yes
PO100564,2025-04-28,Supplier_07,Home & Kitchen,5,86.13,430.65,6,14,No,8,363,38,5,330,No
PO100565,2025-07-09,Supplier_02,Office Supplies,8,440.22,3521.76,10,21,No,11,419,24,8,403,No
PO100566,2025-03-11,Supplier_11,Electronics,12,486.63,5839.56,4,4,Yes,0,229,44,12,0,Yes
PO100567,2025-09-12,Supplier_11,Electronics,7,193.46,1354.22,3,1,Yes,0,268,43,7,0,Yes
PO100568,2025-12-12,Supplier_03,Electronics,18,144.26,2596.68,5,6,Yes,1,430,44,18,0,Yes
PO100569,2025-04-01,Supplier_14,Electronics,11,457.1,5028.1,5,6,Yes,1,212,41,11,0,Yes
PO100570,2025-07-25,Supplier_15,Electronics,1,493.15,493.15,9,10,No,1,273,46,1,228,No
PO100571,2025-04-15,Supplier_14,Office Supplies,16,397.64,6362.24,4,2,Yes,0,105,23,16,98,No
PO100572,2025-05-15,Supplier_13,Electronics,18,182.83,3290.94,7,13,No,6,468,49,18,0,Yes
PO100573,2025-01-04,Supplier_12,Home & Kitchen,14,117.03,1638.42,5,13,No,8,173,25,14,162,No
PO100574,2025-01-16,Supplier_05,Electronics,14,369.42,5171.88,8,16,No,8,388,42,14,0,Yes
PO100575,2025-03-04,Supplier_15,Home & Kitchen,15,380.91,5713.65,8,14,No,6,212,20,15,207,No
PO100576,2025-03-11,Supplier_05,Home & Kitchen,15,61.13,916.95,4,9,No,5,310,21,15,304,No
PO100577,2025-07-20,Supplier_08,Office Supplies,20,283.84,5676.8,4,11,No,7,303,22,20,301,No
PO100578,2025-05-29,Supplier_11,Home & Kitchen,12,241.55,2898.6,10,13,No,3,314,23,12,303,No
PO100579,2025-04-22,Supplier_12,Electronics,16,260.69,4171.04,7,7,Yes,0,368,47,16,0,Yes
PO100580,2025-07-09,Supplier_05,Home & Kitchen,5,286.95,1434.75,8,11,No,3,413,22,5,396,No
PO100581,2025-10-31,Supplier_07,Electronics,6,283.48,1700.88,10,17,No,7,494,49,6,0,Yes
PO100582,2025-03-30,Supplier_08,Electronics,3,285.2,855.6,3,12,No,9,145,44,3,0,Yes
PO100583,2025-10-23,Supplier_06,Electronics,20,301.86,6037.2,9,16,No,7,85,48,20,0,Yes
PO100584,2025-05-17,Supplier_05,Electronics,14,72.11,1009.54,4,5,Yes,1,115,33,14,0,Yes
PO100585,2025-05-25,Supplier_14,Home & Kitchen,14,241.77,3384.78,4,14,No,10,351,33,14,332,No
PO100586,2025-10-04,Supplier_04,Home & Kitchen,15,347.78,5216.7,3,4,No,1,255,22,15,248,No
PO100587,2025-09-18,Supplier_07,Office Supplies,15,328.0,4920.0,10,21,No,11,341,35,15,321,No
PO100588,2025-10-26,Supplier_03,Electronics,11,417.03,4587.33,6,16,No,10,344,35,11,0,Yes
PO100589,2025-10-28,Supplier_12,Home & Kitchen,18,212.07,3817.26,5,11,No,6,418,24,18,412,No
PO100590,2025-10-28,Supplier_13,Home & Kitchen,9,281.07,2529.63,6,7,Yes,1,411,30,9,0,Yes
PO100591,2025-10-12,Supplier_08,Office Supplies,19,45.13,857.47,3,2,Yes,0,32,14,19,37,No
PO100592,2025-07-24,Supplier_01,Office Supplies,1,190.11,190.11,4,7,No,3,269,18,1,252,No
PO100593,2025-12-12,Supplier_02,Home & Kitchen,9,318.76,2868.84,4,15,No,11,189,34,9,164,No
PO100594,2025-06-04,Supplier_04,Electronics,8,413.37,3306.96,9,9,Yes,0,148,51,8,0,Yes
PO100595,2025-03-18,Supplier_02,Office Supplies,3,206.7,620.1,4,9,No,5,160,25,3,0,Yes
PO100596,2025-02-19,Supplier_04,Electronics,13,253.98,3301.74,9,13,No,4,68,48,13,0,Yes
PO100597,2025-08-07,Supplier_08,Home & Kitchen,14,67.98,951.72,5,4,Yes,0,330,24,14,0,Yes
PO100598,2025-05-24,Supplier_09,Office Supplies,13,45.88,596.44,9,18,No,9,140,15,13,138,No
PO100599,2025-06-20,Supplier_11,Office Supplies,16,49.31,788.96,6,12,No,6,174,15,16,175,No
PO100600,2025-04-08,Supplier_14,Electronics,1,122.94,122.94,8,11,No,3,305,46,1,0,Yes
PO100601,2025-01-02,Supplier_12,Home & Kitchen,5,55.3,276.5,9,20,No,11,180,31,5,154,No
PO100602,2025-12-17,Supplier_08,Electronics,17,219.16,3725.72,9,16,No,7,465,49,17,433,No
PO100603,2025-09-19,Supplier_06,Electronics,6,129.36,776.16,6,5,Yes,0,347,39,6,0,Yes
PO100604,2025-03-13,Supplier_14,Office Supplies,8,66.78,534.24,9,20,No,11,289,22,8,0,Yes
PO100605,2025-02-01,Supplier_01,Electronics,2,158.78,317.56,3,10,No,7,235,39,2,0,Yes
PO100606,2025-02-12,Supplier_11,Home & Kitchen,5,266.62,1333.1,3,8,No,5,242,27,5,220,No
PO100607,2025-03-09,Supplier_09,Electronics,10,217.13,2171.3,6,14,No,8,181,42,10,149,No
PO100608,2025-08-19,Supplier_08,Electronics,1,418.57,418.57,6,5,Yes,0,229,39,1,0,Yes
PO100609,2025-10-01,Supplier_03,Office Supplies,20,111.94,2238.8,7,14,No,7,152,24,20,148,No
PO100610,2025-04-07,Supplier_05,Office Supplies,12,29.12,349.44,8,13,No,5,31,19,12,24,No
PO100611,2025-12-07,Supplier_05,Electronics,3,322.25,966.75,4,3,Yes,0,212,39,3,0,Yes
PO100612,2025-07-17,Supplier_01,Home & Kitchen,3,444.04,1332.12,6,10,No,4,273,27,3,0,Yes
PO100613,2025-09-23,Supplier_09,Electronics,17,158.75,2698.75,6,17,No,11,481,47,17,0,Yes
PO100614,2025-11-18,Supplier_09,Electronics,15,167.37,2510.55,3,14,No,11,396,47,15,364,No
PO100615,2025-11-19,Supplier_06,Electronics,13,298.86,3885.18,4,9,No,5,36,38,13,11,No
PO100616,2025-09-27,Supplier_14,Office Supplies,10,48.54,485.4,6,5,Yes,0,458,22,10,446,No
PO100617,2025-07-07,Supplier_07,Office Supplies,9,293.0,2637.0,7,9,No,2,384,25,9,368,No
PO100618,2025-01-19,Supplier_02,Home & Kitchen,6,468.75,2812.5,8,16,No,8,133,32,6,107,No
PO100619,2025-06-27,Supplier_01,Electronics,17,338.56,5755.52,4,11,No,7,254,42,17,229,No
PO100620,2025-06-09,Supplier_06,Electronics,18,183.59,3304.62,6,9,No,3,187,41,18,164,No
PO100621,2025-04-14,Supplier_03,Electronics,20,107.88,2157.6,5,8,No,3,391,49,20,0,Yes
PO100622,2025-05-16,Supplier_13,Office Supplies,4,243.48,973.92,10,11,No,1,262,25,4,241,No
PO100623,2025-01-26,Supplier_13,Electronics,19,320.39,6087.41,4,2,Yes,0,271,43,19,0,Yes
PO100624,2025-09-06,Supplier_15,Electronics,5,18.86,94.3,8,12,No,4,447,49,5,403,No
PO100625,2025-03-03,Supplier_08,Office Supplies,14,347.7,4867.8,9,11,No,2,467,16,14,465,No
PO100626,2025-12-11,Supplier_08,Office Supplies,20,162.34,3246.8,9,17,No,8,273,15,20,278,No
PO100627,2025-03-23,Supplier_14,Home & Kitchen,7,61.03,427.21,3,4,No,1,264,20,7,0,Yes
PO100628,2025-05-30,Supplier_10,Electronics,5,432.69,2163.45,6,6,Yes,0,404,40,5,369,No
PO100629,2025-11-15,Supplier_13,Electronics,20,164.6,3292.0,10,11,Yes,1,157,34,20,143,No
PO100630,2025-12-15,Supplier_03,Home & Kitchen,12,265.9,3190.8,10,10,Yes,0,221,27,12,206,No
PO100631,2025-01-01,Supplier_03,Electronics,15,200.63,3009.45,5,13,No,8,93,45,15,0,Yes
PO100632,2025-09-27,Supplier_01,Electronics,19,491.05,9329.95,5,6,No,1,465,45,19,0,Yes
PO100633,2025-06-04,Supplier_06,Office Supplies,20,375.79,7515.8,5,12,No,7,408,15,20,413,No
PO100634,2025-08-28,Supplier_12,Electronics,2,107.54,215.08,5,6,No,1,379,53,2,0,Yes
PO100635,2025-12-21,Supplier_08,Electronics,4,44.89,179.56,9,13,No,4,138,53,4,89,No
PO100636,2025-12-11,Supplier_09,Electronics,10,291.67,2916.7,8,10,No,2,469,40,10,439,No
PO100637,2025-11-27,Supplier_02,Electronics,15,322.7,4840.5,8,15,No,7,168,47,15,0,Yes
PO100638,2025-06-07,Supplier_02,Electronics,11,377.02,4147.22,7,10,No,3,192,48,11,0,Yes
PO100639,2025-02-10,Supplier_02,Office Supplies,20,303.34,6066.8,3,7,No,4,266,25,20,261,No
PO100640,2025-02-01,Supplier_06,Office Supplies,16,318.35,5093.6,6,7,Yes,1,223,27,16,212,No
PO100641,2025-09-29,Supplier_13,Office Supplies,1,392.39,392.39,4,10,No,6,205,29,1,177,No
PO100642,2025-06-01,Supplier_12,Electronics,1,64.91,64.91,3,3,Yes,0,213,51,1,0,Yes
PO100643,2025-11-15,Supplier_13,Office Supplies,10,38.61,386.1,3,14,No,11,325,28,10,307,No
PO100644,2025-07-05,Supplier_05,Office Supplies,18,474.77,8545.86,8,8,Yes,0,149,19,18,148,No
PO100645,2025-03-10,Supplier_06,Electronics,1,381.49,381.49,8,18,No,10,71,44,1,0,Yes
PO100646,2025-07-24,Supplier_15,Home & Kitchen,15,74.47,1117.05,3,4,Yes,1,96,30,15,81,No
PO100647,2025-04-02,Supplier_11,Home & Kitchen,5,363.67,1818.35,6,10,No,4,270,24,5,251,No
PO100648,2025-07-13,Supplier_11,Electronics,9,102.54,922.86,5,8,No,3,334,40,9,303,No
PO100649,2025-09-07,Supplier_08,Office Supplies,6,25.65,153.9,9,16,No,7,144,18,6,132,No
PO100650,2025-10-09,Supplier_02,Home & Kitchen,11,241.94,2661.34,8,9,No,1,52,24,11,39,No
PO100651,2025-10-04,Supplier_12,Electronics,13,153.75,1998.75,8,12,No,4,451,45,13,0,Yes
PO100652,2025-10-18,Supplier_06,Home & Kitchen,15,475.71,7135.65,5,8,No,3,314,27,15,302,No
PO100653,2025-11-16,Supplier_05,Home & Kitchen,11,24.53,269.83,4,7,No,3,285,24,11,272,No
PO100654,2025-07-09,Supplier_11,Electronics,1,203.28,203.28,4,11,No,7,56,45,1,0,Yes
PO100655,2025-05-26,Supplier_08,Home & Kitchen,13,56.08,729.04,6,4,Yes,0,338,24,13,327,No
PO100656,2025-10-28,Supplier_03,Electronics,4,127.69,510.76,3,10,No,7,131,47,4,0,Yes
PO100657,2025-01-18,Supplier_14,Electronics,9,33.18,298.62,10,11,No,1,344,46,9,307,No
PO100658,2025-08-20,Supplier_06,Electronics,4,69.99,279.96,7,8,Yes,1,335,44,4,0,Yes
PO100659,2025-12-23,Supplier_13,Electronics,12,453.51,5442.12,5,7,No,2,175,49,12,0,Yes
PO100660,2025-06-13,Supplier_07,Electronics,14,154.75,2166.5,7,8,Yes,1,122,47,14,0,Yes
PO100661,2025-04-05,Supplier_05,Electronics,6,452.5,2715.0,6,7,Yes,1,449,51,6,0,Yes
PO100662,2025-10-17,,Home & Kitchen,8,162.26,1298.08,7,12,No,5,141,37,8,112,No
PO100663,2025-10-09,Supplier_14,Office Supplies,10,260.11,2601.1,5,5,Yes,0,388,19,10,379,No
PO100664,2025-05-20,Supplier_05,Electronics,6,158.06,948.36,4,11,No,7,326,42,6,0,Yes
PO100665,2025-12-02,Supplier_06,Electronics,19,459.62,8732.78,10,11,Yes,1,197,45,19,0,Yes
PO100666,2025-07-15,Supplier_09,Office Supplies,5,491.32,2456.6,6,8,No,2,220,25,5,200,No
PO100667,2025-07-17,Supplier_11,Electronics,9,62.71,564.39,3,3,Yes,0,457,51,9,415,No
PO100668,2025-07-04,Supplier_08,Home & Kitchen,16,445.91,7134.56,9,9,Yes,0,139,26,16,129,No
PO100669,2025-07-11,Supplier_11,Home & Kitchen,20,212.65,4253.0,4,11,No,7,100,21,20,99,No
PO100670,2025-09-25,Supplier_13,Home & Kitchen,4,134.48,537.92,6,4,Yes,0,230,36,4,198,No
PO100671,2025-03-29,Supplier_07,Office Supplies,16,273.78,4380.48,5,5,Yes,0,202,20,16,198,No
PO100672,2025-06-16,Supplier_13,Electronics,14,130.43,1826.02,8,7,Yes,0,75,50,14,39,No
PO100673,2025-01-23,Supplier_13,Electronics,19,68.73,1305.87,7,18,No,11,262,40,19,0,Yes
PO100674,2025-11-18,Supplier_15,Office Supplies,8,67.96,543.68,6,16,No,10,379,22,8,365,No
PO100675,2025-02-10,Supplier_07,Home & Kitchen,13,72.94,948.22,8,6,Yes,0,92,24,13,81,No
PO100676,2025-06-24,Supplier_13,Electronics,14,90.06,1260.84,3,2,Yes,0,419,43,14,0,Yes
PO100677,2025-09-22,Supplier_15,Office Supplies,18,354.65,6383.7,3,4,Yes,1,466,24,18,460,No
PO100678,2025-06-19,Supplier_15,Office Supplies,9,35.13,316.17,9,8,Yes,0,197,29,9,177,No
PO100679,2025-03-14,Supplier_15,Office Supplies,11,343.89,3782.79,3,14,No,11,162,21,11,152,No
PO100680,2025-02-01,Supplier_06,Electronics,20,57.12,1142.4,4,9,No,5,423,39,20,404,No
PO100681,2025-06-30,Supplier_14,Electronics,9,162.27,1460.43,6,11,No,5,305,51,9,0,Yes
PO100682,2025-01-21,Supplier_07,Office Supplies,10,216.01,2160.1,4,5,No,1,159,20,10,149,No
PO100683,2025-07-09,Supplier_14,Home & Kitchen,7,453.17,3172.19,4,15,No,11,368,21,7,354,No
PO100684,2025-04-23,Supplier_13,Home & Kitchen,13,121.48,1579.24,7,17,No,10,90,23,13,80,No
PO100685,2025-12-05,Supplier_03,Office Supplies,18,464.51,8361.18,8,7,Yes,0,497,22,18,493,No
PO100686,2025-04-26,Supplier_02,Home & Kitchen,1,424.25,424.25,4,15,No,11,344,24,1,321,No
PO100687,2025-07-17,Supplier_10,Electronics,6,240.7,1444.2,6,8,No,2,202,38,6,170,No
PO100688,2025-08-22,Supplier_04,Home & Kitchen,6,252.5,1515.0,5,3,Yes,0,52,28,6,30,No
PO100689,2025-08-13,Supplier_12,Office Supplies,18,159.52,2871.36,9,18,No,9,165,25,18,0,Yes
PO100690,2025-04-10,Supplier_12,Home & Kitchen,10,141.9,1419.0,6,6,Yes,0,204,20,10,194,No
PO100691,2025-10-24,Supplier_08,Electronics,17,52.94,899.98,5,5,Yes,0,215,54,17,178,No
PO100692,2025-02-22,Supplier_12,Home & Kitchen,15,31.96,479.4,8,9,No,1,50,44,15,21,No
PO100693,2025-04-20,Supplier_08,Electronics,16,189.39,3030.24,7,8,Yes,1,38,51,16,0,Yes
PO100694,2025-04-16,Supplier_09,Electronics,10,425.21,4252.1,9,13,No,4,237,47,10,200,No
PO100695,2025-09-08,Supplier_04,Electronics,5,115.03,575.15,7,14,No,7,319,33,5,0,Yes
PO100696,2025-06-16,Supplier_09,Office Supplies,1,382.06,382.06,8,17,No,9,149,23,1,127,No
PO100697,2025-02-05,Supplier_03,Home & Kitchen,19,36.11,686.09,10,9,Yes,0,54,29,19,0,Yes
PO100698,2025-09-30,Supplier_10,Office Supplies,20,284.79,5695.8,8,8,Yes,0,30,19,20,31,No
PO100699,2025-01-26,Supplier_12,Electronics,12,306.81,3681.72,6,7,Yes,1,339,37,12,0,Yes
PO100700,2025-03-21,Supplier_12,Electronics,18,331.5,5967.0,7,14,No,7,290,49,18,259,No
PO100701,2025-12-20,Supplier_03,Office Supplies,11,195.15,2146.65,8,14,No,6,146,24,11,133,No
PO100702,2025-12-25,Supplier_12,Home & Kitchen,17,316.09,5373.53,6,16,No,10,217,23,17,211,No
PO100703,2025-04-26,Supplier_11,Office Supplies,16,138.17,2210.72,9,14,No,5,140,14,16,142,No
PO100704,2025-04-30,Supplier_03,Electronics,6,361.56,2169.36,4,9,No,5,423,39,6,390,No
PO100705,2025-06-17,Supplier_02,Electronics,1,289.36,289.36,4,12,No,8,173,46,1,0,Yes
PO100706,2025-09-21,Supplier_10,Home & Kitchen,11,222.08,2442.88,4,6,No,2,135,27,11,119,No
PO100707,2025-02-25,Supplier_07,Electronics,10,253.78,2537.8,7,5,Yes,0,348,40,10,0,Yes
PO100708,2025-10-23,Supplier_08,Electronics,2,459.9,919.8,6,8,No,2,489,46,2,0,Yes
PO100709,2025-04-21,Supplier_01,Electronics,10,173.62,1736.2,8,18,No,10,197,44,10,163,No
PO100710,2025-11-25,Supplier_04,Office Supplies,18,179.11,3223.98,9,18,No,9,472,17,18,473,No
PO100711,2025-11-26,Supplier_10,Home & Kitchen,3,172.88,518.64,10,13,No,3,474,19,3,458,No
PO100712,2025-01-03,Supplier_10,Home & Kitchen,12,33.08,396.96,10,8,Yes,0,221,28,12,205,No
PO100713,2025-12-07,Supplier_05,Home & Kitchen,17,44.98,764.66,8,19,No,11,235,21,17,231,No
PO100714,2025-01-24,Supplier_06,Office Supplies,7,28.08,196.56,10,15,No,5,96,25,7,78,No
PO100715,2025-08-16,Supplier_08,Office Supplies,9,322.65,2903.85,8,19,No,11,56,25,9,40,No
PO100716,2025-11-23,Supplier_06,Home & Kitchen,11,152.68,1679.48,6,6,Yes,0,482,24,11,469,No
PO100717,2025-03-16,Supplier_05,Home & Kitchen,1,227.6,227.6,7,5,Yes,0,274,33,1,242,No
PO100718,2025-01-07,Supplier_05,Electronics,5,438.64,2193.2,7,5,Yes,0,495,35,5,465,No
PO100719,2025-12-15,Supplier_08,Office Supplies,6,212.08,1272.48,3,1,Yes,0,344,21,6,329,No
PO100720,2025-05-23,Supplier_09,Home & Kitchen,5,404.9,2024.5,5,6,Yes,1,88,25,5,68,No
PO100721,2025-10-13,Supplier_10,Electronics,20,242.18,4843.6,3,7,No,4,133,29,20,0,Yes
PO100722,2025-07-03,Supplier_04,Electronics,5,216.33,1081.65,3,3,Yes,0,116,41,5,80,No
PO100723,2025-02-05,Supplier_03,Electronics,5,153.54,767.7,8,9,Yes,1,47,51,5,0,Yes
PO100724,2025-06-14,Supplier_05,Home & Kitchen,10,414.44,4144.4,7,9,No,2,467,34,10,443,No
PO100725,2025-09-07,Supplier_12,Home & Kitchen,11,198.44,2182.84,6,12,No,6,417,25,11,0,Yes
PO100726,2025-03-25,Supplier_13,Electronics,11,363.74,4001.14,5,10,No,5,212,46,11,0,Yes
PO100727,2025-05-31,Supplier_12,Office Supplies,3,57.09,171.27,10,11,Yes,1,437,25,3,415,No
PO100728,2025-07-02,Supplier_06,Electronics,10,112.61,1126.1,9,10,Yes,1,101,46,10,0,Yes
PO100729,2025-01-13,Supplier_15,Electronics,2,466.98,933.96,7,10,No,3,52,45,2,9,No
PO100730,2025-07-25,Supplier_09,Office Supplies,5,499.25,2496.25,4,2,Yes,0,340,30,5,0,Yes
PO100731,2025-04-01,Supplier_06,Home & Kitchen,17,229.52,3901.84,3,2,Yes,0,481,29,17,469,No
PO100732,2025-12-16,Supplier_09,Office Supplies,14,460.71,6449.94,7,14,No,7,308,24,14,298,No
PO100733,2025-07-19,Supplier_14,Office Supplies,14,299.74,4196.36,3,3,Yes,0,331,18,14,327,No
PO100734,2025-08-05,Supplier_07,Office Supplies,5,456.66,2283.3,6,13,No,7,65,25,5,45,No
PO100735,2025-07-29,Supplier_02,Home & Kitchen,13,415.95,5407.35,9,14,No,5,89,24,13,78,No
PO100736,2025-10-03,Supplier_05,Home & Kitchen,10,488.41,4884.1,6,6,Yes,0,438,29,10,419,No
PO100737,2025-12-19,Supplier_15,Electronics,20,276.55,5531.0,10,9,Yes,0,58,50,20,0,Yes
PO100738,2025-06-25,Supplier_07,Home & Kitchen,12,472.0,5664.0,8,14,No,6,252,24,12,240,No
PO100739,2025-06-20,Supplier_04,Electronics,15,170.94,2564.1,9,12,No,3,461,56,15,0,Yes
PO100740,2025-10-03,Supplier_14,Electronics,10,426.71,4267.1,10,11,No,1,438,42,10,406,No
PO100741,2025-05-07,Supplier_06,Home & Kitchen,4,295.18,1180.72,3,4,Yes,1,321,22,4,0,Yes
PO100742,2025-04-28,Supplier_05,Electronics,3,429.31,1287.93,5,3,Yes,0,183,47,3,139,No
PO100743,2025-11-21,Supplier_02,Home & Kitchen,12,341.24,4094.88,10,15,No,5,480,29,12,463,No
PO100744,2025-12-26,Supplier_15,Office Supplies,4,159.41,637.64,5,15,No,10,420,18,4,406,No
PO100745,2025-07-06,Supplier_13,Electronics,15,371.9,5578.5,5,6,No,1,160,38,15,137,No
PO100746,2025-11-06,Supplier_06,Home & Kitchen,11,229.77,2527.47,9,11,No,2,242,34,11,219,No
PO100747,2025-07-19,Supplier_08,Electronics,9,15.11,135.99,7,17,No,10,167,46,9,0,Yes
PO100748,2025-08-29,Supplier_04,Electronics,4,480.05,1920.2,4,4,Yes,0,352,40,4,0,Yes
PO100749,2025-03-13,Supplier_15,Electronics,20,485.07,9701.4,9,8,Yes,0,138,48,20,0,Yes
PO100750,2025-01-10,Supplier_14,Electronics,11,33.84,372.24,8,17,No,9,410,48,11,373,No
PO100751,2025-10-14,Supplier_03,Electronics,19,32.57,618.83,10,16,No,6,205,64,19,160,No
PO100752,2025-07-13,Supplier_04,Home & Kitchen,1,82.84,82.84,3,9,No,6,93,21,1,73,No
PO100753,2025-10-13,Supplier_14,Office Supplies,12,331.51,3978.12,8,15,No,7,317,20,12,309,No
PO100754,2025-08-04,Supplier_04,Home & Kitchen,11,185.72,2042.92,7,8,Yes,1,90,31,11,70,No
PO100755,2025-07-23,Supplier_06,Office Supplies,7,239.98,1679.86,10,19,No,9,456,22,7,441,No
PO100756,2025-01-14,Supplier_13,Office Supplies,11,72.01,792.11,8,16,No,8,363,20,11,354,No
PO100757,2025-05-16,Supplier_04,Home & Kitchen,14,161.8,2265.2,8,15,No,7,98,27,14,0,Yes
PO100758,2025-11-29,Supplier_13,Office Supplies,12,489.11,5869.32,8,17,No,9,107,17,12,102,No
PO100759,2025-07-30,Supplier_10,Home & Kitchen,10,228.49,2284.9,10,17,No,7,330,31,10,309,No
PO100760,2025-10-10,Supplier_03,Electronics,1,383.31,383.31,9,14,No,5,206,47,1,0,Yes
PO100761,2025-10-28,Supplier_01,Office Supplies,5,312.21,1561.05,3,5,No,2,122,14,5,0,Yes
PO100762,2025-07-19,Supplier_03,Home & Kitchen,4,473.94,1895.76,8,18,No,10,69,23,4,0,Yes
PO100763,2025-09-05,Supplier_08,Office Supplies,10,63.35,633.5,10,21,No,11,76,22,10,64,No
PO100764,2025-11-20,Supplier_15,Electronics,19,46.72,887.68,8,9,Yes,1,344,38,19,325,No
PO100765,2025-11-23,Supplier_08,Office Supplies,17,399.83,6797.11,6,5,Yes,0,350,24,17,343,No
PO100766,2025-02-17,Supplier_02,Electronics,16,104.09,1665.44,4,15,No,11,441,38,16,419,No
PO100767,2025-06-08,Supplier_01,Electronics,14,84.69,1185.66,6,13,No,7,49,54,14,0,Yes
PO100768,2025-12-11,Supplier_03,Home & Kitchen,17,246.37,4188.29,7,10,No,3,490,40,17,467,No
PO100769,2025-08-27,Supplier_07,Electronics,13,260.12,3381.56,10,14,No,4,126,48,13,0,Yes
PO100770,2025-03-04,Supplier_07,Home & Kitchen,18,154.85,2787.3,9,9,Yes,0,191,30,18,179,No
PO100771,2025-07-28,Supplier_05,Electronics,5,336.97,1684.85,6,6,Yes,0,83,41,5,47,No
PO100772,2025-01-14,Supplier_10,Electronics,5,399.38,1996.9,6,17,No,11,236,47,5,0,Yes
PO100773,2025-08-27,Supplier_04,Office Supplies,18,38.72,696.96,3,2,Yes,0,256,27,18,247,No
PO100774,2025-03-06,Supplier_04,Office Supplies,20,412.22,8244.4,4,5,No,1,449,20,20,449,No
PO100775,2025-06-30,Supplier_14,Electronics,6,420.5,2523.0,8,8,Yes,0,118,42,6,0,Yes
PO100776,2025-08-26,Supplier_09,Electronics,5,349.15,1745.75,5,16,No,11,417,51,5,371,No
PO100777,2025-07-23,Supplier_09,Office Supplies,5,352.16,1760.8,3,14,No,11,313,24,5,294,No
PO100778,2025-08-18,Supplier_09,Home & Kitchen,7,102.89,720.23,10,14,No,4,51,23,7,35,No
PO100779,2025-05-31,Supplier_03,Home & Kitchen,15,483.06,7245.9,10,15,No,5,186,29,15,172,No
PO100780,2025-01-31,Supplier_09,Office Supplies,9,486.95,4382.55,3,4,Yes,1,429,20,9,418,No
PO100781,2025-07-15,Supplier_12,Office Supplies,15,215.52,3232.8,10,17,No,7,436,18,15,433,No
PO100782,2025-02-06,Supplier_01,Home & Kitchen,19,277.95,5281.05,5,9,No,4,212,21,19,210,No
PO100783,2025-04-11,Supplier_06,Office Supplies,4,399.38,1597.52,8,9,Yes,1,324,12,4,316,No
PO100784,2025-09-23,Supplier_05,Electronics,11,395.09,4345.99,8,19,No,11,237,52,11,0,Yes
PO100785,2025-11-25,Supplier_09,Office Supplies,17,346.97,5898.49,10,8,Yes,0,492,23,17,486,No
PO100786,2025-05-13,Supplier_14,Electronics,14,140.24,1963.36,10,11,Yes,1,184,46,14,0,Yes
PO100787,2025-04-30,Supplier_06,Home & Kitchen,15,22.11,331.65,10,13,No,3,442,34,15,423,No
PO100788,2025-06-14,Supplier_01,Home & Kitchen,11,451.15,4962.65,5,16,No,11,329,33,11,307,No
PO100789,2025-11-15,Supplier_10,Electronics,8,149.29,1194.32,6,11,No,5,449,44,8,413,No
PO100790,2025-12-14,Supplier_05,Office Supplies,11,125.88,1384.68,3,3,Yes,0,67,19,11,59,No
PO100791,2025-10-28,Supplier_11,Home & Kitchen,4,246.23,984.92,4,11,No,7,292,24,4,272,No
PO100792,2025-07-27,Supplier_03,Office Supplies,1,242.92,242.92,5,5,Yes,0,194,25,1,170,No
PO100793,2025-09-17,Supplier_05,Electronics,4,390.78,1563.12,10,15,No,5,465,38,4,431,No
PO100794,2025-01-10,Supplier_06,Home & Kitchen,2,108.98,217.96,10,16,No,6,453,25,2,430,No
PO100795,2025-08-14,Supplier_13,Electronics,10,408.69,4086.9,4,3,Yes,0,131,41,10,0,Yes
PO100796,2025-01-14,Supplier_09,Electronics,2,405.1,810.2,3,4,Yes,1,295,37,2,260,No
PO100797,2025-10-19,Supplier_10,Home & Kitchen,8,139.54,1116.32,10,11,Yes,1,223,24,8,207,No
PO100798,2025-10-22,Supplier_11,Office Supplies,16,263.94,4223.04,3,1,Yes,0,311,16,16,311,No
PO100799,2025-09-27,Supplier_10,Home & Kitchen,4,447.6,1790.4,6,11,No,5,195,23,4,0,Yes
PO100800,2025-03-26,Supplier_14,Home & Kitchen,17,243.46,4138.82,3,11,No,8,327,32,17,312,No
PO100801,2025-07-16,Supplier_04,Office Supplies,11,167.33,1840.63,6,4,Yes,0,72,23,11,60,No
PO100802,2025-08-14,Supplier_10,Electronics,10,253.26,2532.6,5,6,Yes,1,174,37,10,147,No
PO100803,2025-01-11,Supplier_04,Office Supplies,7,424.73,2973.11,7,17,No,10,300,14,7,293,No
PO100804,2025-07-06,Supplier_09,Office Supplies,10,109.95,1099.5,5,4,Yes,0,94,24,10,80,No
PO100805,2025-06-15,Supplier_06,Home & Kitchen,16,303.96,4863.36,8,6,Yes,0,454,23,16,447,No
PO100806,2025-04-08,Supplier_14,Electronics,7,397.78,2784.46,4,4,Yes,0,365,42,7,330,No
PO100807,2025-05-02,Supplier_01,Office Supplies,17,360.59,6130.03,3,9,No,6,299,21,17,295,No
PO100808,2025-07-31,Supplier_09,Office Supplies,4,24.18,96.72,10,9,Yes,0,257,22,4,239,No
PO100809,2025-12-22,Supplier_01,Electronics,16,105.82,1693.12,3,11,No,8,205,48,16,173,No
PO100810,2025-04-20,Supplier_06,Electronics,13,284.93,3704.09,3,8,No,5,139,35,13,0,Yes
PO100811,2025-05-11,Supplier_10,Home & Kitchen,1,279.93,279.93,5,3,Yes,0,340,26,1,315,No
PO100812,2025-01-19,Supplier_04,Home & Kitchen,2,17.81,35.62,5,10,No,5,93,29,2,66,No
PO100813,2025-09-01,Supplier_05,Electronics,3,266.29,798.87,9,9,Yes,0,124,53,3,0,Yes
PO100814,2025-06-28,Supplier_11,Office Supplies,13,173.9,2260.7,10,8,Yes,0,137,20,13,130,No
PO100815,2025-04-07,Supplier_11,Home & Kitchen,10,147.18,1471.8,8,6,Yes,0,463,36,10,437,No
PO100816,2025-11-29,Supplier_10,Home & Kitchen,10,21.27,212.7,3,2,Yes,0,119,32,10,97,No
PO100817,2025-12-20,Supplier_02,Electronics,8,307.27,2458.16,9,19,No,10,401,53,8,0,Yes
PO100818,2025-11-10,Supplier_06,Home & Kitchen,11,54.81,602.91,9,8,Yes,0,428,22,11,417,No
PO100819,2025-12-23,Supplier_12,Electronics,13,374.88,4873.44,9,17,No,8,400,48,13,0,Yes
PO100820,2025-04-08,Supplier_13,Home & Kitchen,11,64.15,705.65,8,14,No,6,169,31,11,149,No
PO100821,2025-07-27,Supplier_04,Electronics,12,69.89,838.68,6,15,No,9,31,51,12,0,Yes
PO100822,2025-11-09,Supplier_06,Electronics,13,457.54,5948.02,9,8,Yes,0,368,52,13,329,No
PO100823,2025-12-29,Supplier_14,Office Supplies,12,330.78,3969.36,5,16,No,11,430,21,12,421,No
PO100824,2025-05-04,Supplier_02,Electronics,19,260.08,4941.52,4,12,No,8,135,42,19,112,No
PO100825,2025-05-23,Supplier_14,Home & Kitchen,6,286.59,1719.54,10,19,No,9,374,25,6,0,Yes
PO100826,2025-10-01,Supplier_06,Home & Kitchen,4,165.63,662.52,9,16,No,7,310,32,4,282,No
PO100827,2025-01-09,Supplier_11,Home & Kitchen,4,199.44,797.76,4,4,Yes,0,494,32,4,466,No
PO100828,2025-04-27,Supplier_07,Electronics,11,365.86,4024.46,6,7,Yes,1,195,46,11,160,No
PO100829,2025-12-05,Supplier_06,Office Supplies,9,185.95,1673.55,4,14,No,10,54,21,9,42,No
PO100830,2025-02-25,Supplier_06,Electronics,13,298.77,3884.01,7,16,No,9,94,41,13,0,Yes
PO100831,2025-04-05,Supplier_01,Electronics,3,348.95,1046.85,9,10,No,1,101,39,3,0,Yes
PO100832,2025-12-27,Supplier_14,Electronics,9,180.06,1620.54,6,16,No,10,374,54,9,329,No
PO100833,2025-07-22,Supplier_12,Home & Kitchen,16,323.3,5172.8,7,13,No,6,121,32,16,105,No
PO100834,2025-08-04,Supplier_14,Home & Kitchen,6,187.09,1122.54,3,1,Yes,0,145,24,6,127,No
PO100835,2025-12-04,Supplier_09,Home & Kitchen,3,19.51,58.53,4,9,No,5,382,21,3,364,No
PO100836,2025-08-09,Supplier_15,Office Supplies,1,101.37,101.37,3,6,No,3,270,19,1,252,No
PO100837,2025-03-29,Supplier_02,,9,454.7,4092.3,7,9,No,2,404,35,9,378,No
PO100838,2025-09-19,Supplier_06,Electronics,4,182.85,731.4,9,7,Yes,0,140,52,4,0,Yes
PO100839,2025-07-15,Supplier_09,Electronics,8,268.0,2144.0,3,4,Yes,1,216,51,8,173,No
PO100840,2025-08-15,Supplier_08,Electronics,5,407.37,2036.85,4,5,No,1,333,39,5,299,No
PO100841,2025-07-19,Supplier_01,Home & Kitchen,5,399.79,1998.95,5,15,No,10,52,30,5,27,No
PO100842,2025-04-26,Supplier_02,Office Supplies,3,391.84,1175.52,7,8,No,1,195,20,3,178,No
PO100843,2025-07-20,Supplier_07,Home & Kitchen,7,161.19,1128.33,4,10,No,6,398,24,7,381,No
PO100844,2025-12-29,Supplier_13,Electronics,16,317.09,5073.44,5,4,Yes,0,170,37,16,0,Yes
PO100845,2025-08-15,Supplier_10,Home & Kitchen,15,380.06,5700.9,6,4,Yes,0,385,30,15,370,No
PO100846,2025-09-17,Supplier_05,Home & Kitchen,8,309.34,2474.72,5,9,No,4,159,25,8,142,No
PO100847,2025-06-05,Supplier_13,Electronics,10,198.05,1980.5,7,13,No,6,130,37,10,0,Yes
PO100848,2025-02-05,Supplier_14,Home & Kitchen,15,341.68,5125.2,5,16,No,11,345,30,15,330,No
PO100849,2025-06-15,Supplier_05,Electronics,7,158.3,1108.1,7,17,No,10,266,46,7,0,Yes
PO100850,2025-02-19,Supplier_14,Office Supplies,6,298.59,1791.54,5,10,No,5,422,18,6,410,No
PO100851,2025-09-06,Supplier_04,Home & Kitchen,17,362.02,6154.34,7,14,No,7,324,29,17,312,No
PO100852,2025-12-11,Supplier_09,Home & Kitchen,15,272.0,4080.0,9,10,Yes,1,40,34,15,21,No
PO100853,2025-12-10,Supplier_05,Home & Kitchen,10,396.67,3966.7,6,11,No,5,65,27,10,48,No
PO100854,2025-08-08,Supplier_11,Electronics,14,201.13,2815.82,5,12,No,7,38,42,14,0,Yes
PO100855,2025-12-02,Supplier_01,Office Supplies,1,293.32,293.32,6,9,No,3,48,23,1,26,No
PO100856,2025-05-10,Supplier_01,Electronics,2,218.77,437.54,6,15,No,9,87,46,2,43,No
PO100857,2025-05-09,Supplier_14,Electronics,11,481.81,5299.91,7,7,Yes,0,359,38,11,0,Yes
PO100858,2025-09-05,Supplier_03,Electronics,9,108.19,973.71,4,4,Yes,0,325,48,9,0,Yes
PO100859,2025-04-21,Supplier_14,Electronics,19,203.22,3861.18,7,14,No,7,182,55,19,146,No
PO100860,2025-09-12,Supplier_11,Home & Kitchen,19,354.53,6736.07,10,8,Yes,0,491,18,19,492,No
PO100861,2025-07-06,Supplier_10,Electronics,11,416.34,4579.74,7,5,Yes,0,412,37,11,386,No
PO100862,2025-08-21,Supplier_11,Home & Kitchen,3,412.99,1238.97,6,7,Yes,1,188,37,3,154,No
PO100863,2025-10-23,Supplier_02,Home & Kitchen,1,131.81,131.81,10,8,Yes,0,445,18,1,428,No
PO100864,2025-02-03,Supplier_01,Electronics,10,353.14,3531.4,10,12,No,2,423,44,10,0,Yes
PO100865,2025-10-01,Supplier_02,Electronics,15,31.52,472.8,7,7,Yes,0,151,45,15,121,No
PO100866,2025-10-30,Supplier_01,Home & Kitchen,15,355.15,5327.25,7,9,No,2,297,24,15,288,No
PO100867,2025-02-19,Supplier_14,Electronics,12,244.92,2939.04,6,4,Yes,0,256,46,12,0,Yes
PO100868,2025-11-03,Supplier_07,Electronics,12,383.9,4606.8,5,15,No,10,32,36,12,8,No
PO100869,2025-12-12,Supplier_02,Home & Kitchen,3,77.63,232.89,7,18,No,11,177,25,3,155,No
PO100870,2025-07-17,Supplier_05,Electronics,1,195.61,195.61,5,14,No,9,215,43,1,173,No
PO100871,2025-06-06,Supplier_03,Home & Kitchen,13,386.19,5020.47,8,17,No,9,152,29,13,136,No
PO100872,2025-11-26,Supplier_14,Electronics,2,53.33,106.66,8,6,Yes,0,120,41,2,0,Yes
PO100873,2025-04-09,Supplier_12,Office Supplies,14,399.45,5592.3,7,6,Yes,0,423,19,14,418,No
PO100874,2025-12-12,Supplier_01,Office Supplies,13,137.35,1785.55,7,8,No,1,474,22,13,465,No
PO100875,2025-08-10,Supplier_05,Home & Kitchen,17,498.0,8466.0,7,13,No,6,102,26,17,93,No
PO100876,2025-11-16,Supplier_10,Electronics,17,403.41,6857.97,4,14,No,10,354,62,17,0,Yes
PO100877,2025-05-20,Supplier_07,Home & Kitchen,9,384.48,3460.32,8,8,Yes,0,265,32,9,242,No
PO100878,2025-04-18,Supplier_04,Office Supplies,7,45.6,319.2,9,9,Yes,0,137,26,7,118,No
PO100879,2025-09-29,Supplier_07,Electronics,19,178.29,3387.51,7,5,Yes,0,457,55,19,0,Yes
PO100880,2025-08-16,Supplier_07,Home & Kitchen,20,359.92,7198.4,5,11,No,6,214,34,20,200,No
PO100881,2025-10-06,Supplier_11,Electronics,10,98.92,989.2,8,7,Yes,0,65,41,10,34,No
PO100882,2025-06-08,Supplier_09,Home & Kitchen,6,444.2,2665.2,10,16,No,6,166,25,6,147,No
PO100883,2025-11-11,Supplier_08,Electronics,15,477.85,7167.75,7,7,Yes,0,291,43,15,0,Yes
PO100884,2025-10-03,Supplier_10,Electronics,5,47.38,236.9,5,3,Yes,0,448,43,5,0,Yes
PO100885,2025-10-20,Supplier_13,Electronics,18,341.04,6138.72,4,3,Yes,0,181,47,18,0,Yes
PO100886,2025-06-14,Supplier_02,Electronics,7,466.26,3263.82,3,13,No,10,209,34,7,0,Yes
PO100887,2025-12-30,Supplier_08,Electronics,20,102.45,2049.0,4,9,No,5,153,43,20,0,Yes
PO100888,2025-01-02,Supplier_12,Electronics,9,171.34,1542.06,8,7,Yes,0,136,51,9,94,No
PO100889,2025-03-27,Supplier_05,Electronics,16,327.76,5244.16,6,12,No,6,445,46,16,0,Yes
PO100890,2025-06-10,Supplier_14,Office Supplies,19,358.41,6809.79,5,10,No,5,116,18,19,117,No
PO100891,2025-07-22,Supplier_03,Electronics,19,378.66,7194.54,5,6,No,1,407,46,19,0,Yes
PO100892,2025-03-01,Supplier_01,Electronics,2,216.37,432.74,9,18,No,9,437,42,2,397,No
PO100893,2025-06-06,Supplier_12,Office Supplies,4,158.05,632.2,9,11,No,2,281,31,4,254,No
PO100894,2025-12-08,Supplier_12,Electronics,4,486.1,1944.4,8,13,No,5,381,43,4,0,Yes
PO100895,2025-10-24,Supplier_04,Office Supplies,6,71.87,431.22,3,9,No,6,490,22,6,474,No
PO100896,2025-01-16,Supplier_15,Electronics,2,265.82,531.64,10,20,No,10,462,44,2,0,Yes
PO100897,2025-09-11,Supplier_10,Office Supplies,11,297.41,3271.51,10,19,No,9,64,24,11,51,No
PO100898,2025-03-06,Supplier_01,Home & Kitchen,14,337.49,4724.86,10,18,No,8,191,31,14,0,Yes
PO100899,2025-06-27,Supplier_10,Home & Kitchen,15,495.52,7432.8,10,13,No,3,77,29,15,63,No
PO100900,2025-04-11,Supplier_06,Electronics,8,,2734.24,3,6,No,3,416,45,8,0,Yes
PO100901,2025-09-18,Supplier_15,Electronics,8,441.25,3530.0,8,8,Yes,0,294,44,8,0,Yes
PO100902,2025-06-20,Supplier_05,Electronics,1,327.02,327.02,8,13,No,5,53,46,1,0,Yes
PO100903,2025-06-22,Supplier_02,Electronics,16,138.54,2216.64,7,9,No,2,356,47,16,0,Yes
PO100904,2025-07-29,Supplier_14,Home & Kitchen,19,122.85,2334.15,10,12,No,2,300,31,19,288,No
PO100905,2025-12-07,Supplier_04,Home & Kitchen,3,485.5,1456.5,5,6,No,1,168,30,3,141,No
PO100906,2025-08-25,Supplier_05,Home & Kitchen,3,333.33,999.99,3,10,No,7,441,30,3,414,No
PO100907,2025-06-15,Supplier_10,Electronics,13,117.87,1532.31,5,11,No,6,398,50,13,0,Yes
PO100908,2025-10-15,Supplier_05,Electronics,6,208.77,1252.62,9,10,Yes,1,352,51,6,0,Yes
PO100909,2025-05-06,Supplier_05,Home & Kitchen,4,401.41,1605.64,7,15,No,8,317,22,4,299,No
PO100910,2025-01-13,Supplier_08,Electronics,1,295.83,295.83,9,20,No,11,283,59,1,0,Yes
PO100911,2025-06-30,Supplier_02,Office Supplies,10,143.0,1430.0,7,14,No,7,294,13,10,291,No
PO100912,2025-06-14,Supplier_09,Office Supplies,10,396.32,3963.2,3,4,Yes,1,272,24,10,258,No
PO100913,2025-06-08,Supplier_14,Home & Kitchen,20,126.98,2539.6,10,17,No,7,451,25,20,446,No
PO100914,2025-08-04,Supplier_15,Electronics,20,204.41,4088.2,9,8,Yes,0,442,36,20,426,No
PO100915,2025-06-25,Supplier_11,Home & Kitchen,6,89.23,535.38,7,12,No,5,125,32,6,99,No
PO100916,2025-04-02,Supplier_09,Electronics,14,172.6,2416.4,9,7,Yes,0,382,48,14,0,Yes
PO100917,2025-09-22,Supplier_04,Office Supplies,12,400.8,4809.6,6,12,No,6,200,29,12,183,No
PO100918,2025-12-14,Supplier_14,Electronics,15,374.07,5611.05,3,6,No,3,152,51,15,0,Yes
PO100919,2025-06-11,Supplier_02,Home & Kitchen,20,421.08,8421.6,10,16,No,6,311,33,20,298,No
PO100920,2025-02-15,Supplier_11,Electronics,2,72.7,145.4,3,8,No,5,244,40,2,0,Yes
PO100921,2025-07-03,Supplier_13,Home & Kitchen,15,242.48,3637.2,3,9,No,6,495,39,15,471,No
PO100922,2025-12-31,Supplier_07,Electronics,15,102.84,1542.6,4,5,No,1,437,51,15,0,Yes
PO100923,2025-01-27,Supplier_09,Home & Kitchen,1,107.39,107.39,10,15,No,5,277,28,1,250,No
PO100924,2025-04-06,Supplier_13,Office Supplies,1,205.64,205.64,3,2,Yes,0,70,27,1,44,No
PO100925,2025-10-05,Supplier_14,Home & Kitchen,8,68.54,548.32,6,6,Yes,0,43,41,8,10,No
PO100926,2025-04-08,Supplier_01,Home & Kitchen,11,62.13,683.43,10,15,No,5,103,29,11,85,No
PO100927,2025-12-19,Supplier_08,Electronics,18,283.74,5107.32,5,3,Yes,0,206,35,18,189,No
PO100928,2025-08-03,Supplier_07,Electronics,10,211.68,2116.8,7,7,Yes,0,166,39,10,137,No
PO100929,2025-09-13,Supplier_04,Electronics,1,362.67,362.67,5,14,No,9,115,34,1,82,No
PO100930,2025-11-23,Supplier_13,Electronics,7,231.45,1620.15,5,12,No,7,117,39,7,0,Yes
PO100931,2025-11-14,Supplier_03,Electronics,4,230.19,920.76,6,12,No,6,143,37,4,0,Yes
PO100932,2025-11-21,Supplier_06,Home & Kitchen,9,315.28,2837.52,10,17,No,7,41,23,9,27,No
PO100933,2025-04-28,Supplier_07,Home & Kitchen,18,444.8,8006.4,6,9,No,3,293,24,18,287,No
PO100934,2025-05-19,Supplier_04,Home & Kitchen,15,351.99,5279.85,7,14,No,7,283,28,15,270,No
PO100935,2025-11-29,Supplier_11,Home & Kitchen,19,493.33,9373.27,5,14,No,9,138,27,19,0,Yes
PO100936,2025-06-06,Supplier_10,Electronics,5,385.38,1926.9,8,14,No,6,284,34,5,0,Yes
PO100937,2025-02-02,Supplier_01,Office Supplies,6,291.49,1748.94,6,7,No,1,431,30,6,407,No
PO100938,2025-05-26,Supplier_03,Home & Kitchen,20,199.55,3991.0,3,14,No,11,115,26,20,109,No
PO100939,2025-12-27,,Office Supplies,1,163.86,163.86,7,11,No,4,266,20,1,0,Yes
PO100940,2025-03-13,Supplier_14,Office Supplies,19,162.61,3089.59,9,9,Yes,0,499,28,19,490,No
PO100941,2025-11-25,Supplier_07,Home & Kitchen,1,93.72,93.72,9,11,No,2,314,26,1,289,No
PO100942,2025-06-06,Supplier_07,,20,296.96,5939.2,3,4,Yes,1,40,19,20,41,No
PO100943,2025-12-30,Supplier_11,Office Supplies,15,39.44,591.6,5,10,No,5,436,21,15,430,No
PO100944,2025-02-05,Supplier_12,Home & Kitchen,17,234.27,3982.59,5,3,Yes,0,94,25,17,86,No
PO100945,2025-05-10,Supplier_03,Home & Kitchen,8,87.14,697.12,10,19,No,9,428,33,8,403,No
PO100946,2025-02-10,Supplier_11,Electronics,7,88.42,618.94,4,4,Yes,0,445,42,7,0,Yes
PO100947,2025-01-14,Supplier_14,Electronics,3,73.93,221.79,4,4,Yes,0,190,44,3,149,No
PO100948,2025-08-14,Supplier_14,Home & Kitchen,20,413.64,8272.8,10,9,Yes,0,390,31,20,379,No
PO100949,2025-10-11,Supplier_05,Electronics,5,114.93,574.65,6,6,Yes,0,369,49,5,325,No
PO100950,2025-08-01,Supplier_12,Home & Kitchen,17,429.94,7308.98,5,4,Yes,0,374,23,17,368,No
PO100951,2025-02-18,Supplier_13,Home & Kitchen,6,444.93,2669.58,10,11,No,1,222,36,6,192,No
PO100952,2025-05-12,Supplier_03,Electronics,8,162.54,1300.32,9,10,Yes,1,141,52,8,97,No
PO100953,2025-10-01,Supplier_13,Electronics,20,219.1,4382.0,9,9,Yes,0,224,49,20,0,Yes
PO100954,2025-03-13,Supplier_14,Home & Kitchen,6,283.22,1699.32,7,8,No,1,462,35,6,433,No
PO100955,2025-05-18,Supplier_14,Electronics,17,128.49,2184.33,9,14,No,5,86,44,17,59,No
PO100956,2025-11-23,Supplier_14,Electronics,7,278.1,1946.7,4,5,Yes,1,473,41,7,0,Yes
PO100957,2025-02-24,Supplier_04,Office Supplies,12,448.83,5385.96,8,14,No,6,405,20,12,397,No
PO100958,2025-01-13,Supplier_08,Home & Kitchen,20,209.19,4183.8,9,16,No,7,153,22,20,151,No
PO100959,2025-04-26,Supplier_13,Home & Kitchen,15,465.7,6985.5,8,16,No,8,43,25,15,33,No
PO100960,2025-09-22,Supplier_02,Office Supplies,10,164.08,1640.8,7,6,Yes,0,340,23,10,327,No
PO100961,2025-02-05,Supplier_04,Electronics,19,490.05,9310.95,6,4,Yes,0,83,41,19,0,Yes
PO100962,2025-04-22,Supplier_04,Home & Kitchen,16,380.89,6094.24,10,10,Yes,0,222,20,16,218,No
PO100963,2025-06-30,Supplier_06,Home & Kitchen,11,459.41,5053.51,6,7,Yes,1,354,26,11,339,No
PO100964,2025-06-25,Supplier_02,Electronics,11,34.05,374.55,5,6,No,1,252,40,11,0,Yes
PO100965,2025-04-13,Supplier_03,Electronics,10,244.67,2446.7,5,6,No,1,152,51,10,111,No
PO100966,2025-10-22,Supplier_15,Home & Kitchen,17,277.71,4721.07,8,8,Yes,0,158,27,17,148,No
PO100967,2025-04-04,Supplier_08,Electronics,5,445.2,2226.0,10,16,No,6,189,26,5,168,No
PO100968,2025-12-24,Supplier_13,Home & Kitchen,18,405.89,7306.02,10,17,No,7,464,34,18,0,Yes
PO100969,2025-01-02,Supplier_02,Office Supplies,3,308.2,924.6,10,8,Yes,0,336,24,3,315,No
PO100970,2025-10-16,Supplier_01,Office Supplies,6,443.71,2662.26,8,16,No,8,127,26,6,107,No
PO100971,2025-10-06,Supplier_15,Home & Kitchen,2,391.71,783.42,7,8,Yes,1,372,18,2,356,No
PO100972,2025-01-22,Supplier_15,Electronics,1,92.89,92.89,10,16,No,6,241,51,1,191,No
PO100973,2025-10-17,Supplier_01,Electronics,11,410.74,4518.14,8,17,No,9,349,38,11,0,Yes
PO100974,2025-07-29,Supplier_04,Home & Kitchen,3,92.18,276.54,4,5,No,1,308,26,3,285,No
PO100975,2025-07-21,Supplier_08,Electronics,16,199.1,3185.6,4,4,Yes,0,273,37,16,0,Yes
PO100976,2025-09-23,Supplier_10,Electronics,6,341.42,2048.52,7,11,No,4,225,38,6,0,Yes
PO100977,2025-07-31,Supplier_13,Home & Kitchen,11,364.83,4013.13,7,15,No,8,409,22,11,398,No
PO100978,2025-09-14,Supplier_01,Electronics,6,404.75,2428.5,5,15,No,10,378,49,6,335,No
PO100979,2025-10-01,Supplier_02,Home & Kitchen,13,398.56,5181.28,5,4,Yes,0,205,24,13,194,No
PO100980,2025-03-15,Supplier_01,Home & Kitchen,2,456.84,913.68,3,11,No,8,161,34,2,129,No
PO100981,2025-12-20,Supplier_09,Electronics,17,257.16,4371.72,8,6,Yes,0,454,58,17,0,Yes
PO100982,2025-03-07,Supplier_09,Home & Kitchen,19,344.99,6554.81,10,9,Yes,0,157,18,19,158,No
PO100983,2025-10-31,Supplier_08,Home & Kitchen,14,485.61,6798.54,9,10,Yes,1,412,25,14,401,No
PO100984,2025-10-12,Supplier_04,Home & Kitchen,15,173.5,2602.5,5,3,Yes,0,316,27,15,304,No
PO100985,2025-07-21,Supplier_12,Electronics,19,135.37,2572.03,5,7,No,2,292,44,19,0,Yes
PO100986,2025-05-14,Supplier_14,Electronics,10,146.81,1468.1,10,16,No,6,372,40,10,0,Yes
PO100987,2025-12-11,Supplier_11,Office Supplies,12,359.63,4315.56,8,19,No,11,138,20,12,130,No
PO100988,2025-05-05,Supplier_15,Electronics,2,107.72,215.44,3,14,No,11,364,48,2,318,No
PO100989,2025-08-30,Supplier_13,Electronics,11,381.98,4201.78,8,9,Yes,1,481,46,11,446,No
PO100990,2025-10-06,Supplier_02,Electronics,8,207.95,1663.6,4,5,No,1,412,47,8,0,Yes
PO100991,2025-05-12,Supplier_12,Electronics,3,483.76,1451.28,6,17,No,11,284,44,3,0,Yes
PO100992,2025-08-10,Supplier_10,Office Supplies,17,233.88,3975.96,3,1,Yes,0,236,14,17,239,No
PO100993,2025-09-16,Supplier_09,Electronics,15,44.23,663.45,4,6,No,2,367,46,15,336,No
PO100994,2025-07-24,Supplier_04,Home & Kitchen,2,123.74,247.48,3,1,Yes,0,168,29,2,141,No
PO100995,2025-09-12,Supplier_06,Office Supplies,20,360.32,7206.4,9,13,No,4,364,31,20,353,No
PO100996,2025-09-02,Supplier_06,Electronics,6,125.85,755.1,4,9,No,5,231,41,6,196,No
PO100997,2025-12-17,Supplier_02,Home & Kitchen,4,173.53,694.12,5,9,No,4,244,27,4,221,No
PO100998,2025-01-02,Supplier_06,Electronics,5,114.76,573.8,8,13,No,5,473,59,5,0,Yes
PO100999,2025-07-09,Supplier_03,Electronics,5,421.64,2108.2,9,16,No,7,491,41,5,0,Yes
PO101000,2025-08-18,Supplier_07,Electronics,18,281.45,5066.1,5,6,Yes,1,47,38,18,0,Yes
PO101001,2025-06-18,Supplier_14,Home & Kitchen,10,379.32,3793.2,9,9,Yes,0,90,22,10,78,No
PO101002,2025-03-03,Supplier_12,Home & Kitchen,11,472.75,5200.25,8,14,No,6,197,22,11,186,No
PO101003,2025-01-07,Supplier_04,Office Supplies,18,353.25,6358.5,6,15,No,9,476,25,18,469,No
PO101004,2025-07-21,Supplier_09,Home & Kitchen,16,416.16,6658.56,9,10,Yes,1,151,30,16,137,No
PO101005,2025-07-18,Supplier_14,Home & Kitchen,19,95.79,1820.01,3,4,Yes,1,481,33,19,467,No
PO101006,2025-05-28,Supplier_15,Home & Kitchen,7,268.37,1878.59,8,8,Yes,0,43,23,7,27,No
PO101007,2025-04-10,Supplier_05,Home & Kitchen,17,468.38,7962.46,9,13,No,4,341,40,17,318,No
PO101008,2025-11-27,Supplier_05,Home & Kitchen,10,171.29,1712.9,8,7,Yes,0,152,29,10,133,No
PO101009,2025-10-13,Supplier_01,Home & Kitchen,2,100.01,200.02,4,7,No,3,351,27,2,326,No
PO101010,2025-05-20,Supplier_12,Electronics,6,305.91,1835.46,9,14,No,5,491,45,6,452,No
PO101011,2025-11-27,Supplier_05,Electronics,10,464.81,4648.1,10,17,No,7,52,42,10,20,No
PO101012,2025-03-13,Supplier_06,Office Supplies,18,46.38,834.84,9,17,No,8,140,28,18,130,No
PO101013,2025-11-21,Supplier_06,Electronics,5,373.69,1868.45,5,12,No,7,46,48,5,0,Yes
PO101014,2025-04-12,Supplier_02,Electronics,4,441.36,1765.44,5,3,Yes,0,192,33,4,0,Yes
PO101015,2025-02-02,Supplier_02,Electronics,19,420.35,7986.65,9,7,Yes,0,188,38,19,169,No
PO101016,2025-03-13,Supplier_09,Electronics,17,218.21,3709.57,5,14,No,9,366,53,17,0,Yes
PO101017,2025-08-15,Supplier_07,Home & Kitchen,11,490.04,5390.44,3,9,No,6,326,24,11,313,No
PO101018,2025-01-18,Supplier_05,Electronics,8,464.79,3718.32,8,9,No,1,173,44,8,137,No
PO101019,2025-08-30,Supplier_12,Home & Kitchen,4,88.81,355.24,7,17,No,10,300,33,4,271,No
PO101020,2025-06-03,Supplier_04,Electronics,9,327.8,2950.2,9,7,Yes,0,448,45,9,0,Yes
PO101021,2025-04-06,Supplier_07,Electronics,17,173.02,2941.34,10,14,No,4,439,42,17,414,No
PO101022,2025-05-25,Supplier_05,Home & Kitchen,19,164.67,3128.73,9,20,No,11,93,42,19,70,No
PO101023,2025-07-09,Supplier_08,Home & Kitchen,11,159.87,1758.57,10,19,No,9,446,27,11,430,No
PO101024,2025-10-09,Supplier_02,Home & Kitchen,16,127.45,2039.2,9,19,No,10,172,39,16,149,No
PO101025,2025-08-06,Supplier_15,Electronics,17,362.99,6170.83,8,10,No,2,382,59,17,340,No
PO101026,2025-07-17,Supplier_05,Electronics,16,193.16,3090.56,3,3,Yes,0,101,36,16,81,No
PO101027,2025-04-07,Supplier_04,Electronics,16,257.05,4112.8,8,19,No,11,147,43,16,0,Yes
PO101028,2025-09-29,Supplier_11,,11,345.09,3795.99,10,10,Yes,0,308,60,11,0,Yes
PO101029,2025-06-04,Supplier_09,Electronics,1,143.59,143.59,10,18,No,8,161,56,1,0,Yes
PO101030,2025-06-23,Supplier_12,Home & Kitchen,9,30.1,270.9,10,20,No,10,161,32,9,138,No
PO101031,2025-11-04,Supplier_15,Office Supplies,12,341.45,4097.4,3,4,No,1,158,28,12,142,No
PO101032,2025-03-25,Supplier_11,Home & Kitchen,4,,798.2,9,13,No,4,47,30,4,21,No
PO101033,2025-03-14,Supplier_08,Home & Kitchen,7,25.16,176.12,3,10,No,7,495,18,7,484,No
PO101034,2025-02-18,Supplier_05,Electronics,19,130.53,2480.07,3,14,No,11,499,46,19,0,Yes
PO101035,2025-12-31,Supplier_09,Electronics,4,125.32,501.28,3,4,Yes,1,273,52,4,225,No
PO101036,2025-08-25,Supplier_14,Office Supplies,14,411.38,5759.32,10,8,Yes,0,97,21,14,90,No
PO101037,2025-08-23,Supplier_09,Electronics,5,63.84,319.2,10,14,No,4,155,49,5,0,Yes
PO101038,2025-02-25,Supplier_09,Home & Kitchen,13,266.65,3466.45,6,8,No,2,361,28,13,346,No
PO101039,2025-12-31,Supplier_02,Office Supplies,16,417.9,6686.4,9,15,No,6,221,25,16,212,No
PO101040,2025-10-03,Supplier_07,Home & Kitchen,19,389.15,7393.85,10,19,No,9,289,34,19,274,No
PO101041,2025-07-21,Supplier_11,Home & Kitchen,19,,3798.48,3,2,Yes,0,237,31,19,225,No
PO101042,2025-06-04,Supplier_13,Home & Kitchen,19,464.96,8834.24,4,2,Yes,0,49,26,19,42,No
PO101043,2025-10-09,Supplier_14,Electronics,19,394.78,7500.82,6,10,No,4,165,58,19,126,No
PO101044,2025-06-11,Supplier_10,Home & Kitchen,9,55.17,496.53,5,13,No,8,370,31,9,348,No
PO101045,2025-11-01,Supplier_14,Electronics,16,460.7,7371.2,6,16,No,10,193,47,16,162,No
PO101046,2025-05-31,Supplier_01,Electronics,16,452.83,7245.28,7,18,No,11,198,41,16,0,Yes
PO101047,2025-04-20,Supplier_09,Electronics,13,412.15,5357.95,8,14,No,6,248,40,13,0,Yes
PO101048,2025-02-16,Supplier_04,Home & Kitchen,13,373.54,4856.02,4,15,No,11,247,26,13,234,No
PO101049,2025-11-29,Supplier_06,Home & Kitchen,1,85.63,85.63,6,16,No,10,41,29,1,13,No
PO101050,2025-11-06,Supplier_15,Home & Kitchen,2,258.13,516.26,5,3,Yes,0,203,22,2,183,No
PO101051,2025-02-11,Supplier_11,Electronics,11,83.69,920.59,9,7,Yes,0,313,51,11,0,Yes
PO101052,2025-03-07,Supplier_07,Home & Kitchen,8,136.47,1091.76,3,4,No,1,144,25,8,0,Yes
PO101053,2025-10-06,Supplier_15,Home & Kitchen,9,321.71,2895.39,10,8,Yes,0,82,33,9,0,Yes
PO101054,2025-05-08,Supplier_06,Electronics,16,390.94,6255.04,6,7,Yes,1,151,43,16,0,Yes
PO101055,2025-07-03,Supplier_15,Home & Kitchen,15,175.85,2637.75,5,6,No,1,474,26,15,463,No
PO101056,2025-04-30,Supplier_05,Home & Kitchen,16,89.36,1429.76,7,15,No,8,379,28,16,367,No
PO101057,2025-12-11,Supplier_05,Home & Kitchen,10,488.18,4881.8,5,12,No,7,364,35,10,339,No
PO101058,2025-11-04,Supplier_10,Office Supplies,2,112.93,225.86,4,10,No,6,102,25,2,79,No
PO101059,2025-07-11,Supplier_15,Home & Kitchen,3,40.5,121.5,5,6,Yes,1,134,25,3,112,No
PO101060,2025-09-27,Supplier_02,Home & Kitchen,16,119.38,1910.08,5,9,No,4,460,33,16,443,No
PO101061,2025-09-27,Supplier_11,Electronics,12,99.0,1188.0,9,11,No,2,57,43,12,0,Yes
PO101062,2025-06-02,Supplier_07,Electronics,8,326.85,2614.8,4,13,No,9,494,44,8,0,Yes
PO101063,2025-05-14,Supplier_14,Electronics,2,430.44,860.88,5,7,No,2,47,42,2,7,No
PO101064,2025-03-07,Supplier_12,Home & Kitchen,20,293.68,5873.6,6,6,Yes,0,75,24,20,71,No
PO101065,2025-05-06,Supplier_03,Electronics,4,432.65,1730.6,10,15,No,5,100,45,4,59,No
PO101066,2025-02-20,Supplier_11,Electronics,6,312.97,1877.82,9,10,Yes,1,110,40,6,0,Yes
PO101067,2025-09-15,Supplier_15,Office Supplies,6,67.06,402.36,6,5,Yes,0,330,25,6,311,No
PO101068,2025-07-23,Supplier_03,Electronics,5,194.78,973.9,10,12,No,2,493,30,5,468,No
PO101069,2025-03-26,Supplier_12,Electronics,19,487.96,9271.24,5,4,Yes,0,203,35,19,0,Yes
PO101070,2025-11-20,Supplier_02,Electronics,6,249.65,1497.9,6,4,Yes,0,148,47,6,0,Yes
PO101071,2025-04-17,Supplier_03,Home & Kitchen,1,81.75,81.75,8,12,No,4,482,29,1,454,No
PO101072,2025-01-04,Supplier_04,Home & Kitchen,4,56.33,225.32,5,5,Yes,0,367,22,4,349,No
PO101073,2025-07-17,Supplier_09,Home & Kitchen,20,317.59,6351.8,10,12,No,2,211,27,20,204,No
PO101074,2025-10-13,Supplier_12,Electronics,10,435.14,4351.4,3,3,Yes,0,291,51,10,0,Yes
PO101075,2025-10-09,Supplier_02,Office Supplies,17,341.92,5812.64,3,13,No,10,76,16,17,77,No
PO101076,2025-06-20,Supplier_01,Electronics,6,453.66,2721.96,9,18,No,9,394,46,6,0,Yes
PO101077,2025-08-21,Supplier_11,Electronics,19,211.5,4018.5,8,13,No,5,167,42,19,0,Yes
PO101078,2025-03-14,Supplier_05,Home & Kitchen,18,104.34,1878.12,5,16,No,11,122,30,18,110,No
PO101079,2025-03-13,Supplier_09,Office Supplies,15,221.74,3326.1,10,11,Yes,1,365,22,15,358,No
PO101080,2025-03-31,Supplier_07,Electronics,20,298.72,5974.4,3,11,No,8,392,57,20,355,No
PO101081,2025-11-29,Supplier_09,Electronics,10,218.2,2182.0,4,4,Yes,0,333,46,10,297,No
PO101082,2025-01-23,Supplier_05,Electronics,19,470.73,8943.87,10,20,No,10,322,36,19,305,No
PO101083,2025-06-11,Supplier_13,Office Supplies,16,208.69,3339.04,8,8,Yes,0,66,23,16,59,No
PO101084,2025-03-17,Supplier_02,Home & Kitchen,19,139.27,2646.13,4,15,No,11,91,20,19,90,No
PO101085,2025-02-21,Supplier_12,Office Supplies,20,120.97,2419.4,7,7,Yes,0,65,14,20,71,No
PO101086,2025-09-22,Supplier_07,Office Supplies,13,422.8,5496.4,5,4,Yes,0,385,26,13,372,No
PO101087,2025-09-28,Supplier_02,Office Supplies,16,294.94,4719.04,4,10,No,6,32,20,16,0,Yes
PO101088,2025-06-02,Supplier_14,Home & Kitchen,3,301.71,905.13,3,8,No,5,260,28,3,235,No
PO101089,2025-10-06,Supplier_12,Electronics,1,181.58,181.58,5,5,Yes,0,101,41,1,0,Yes
PO101090,2025-06-20,Supplier_03,Electronics,15,297.45,4461.75,3,10,No,7,423,45,15,0,Yes
PO101091,2025-01-17,Supplier_09,Electronics,9,153.86,1384.74,10,11,Yes,1,141,44,9,106,No
PO101092,2025-06-12,Supplier_03,Electronics,15,19.59,293.85,5,13,No,8,433,42,15,0,Yes
PO101093,2025-10-18,Supplier_03,Office Supplies,19,407.46,7741.74,6,17,No,11,269,13,19,275,No
PO101094,2025-04-08,Supplier_05,Office Supplies,2,336.75,673.5,8,11,No,3,293,28,2,267,No
PO101095,2025-06-13,Supplier_06,Home & Kitchen,7,226.44,1585.08,10,8,Yes,0,103,28,7,82,No
PO101096,2025-12-16,Supplier_15,Home & Kitchen,7,182.7,1278.9,3,5,No,2,374,28,7,353,No
PO101097,2025-04-25,Supplier_08,Home & Kitchen,2,243.8,487.6,10,10,Yes,0,280,31,2,251,No
PO101098,2025-07-04,Supplier_07,Home & Kitchen,3,473.1,1419.3,5,4,Yes,0,33,30,3,6,No
PO101099,2025-08-26,Supplier_13,Electronics,12,111.38,1336.56,8,7,Yes,0,463,54,12,0,Yes
PO101100,2025-02-23,Supplier_01,Office Supplies,4,373.93,1495.72,8,9,No,1,173,20,4,157,No
PO101101,2025-07-03,Supplier_14,Electronics,1,354.07,354.07,5,4,Yes,0,78,44,1,0,Yes
PO101102,2025-06-28,Supplier_01,Electronics,11,369.31,4062.41,7,11,No,4,86,31,11,66,No
PO101103,2025-09-13,Supplier_02,Home & Kitchen,10,199.45,1994.5,7,14,No,7,349,29,10,330,No
PO101104,2025-09-02,Supplier_01,Electronics,18,56.13,1010.34,6,7,No,1,104,49,18,0,Yes
PO101105,2025-12-20,Supplier_07,Electronics,5,365.91,1829.55,10,11,Yes,1,215,44,5,0,Yes
PO101106,2025-12-26,Supplier_15,Office Supplies,19,342.59,6509.21,7,6,Yes,0,69,31,19,57,No
PO101107,2025-03-07,Supplier_13,Electronics,12,471.42,5657.04,10,10,Yes,0,81,40,12,53,No
PO101108,2025-10-18,Supplier_02,Electronics,14,426.82,5975.48,4,12,No,8,272,46,14,0,Yes
PO101109,2025-04-07,Supplier_10,Home & Kitchen,7,349.67,2447.69,7,18,No,11,76,24,7,59,No
PO101110,2025-10-27,Supplier_15,Electronics,17,210.09,3571.53,6,13,No,7,295,58,17,0,Yes
PO101111,2025-09-30,Supplier_13,Electronics,11,334.23,3676.53,7,11,No,4,210,55,11,166,No
PO101112,2025-12-07,Supplier_05,Office Supplies,15,247.03,3705.45,5,13,No,8,334,22,15,327,No
PO101113,2025-09-23,Supplier_09,Electronics,15,249.16,3737.4,9,10,No,1,499,36,15,478,No
PO101114,2025-03-02,Supplier_06,Office Supplies,16,226.47,3623.52,9,16,No,7,82,16,16,82,No
PO101115,2025-02-16,Supplier_04,Office Supplies,2,320.96,641.92,5,4,Yes,0,378,21,2,359,No
PO101116,2025-10-30,Supplier_14,Office Supplies,1,203.9,203.9,5,14,No,9,457,19,1,439,No
PO101117,2025-04-25,Supplier_08,Electronics,6,55.56,333.36,8,7,Yes,0,355,40,6,321,No
PO101118,2025-10-07,Supplier_08,Electronics,8,240.98,1927.84,9,10,No,1,131,46,8,93,No
PO101119,2025-08-02,Supplier_08,Electronics,2,149.8,299.6,10,9,Yes,0,141,48,2,95,No
PO101120,2025-12-24,Supplier_04,Home & Kitchen,17,220.63,3750.71,7,8,Yes,1,40,30,17,27,No
PO101121,2025-11-29,Supplier_14,Home & Kitchen,20,203.47,4069.4,6,10,No,4,301,26,20,295,No
PO101122,2025-07-17,Supplier_09,Office Supplies,12,387.07,4644.84,9,12,No,3,140,20,12,132,No
PO101123,2025-10-15,Supplier_06,Electronics,3,491.19,1473.57,3,9,No,6,56,43,3,0,Yes
PO101124,2025-02-04,Supplier_09,Home & Kitchen,5,111.25,556.25,8,19,No,11,224,24,5,205,No
PO101125,2025-12-21,Supplier_04,Office Supplies,19,143.88,2733.72,10,10,Yes,0,329,22,19,326,No
PO101126,2025-04-17,Supplier_08,Home & Kitchen,8,49.73,397.84,7,6,Yes,0,353,26,8,335,No
PO101127,2025-06-17,Supplier_12,Electronics,1,410.46,410.46,5,16,No,11,298,43,1,256,No
PO101128,2025-11-07,Supplier_13,Electronics,11,212.97,2342.67,4,4,Yes,0,317,35,11,293,No
PO101129,2025-10-20,Supplier_07,Electronics,10,48.53,485.3,4,9,No,5,336,42,10,0,Yes
PO101130,2025-01-18,Supplier_11,Electronics,2,444.21,888.42,5,8,No,3,276,40,2,0,Yes
PO101131,2025-11-27,Supplier_08,Electronics,14,253.48,3548.72,7,10,No,3,304,52,14,0,Yes
PO101132,2025-08-22,Supplier_02,,15,461.91,6928.65,3,9,No,6,275,18,15,272,No
PO101133,2025-06-08,Supplier_15,Electronics,2,111.44,222.88,5,5,Yes,0,232,39,2,0,Yes
PO101134,2025-03-01,Supplier_14,Office Supplies,18,240.88,4335.84,8,18,No,10,395,24,18,389,No
PO101135,2025-12-05,Supplier_11,Electronics,4,121.58,486.32,6,16,No,10,234,45,4,193,No
PO101136,2025-11-22,Supplier_01,Electronics,9,297.09,2673.81,8,18,No,10,463,42,9,0,Yes
PO101137,2025-05-19,,Electronics,15,471.61,7074.15,10,9,Yes,0,90,39,15,0,Yes
PO101138,2025-06-21,Supplier_04,Electronics,12,370.82,4449.84,9,13,No,4,266,50,12,228,No
PO101139,2025-06-13,Supplier_15,Home & Kitchen,5,187.53,937.65,4,11,No,7,241,35,5,211,No
PO101140,2025-06-12,Supplier_02,Home & Kitchen,12,280.41,3364.92,8,19,No,11,283,28,12,267,No
PO101141,2025-04-07,Supplier_11,Office Supplies,3,98.6,295.8,4,3,Yes,0,183,19,3,167,No
PO101142,2025-01-28,Supplier_06,Home & Kitchen,4,239.5,958.0,9,7,Yes,0,456,34,4,0,Yes
PO101143,2025-01-29,Supplier_15,Electronics,14,289.1,4047.4,4,8,No,4,399,50,14,363,No
PO101144,2025-12-29,Supplier_12,Home & Kitchen,18,469.93,8458.74,8,15,No,7,223,32,18,209,No
PO101145,2025-07-29,Supplier_10,Electronics,1,385.17,385.17,5,12,No,7,173,34,1,140,No
PO101146,2025-08-26,Supplier_08,Home & Kitchen,17,399.39,6789.63,8,7,Yes,0,34,20,17,31,No
PO101147,2025-10-26,Supplier_09,Home & Kitchen,9,249.52,2245.68,7,8,Yes,1,373,31,9,351,No
PO101148,2025-08-16,Supplier_10,Home & Kitchen,13,227.0,2951.0,5,11,No,6,82,32,13,63,No
PO101149,2025-11-06,Supplier_05,Electronics,4,176.97,707.88,7,17,No,10,263,30,4,0,Yes
PO101150,2025-10-11,Supplier_09,Office Supplies,14,39.92,558.88,10,10,Yes,0,469,19,14,464,No
PO101151,2025-11-18,Supplier_04,Office Supplies,10,155.8,1558.0,3,9,No,6,307,25,10,292,No
PO101152,2025-01-11,Supplier_05,Home & Kitchen,14,113.45,1588.3,7,7,Yes,0,432,34,14,412,No
PO101153,2025-02-02,Supplier_08,Electronics,18,269.68,4854.24,7,8,Yes,1,258,32,18,244,No
PO101154,2025-08-25,Supplier_10,Electronics,15,340.03,5100.45,4,5,No,1,226,49,15,192,No
PO101155,2025-10-31,Supplier_01,Electronics,6,407.69,2446.14,9,13,No,4,498,44,6,460,No
PO101156,2025-02-02,Supplier_15,Home & Kitchen,13,246.44,3203.72,9,18,No,9,64,31,13,46,No
PO101157,2025-09-25,Supplier_03,Electronics,8,476.22,3809.76,9,19,No,10,370,49,8,0,Yes
PO101158,2025-05-09,Supplier_09,Electronics,20,232.89,4657.8,10,9,Yes,0,350,44,20,326,No
PO101159,2025-11-23,Supplier_11,Home & Kitchen,7,358.68,2510.76,3,5,No,2,99,24,7,82,No
PO101160,2025-08-26,Supplier_05,Office Supplies,14,58.43,818.02,6,8,No,2,375,28,14,361,No
PO101161,2025-02-11,Supplier_11,Office Supplies,9,119.29,1073.61,9,15,No,6,154,27,9,136,No
PO101162,2025-08-30,Supplier_08,Home & Kitchen,14,289.11,4047.54,8,9,Yes,1,365,30,14,349,No
PO101163,2025-06-03,Supplier_01,Electronics,9,109.16,982.44,7,18,No,11,123,34,9,0,Yes
PO101164,2025-12-31,Supplier_14,Home & Kitchen,11,393.76,4331.36,4,5,Yes,1,231,31,11,211,No
PO101165,2025-04-01,Supplier_03,Office Supplies,20,223.82,4476.4,3,11,No,8,383,20,20,0,Yes
PO101166,2025-08-24,Supplier_02,Electronics,7,80.45,563.15,9,20,No,11,414,47,7,0,Yes
PO101167,2025-02-09,Supplier_10,Electronics,16,388.43,6214.88,8,9,Yes,1,383,44,16,0,Yes
PO101168,2025-09-01,Supplier_03,Electronics,4,411.56,1646.24,4,10,No,6,102,50,4,0,Yes
PO101169,2025-08-24,Supplier_07,Home & Kitchen,18,50.74,913.32,5,4,Yes,0,96,26,18,88,No
PO101170,2025-08-12,Supplier_01,Office Supplies,9,149.55,1345.95,7,14,No,7,142,24,9,127,No
PO101171,2025-08-27,Supplier_09,Office Supplies,14,361.03,5054.42,8,18,No,10,328,19,14,323,No
PO101172,2025-08-15,Supplier_14,Electronics,14,403.8,5653.2,3,14,No,11,488,43,14,459,No
PO101173,2025-11-01,Supplier_02,Home & Kitchen,5,83.43,417.15,7,15,No,8,153,29,5,129,No
PO101174,2025-04-25,Supplier_09,Electronics,2,471.74,943.48,4,13,No,9,479,61,2,0,Yes
PO101175,2025-12-24,Supplier_13,Home & Kitchen,18,460.44,8287.92,6,6,Yes,0,355,40,18,333,No
PO101176,2025-03-24,Supplier_04,Office Supplies,3,136.22,408.66,5,15,No,10,380,27,3,0,Yes
PO101177,2025-04-22,Supplier_04,Office Supplies,7,351.41,2459.87,9,10,Yes,1,112,19,7,100,No
PO101178,2025-03-01,Supplier_07,Home & Kitchen,1,396.06,396.06,5,3,Yes,0,211,24,1,188,No
PO101179,2025-02-11,Supplier_06,Electronics,19,104.36,1982.84,7,10,No,3,465,54,19,0,Yes
PO101180,2025-10-21,Supplier_02,Office Supplies,13,364.19,4734.47,3,14,No,11,49,20,13,42,No
PO101181,2025-07-04,Supplier_07,Office Supplies,5,467.27,2336.35,10,14,No,4,380,29,5,356,No
PO101182,2025-06-27,Supplier_14,Home & Kitchen,17,296.19,5035.23,5,9,No,4,254,34,17,237,No
PO101183,2025-12-22,Supplier_09,Office Supplies,19,364.3,6921.7,10,15,No,5,78,16,19,81,No
PO101184,2025-10-25,Supplier_05,Electronics,8,159.54,1276.32,5,6,Yes,1,391,41,8,0,Yes
PO101185,2025-12-16,Supplier_15,Electronics,5,372.85,1864.25,7,16,No,9,132,48,5,89,No
PO101186,2025-02-14,Supplier_02,Office Supplies,4,22.32,89.28,3,6,No,3,79,27,4,56,No
PO101187,2025-04-15,Supplier_04,Electronics,17,79.52,1351.84,8,15,No,7,266,54,17,0,Yes
PO101188,2025-01-27,Supplier_15,Home & Kitchen,12,118.01,1416.12,4,5,No,1,400,23,12,389,No
PO101189,2025-04-08,Supplier_03,Electronics,19,235.22,4469.18,7,10,No,3,252,36,19,235,No
PO101190,2025-05-25,Supplier_13,Electronics,15,337.18,5057.7,6,12,No,6,244,44,15,215,No
PO101191,2025-07-04,Supplier_03,Home & Kitchen,12,65.35,784.2,3,2,Yes,0,156,33,12,135,No
PO101192,2025-03-05,Supplier_04,Office Supplies,17,245.66,4176.22,10,11,Yes,1,384,24,17,377,No
PO101193,2025-11-07,Supplier_12,Home & Kitchen,14,324.92,4548.88,9,15,No,6,319,24,14,309,No
PO101194,2025-08-31,Supplier_10,Electronics,14,241.03,3374.42,6,6,Yes,0,53,51,14,16,No
PO101195,2025-10-18,Supplier_06,Electronics,1,319.98,319.98,5,11,No,6,102,47,1,0,Yes
PO101196,2025-10-20,Supplier_05,Office Supplies,14,402.48,5634.72,5,4,Yes,0,124,19,14,119,No
PO101197,2025-04-16,Supplier_14,Office Supplies,8,81.36,650.88,4,12,No,8,422,21,8,409,No
PO101198,2025-09-20,Supplier_07,Electronics,1,440.58,440.58,8,18,No,10,302,33,1,270,No
PO101199,2025-05-31,Supplier_01,Office Supplies,9,416.16,3745.44,6,11,No,5,496,18,9,487,No
PO101200,2025-09-29,Supplier_12,Home & Kitchen,2,115.72,231.44,8,9,Yes,1,396,38,2,0,Yes
PO101201,2025-04-14,Supplier_08,Electronics,20,250.51,5010.2,3,5,No,2,80,49,20,51,No
PO101202,2025-05-06,Supplier_03,Home & Kitchen,5,294.85,1474.25,4,15,No,11,68,30,5,43,No
PO101203,2025-12-27,Supplier_12,Electronics,13,327.43,4256.59,5,3,Yes,0,379,41,13,0,Yes
PO101204,2025-07-24,Supplier_08,Electronics,9,229.92,2069.28,8,12,No,4,37,57,9,1,No
PO101205,2025-01-03,Supplier_08,Electronics,3,146.42,439.26,8,19,No,11,61,56,3,0,Yes
PO101206,2025-10-29,Supplier_13,Home & Kitchen,1,479.07,479.07,4,2,Yes,0,428,25,1,404,No
PO101207,2025-05-12,Supplier_07,Office Supplies,12,160.7,1928.4,3,12,No,9,424,23,12,413,No
PO101208,2025-02-06,Supplier_01,Office Supplies,4,144.81,579.24,7,14,No,7,269,15,4,258,No
PO101209,2025-12-14,Supplier_13,Office Supplies,2,261.27,522.54,6,4,Yes,0,443,21,2,424,No
PO101210,2025-10-11,Supplier_04,Electronics,6,322.49,1934.94,4,12,No,8,332,34,6,0,Yes
PO101211,2025-08-26,Supplier_08,Office Supplies,18,387.11,6967.98,8,6,Yes,0,158,24,18,152,No
PO101212,2025-01-12,Supplier_07,Electronics,19,365.71,6948.49,3,2,Yes,0,213,56,19,0,Yes
PO101213,2025-02-21,Supplier_14,Electronics,8,202.02,1616.16,4,9,No,5,455,39,8,0,Yes
PO101214,2025-04-19,Supplier_01,Electronics,4,117.3,469.2,6,14,No,8,152,57,4,0,Yes
PO101215,2025-01-12,Supplier_04,Electronics,17,84.54,1437.18,9,8,Yes,0,241,40,17,0,Yes
PO101216,2025-01-27,Supplier_06,Office Supplies,10,283.89,2838.9,5,3,Yes,0,417,29,10,398,No
PO101217,2025-12-02,Supplier_09,Electronics,12,45.51,546.12,6,7,No,1,162,42,12,132,No
PO101218,2025-08-19,Supplier_04,Electronics,3,430.2,1290.6,8,19,No,11,316,55,3,0,Yes
PO101219,2025-08-28,Supplier_10,Home & Kitchen,13,425.44,5530.72,6,11,No,5,63,28,13,48,No
PO101220,2025-12-09,Supplier_03,Office Supplies,9,453.18,4078.62,3,10,No,7,486,18,9,477,No
PO101221,2025-12-15,Supplier_14,Electronics,19,360.48,6849.12,10,19,No,9,45,40,19,0,Yes
PO101222,2025-09-20,Supplier_15,Office Supplies,12,241.68,2900.16,5,6,Yes,1,142,22,12,132,No
PO101223,2025-11-11,Supplier_02,Home & Kitchen,7,288.12,2016.84,8,10,No,2,456,18,7,445,No
PO101224,2025-05-19,Supplier_10,Home & Kitchen,7,118.29,828.03,9,7,Yes,0,379,33,7,353,No
PO101225,2025-02-27,Supplier_13,Home & Kitchen,4,160.04,640.16,3,10,No,7,306,27,4,283,No
PO101226,2025-06-01,Supplier_06,Home & Kitchen,10,177.52,1775.2,4,9,No,5,112,26,10,96,No
PO101227,2025-05-12,Supplier_11,Home & Kitchen,4,266.18,1064.72,3,1,Yes,0,459,34,4,429,No
PO101228,2025-07-08,Supplier_13,Electronics,3,411.13,1233.39,4,14,No,10,45,48,3,1,No
PO101229,2025-08-11,Supplier_13,Home & Kitchen,17,470.15,7992.55,3,8,No,5,172,31,17,158,No
PO101230,2025-04-22,Supplier_09,Electronics,4,384.12,1536.48,3,1,Yes,0,377,51,4,0,Yes
PO101231,2025-04-21,Supplier_10,Electronics,4,387.34,1549.36,3,1,Yes,0,421,40,4,0,Yes
PO101232,2025-11-19,Supplier_03,Office Supplies,16,451.77,7228.32,4,6,No,2,185,22,16,179,No
PO101233,2025-05-19,Supplier_07,Home & Kitchen,1,182.42,182.42,6,9,No,3,75,28,1,48,No
PO101234,2025-06-30,Supplier_11,Home & Kitchen,17,272.84,4638.28,5,11,No,6,394,30,17,381,No
PO101235,2025-12-15,Supplier_12,Electronics,2,461.9,923.8,10,17,No,7,226,56,2,0,Yes
PO101236,2025-02-11,Supplier_06,Home & Kitchen,2,430.93,861.86,9,16,No,7,164,28,2,138,No
PO101237,2025-09-10,Supplier_05,Electronics,19,199.73,3794.87,6,6,Yes,0,32,37,19,14,No
PO101238,2025-09-17,Supplier_11,Electronics,15,409.85,6147.75,7,18,No,11,157,48,15,0,Yes
PO101239,2025-11-30,Supplier_01,Office Supplies,8,173.32,1386.56,5,8,No,3,207,27,8,188,No
PO101240,2025-07-16,Supplier_04,Office Supplies,9,234.92,2114.28,7,8,Yes,1,471,16,9,464,No
PO101241,2025-04-25,Supplier_12,Home & Kitchen,3,492.51,1477.53,7,16,No,9,332,31,3,304,No
PO101242,2025-10-24,Supplier_11,Home & Kitchen,18,462.31,8321.58,6,14,No,8,328,27,18,319,No
PO101243,2025-11-22,Supplier_13,Electronics,3,495.25,1485.75,5,12,No,7,458,56,3,0,Yes
PO101244,2025-01-11,Supplier_12,Home & Kitchen,16,314.24,5027.84,3,1,Yes,0,484,31,16,469,No
PO101245,2025-04-25,Supplier_13,Electronics,17,111.2,1890.4,7,5,Yes,0,192,49,17,160,No
PO101246,2025-12-20,Supplier_05,Office Supplies,1,217.38,217.38,7,17,No,10,82,30,1,53,No
PO101247,2025-08-25,Supplier_07,Office Supplies,13,430.79,5600.27,5,9,No,4,58,30,13,0,Yes
PO101248,2025-09-28,Supplier_10,Home & Kitchen,17,125.98,2141.66,7,6,Yes,0,65,37,17,45,No
PO101249,2025-09-13,Supplier_11,Electronics,9,97.52,877.68,10,17,No,7,220,46,9,183,No
PO101250,2025-01-14,Supplier_06,Home & Kitchen,3,345.1,1035.3,6,6,Yes,0,381,26,3,358,No
PO101251,2025-03-21,Supplier_11,Electronics,5,134.68,673.4,5,5,Yes,0,230,60,5,175,No
PO101252,2025-07-06,Supplier_03,Electronics,16,28.57,457.12,9,19,No,10,340,35,16,321,No
PO101253,2025-07-20,Supplier_05,Electronics,4,69.93,279.72,10,9,Yes,0,191,37,4,0,Yes
PO101254,2025-07-02,Supplier_11,Home & Kitchen,15,483.53,7252.95,5,12,No,7,113,21,15,107,No
PO101255,2025-12-13,Supplier_12,Electronics,7,193.88,1357.16,6,12,No,6,439,46,7,0,Yes
PO101256,2025-06-13,Supplier_02,Electronics,12,175.65,2107.8,5,15,No,10,252,45,12,0,Yes
PO101257,2025-10-06,Supplier_15,Office Supplies,20,301.84,6036.8,5,3,Yes,0,445,17,20,448,No
PO101258,2025-09-02,Supplier_12,Electronics,2,313.59,627.18,10,12,No,2,299,56,2,245,No
PO101259,2025-03-31,Supplier_06,Office Supplies,4,498.89,1995.56,6,15,No,9,411,19,4,396,No
PO101260,2025-09-07,Supplier_10,Electronics,14,169.55,2373.7,5,5,Yes,0,132,36,14,110,No
PO101261,2025-03-05,Supplier_05,Home & Kitchen,7,307.25,2150.75,10,8,Yes,0,295,32,7,270,No
PO101262,2025-05-28,Supplier_02,Home & Kitchen,6,161.96,971.76,3,8,No,5,68,34,6,40,No
PO101263,2025-01-06,Supplier_09,Home & Kitchen,11,494.65,5441.15,7,6,Yes,0,56,27,11,40,No
PO101264,2025-01-29,Supplier_14,Office Supplies,1,285.34,285.34,9,10,Yes,1,382,23,1,360,No
PO101265,2025-11-13,Supplier_14,Electronics,12,158.75,1905.0,5,15,No,10,390,53,12,349,No
PO101266,2025-01-24,Supplier_02,Home & Kitchen,2,496.03,992.06,10,14,No,4,98,21,2,79,No
PO101267,2025-02-13,Supplier_10,Electronics,7,351.05,2457.35,10,10,Yes,0,467,49,7,0,Yes
PO101268,2025-02-01,Supplier_02,Electronics,7,325.65,2279.55,5,7,No,2,465,52,7,0,Yes
PO101269,2025-01-24,Supplier_15,Electronics,11,284.42,3128.62,10,9,Yes,0,280,53,11,0,Yes
PO101270,2025-07-16,Supplier_07,Electronics,13,414.35,5386.55,8,13,No,5,80,43,13,0,Yes
PO101271,2025-04-02,Supplier_14,Electronics,16,477.5,7640.0,6,7,Yes,1,371,48,16,339,No
PO101272,2025-11-17,Supplier_08,Electronics,18,325.99,5867.82,10,18,No,8,174,43,18,149,No
PO101273,2025-01-04,Supplier_11,Home & Kitchen,16,496.79,7948.64,6,16,No,10,86,22,16,80,No
PO101274,2025-10-10,Supplier_01,Electronics,14,480.11,6721.54,10,15,No,5,475,37,14,452,No
PO101275,2025-04-12,Supplier_11,Electronics,14,96.76,1354.64,10,8,Yes,0,419,50,14,0,Yes
PO101276,2025-07-02,Supplier_09,Electronics,7,385.45,2698.15,7,15,No,8,494,38,7,0,Yes
PO101277,2025-01-13,Supplier_03,Office Supplies,19,454.29,8631.51,5,11,No,6,385,30,19,0,Yes
PO101278,2025-09-30,Supplier_07,Electronics,15,71.29,1069.35,8,16,No,8,311,44,15,0,Yes
PO101279,2025-05-19,Supplier_06,Electronics,1,108.34,108.34,10,8,Yes,0,132,50,1,83,No
PO101280,2025-11-16,Supplier_01,Electronics,20,97.85,1957.0,6,5,Yes,0,269,48,20,0,Yes
PO101281,2025-10-12,Supplier_13,Home & Kitchen,4,272.7,1090.8,3,7,No,4,130,38,4,96,No
PO101282,2025-11-22,Supplier_11,Electronics,7,54.23,379.61,7,10,No,3,275,41,7,0,Yes
PO101283,2025-10-16,Supplier_07,Home & Kitchen,3,104.79,314.37,6,12,No,6,338,35,3,306,No
PO101284,2025-03-02,Supplier_05,Home & Kitchen,1,142.82,142.82,9,9,Yes,0,126,25,1,102,No
PO101285,2025-08-16,Supplier_04,Electronics,5,378.47,1892.35,10,19,No,9,252,35,5,0,Yes
PO101286,2025-08-21,Supplier_12,Office Supplies,14,118.58,1660.12,3,10,No,7,198,25,14,187,No
PO101287,2025-03-09,Supplier_01,Office Supplies,15,464.35,6965.25,8,16,No,8,366,25,15,356,No
PO101288,2025-05-31,Supplier_08,Electronics,11,66.78,734.58,9,12,No,3,90,54,11,47,No
PO101289,2025-12-16,Supplier_04,Electronics,20,323.36,6467.2,10,18,No,8,292,29,20,0,Yes
PO101290,2025-02-14,Supplier_02,Home & Kitchen,18,249.66,4493.88,10,11,No,1,351,22,18,347,No
PO101291,2025-07-25,Supplier_09,Electronics,8,85.32,682.56,6,4,Yes,0,411,43,8,0,Yes
PO101292,2025-12-16,Supplier_05,Office Supplies,4,175.87,703.48,6,7,Yes,1,405,22,4,387,No
PO101293,2025-01-27,Supplier_14,Office Supplies,19,352.47,6696.93,6,5,Yes,0,420,21,19,418,No
PO101294,2025-10-09,Supplier_11,Home & Kitchen,15,294.03,4410.45,6,7,No,1,284,22,15,277,No
PO101295,2025-09-01,Supplier_06,Home & Kitchen,16,141.29,2260.64,4,13,No,9,119,28,16,107,No
PO101296,2025-12-01,Supplier_15,Electronics,4,254.8,1019.2,7,8,No,1,454,62,4,396,No
PO101297,2025-12-25,Supplier_12,Home & Kitchen,1,83.64,83.64,10,10,Yes,0,362,29,1,334,No
PO101298,2025-07-20,Supplier_08,Electronics,7,89.82,628.74,8,9,Yes,1,384,46,7,345,No
PO101299,2025-12-03,Supplier_02,Electronics,3,167.57,502.71,10,18,No,8,173,43,3,0,Yes
PO101300,2025-07-14,,Office Supplies,20,139.52,2790.4,9,14,No,5,474,24,20,470,No
PO101301,2025-05-01,Supplier_13,Electronics,3,179.62,538.86,5,7,No,2,349,54,3,0,Yes
PO101302,2025-09-27,Supplier_08,Office Supplies,6,378.62,2271.72,4,12,No,8,424,16,6,414,No
PO101303,2025-02-19,Supplier_14,Electronics,18,24.44,439.92,10,18,No,8,156,56,18,0,Yes
PO101304,2025-03-18,Supplier_08,Office Supplies,7,330.35,2312.45,8,13,No,5,398,23,7,382,No
PO101305,2025-12-05,Supplier_08,Electronics,6,65.87,395.22,6,16,No,10,271,53,6,0,Yes
PO101306,2025-05-12,Supplier_13,Electronics,8,493.81,3950.48,5,16,No,11,473,41,8,0,Yes
PO101307,2025-07-04,Supplier_07,Electronics,9,62.19,559.71,4,5,No,1,497,45,9,0,Yes
PO101308,2025-03-18,Supplier_08,Home & Kitchen,1,297.2,297.2,8,18,No,10,480,27,1,454,No
PO101309,2025-11-20,Supplier_14,Electronics,5,383.87,1919.35,5,14,No,9,386,42,5,0,Yes
PO101310,2025-01-31,Supplier_04,Electronics,10,48.38,483.8,8,7,Yes,0,386,36,10,0,Yes
PO101311,2025-10-04,Supplier_04,Home & Kitchen,8,177.13,1417.04,10,13,No,3,393,28,8,373,No
PO101312,2025-10-11,Supplier_14,Home & Kitchen,3,279.1,837.3,10,10,Yes,0,81,23,3,61,No
PO101313,2025-09-16,Supplier_14,Electronics,6,420.63,2523.78,5,8,No,3,65,60,6,11,No
PO101314,2025-09-03,Supplier_15,Home & Kitchen,4,225.2,900.8,4,13,No,9,137,38,4,103,No
PO101315,2025-12-01,Supplier_14,Home & Kitchen,3,129.94,389.82,5,14,No,9,261,38,3,226,No
PO101316,2025-06-03,Supplier_01,Office Supplies,20,359.11,7182.2,9,13,No,4,226,11,20,235,No
PO101317,2025-11-29,Supplier_15,Office Supplies,10,28.68,286.8,4,8,No,4,219,25,10,204,No
PO101318,2025-04-29,Supplier_03,Home & Kitchen,12,364.06,4368.72,10,20,No,10,485,37,12,460,No
PO101319,2025-12-30,Supplier_14,Home & Kitchen,15,90.85,1362.75,7,5,Yes,0,407,29,15,393,No
PO101320,2025-01-13,Supplier_11,Electronics,9,247.91,2231.19,5,6,Yes,1,200,39,9,0,Yes
PO101321,2025-04-05,Supplier_08,Electronics,20,200.77,4015.4,8,14,No,6,408,45,20,0,Yes
PO101322,2025-07-17,Supplier_07,Home & Kitchen,1,172.98,172.98,9,18,No,9,225,25,1,201,No
PO101323,2025-10-27,Supplier_11,Home & Kitchen,3,294.51,883.53,3,2,Yes,0,37,33,3,7,No
PO101324,2025-10-28,Supplier_10,Electronics,6,245.59,1473.54,5,11,No,6,457,45,6,0,Yes
PO101325,2025-01-14,Supplier_08,Office Supplies,7,432.83,3029.81,6,7,No,1,207,18,7,196,No
PO101326,2025-03-13,Supplier_02,Office Supplies,3,340.67,1022.01,5,14,No,9,67,25,3,45,No
PO101327,2025-11-26,Supplier_05,Electronics,6,228.48,1370.88,9,13,No,4,303,59,6,0,Yes
PO101328,2025-02-12,Supplier_03,Electronics,19,47.55,903.45,7,17,No,10,429,47,19,401,No
PO101329,2025-08-29,Supplier_15,Electronics,18,26.22,471.96,10,16,No,6,317,48,18,0,Yes
PO101330,2025-08-09,Supplier_13,Office Supplies,1,65.68,65.68,9,15,No,6,415,13,1,403,No
PO101331,2025-08-18,Supplier_01,Electronics,5,423.84,2119.2,5,15,No,10,191,31,5,165,No
PO101332,2025-04-15,Supplier_10,Office Supplies,12,145.7,1748.4,6,10,No,4,172,19,12,165,No
PO101333,2025-02-08,Supplier_04,Electronics,7,277.7,1943.9,10,17,No,7,87,36,7,0,Yes
PO101334,2025-09-09,Supplier_08,Electronics,4,264.6,1058.4,5,9,No,4,489,47,4,0,Yes
PO101335,2025-05-13,Supplier_14,Office Supplies,11,199.97,2199.67,3,3,Yes,0,338,20,11,329,No
PO101336,2025-12-09,Supplier_09,Office Supplies,3,286.43,859.29,6,7,Yes,1,363,34,3,332,No
PO101337,2025-03-02,Supplier_15,Electronics,3,414.76,1244.28,4,15,No,11,439,47,3,0,Yes
PO101338,2025-03-15,Supplier_05,Electronics,1,318.43,318.43,8,6,Yes,0,431,47,1,0,Yes
PO101339,2025-12-06,Supplier_05,Home & Kitchen,20,337.86,6757.2,4,15,No,11,222,19,20,223,No
PO101340,2025-02-20,Supplier_13,Home & Kitchen,5,476.56,2382.8,4,9,No,5,451,43,5,413,No
PO101341,2025-08-22,Supplier_15,Office Supplies,8,300.37,2402.96,7,13,No,6,191,27,8,172,No
PO101342,2025-10-20,Supplier_10,Home & Kitchen,18,163.52,2943.36,9,18,No,9,488,25,18,481,No
PO101343,2025-01-26,Supplier_13,Electronics,12,21.28,255.36,7,11,No,4,54,54,12,0,Yes
PO101344,2025-09-22,Supplier_07,Home & Kitchen,4,146.67,586.68,3,4,Yes,1,466,29,4,0,Yes
PO101345,2025-05-23,Supplier_12,Electronics,7,285.49,1998.43,4,3,Yes,0,224,58,7,0,Yes
PO101346,2025-06-05,Supplier_03,Electronics,18,443.29,7979.22,9,20,No,11,140,47,18,111,No
PO101347,2025-01-26,Supplier_09,Electronics,2,57.26,114.52,5,6,No,1,33,58,2,0,Yes
PO101348,2025-01-05,Supplier_12,Home & Kitchen,16,87.62,1401.92,9,10,Yes,1,488,25,16,479,No
PO101349,2025-09-18,Supplier_06,Office Supplies,13,209.01,2717.13,7,16,No,9,448,32,13,429,No
PO101350,2025-12-29,Supplier_05,Office Supplies,13,162.45,2111.85,7,15,No,8,72,24,13,61,No
PO101351,2025-09-13,Supplier_01,Electronics,14,186.82,2615.48,7,10,No,3,462,44,14,0,Yes
PO101352,2025-12-28,Supplier_07,Office Supplies,10,227.37,2273.7,8,17,No,9,336,20,10,326,No
PO101353,2025-01-09,Supplier_06,Electronics,17,341.11,5798.87,10,11,No,1,99,50,17,0,Yes
PO101354,2025-04-25,Supplier_10,Office Supplies,16,114.33,1829.28,10,10,Yes,0,453,18,16,451,No
PO101355,2025-05-23,Supplier_06,Electronics,8,371.98,2975.84,6,7,Yes,1,410,49,8,0,Yes
PO101356,2025-08-30,Supplier_11,Home & Kitchen,3,276.64,829.92,3,4,Yes,1,190,24,3,169,No
PO101357,2025-01-26,Supplier_02,Electronics,13,44.02,572.26,5,6,No,1,88,52,13,0,Yes
PO101358,2025-11-30,Supplier_15,Home & Kitchen,19,447.21,8496.99,7,10,No,3,156,34,19,141,No
PO101359,2025-09-01,Supplier_02,Office Supplies,16,198.51,3176.16,10,14,No,4,173,13,16,176,No
PO101360,2025-10-08,Supplier_06,Office Supplies,5,378.26,1891.3,10,8,Yes,0,307,31,5,281,No
PO101361,2025-05-22,Supplier_04,Electronics,15,338.38,5075.7,10,8,Yes,0,290,44,15,0,Yes
PO101362,2025-06-01,Supplier_12,Electronics,20,149.68,2993.6,7,11,No,4,103,45,20,0,Yes
PO101363,2025-03-29,Supplier_08,Home & Kitchen,18,350.03,6300.54,10,13,No,3,291,20,18,289,No
PO101364,2025-02-06,Supplier_12,Home & Kitchen,13,47.19,613.47,10,11,No,1,45,26,13,32,No
PO101365,2025-02-21,Supplier_12,Office Supplies,3,119.84,359.52,5,16,No,11,149,21,3,131,No
PO101366,2025-11-10,Supplier_10,Office Supplies,16,453.03,7248.48,7,12,No,5,182,12,16,186,No
PO101367,2025-10-17,Supplier_09,Office Supplies,14,63.63,890.82,6,7,Yes,1,334,25,14,323,No
PO101368,2025-05-20,Supplier_08,Home & Kitchen,16,358.63,5738.08,9,9,Yes,0,41,23,16,34,No
PO101369,2025-12-31,Supplier_09,Electronics,3,428.71,1286.13,10,9,Yes,0,335,45,3,0,Yes
PO101370,2025-03-09,Supplier_12,Office Supplies,18,235.18,4233.24,8,17,No,9,182,23,18,177,No
PO101371,2025-03-25,Supplier_12,Electronics,11,39.38,433.18,8,6,Yes,0,238,50,11,0,Yes
PO101372,2025-01-04,Supplier_07,Home & Kitchen,11,430.65,4737.15,9,10,Yes,1,323,35,11,299,No
PO101373,2025-11-16,Supplier_13,Home & Kitchen,2,364.86,729.72,5,16,No,11,53,20,2,35,No
PO101374,2025-07-06,Supplier_01,Home & Kitchen,20,282.17,5643.4,7,12,No,5,275,35,20,260,No
PO101375,2025-07-08,Supplier_07,Home & Kitchen,8,95.93,767.44,4,5,Yes,1,386,33,8,361,No
PO101376,2025-06-07,Supplier_11,Home & Kitchen,8,375.98,3007.84,6,13,No,7,251,16,8,243,No
PO101377,2025-08-30,Supplier_10,Electronics,12,387.55,4650.6,7,11,No,4,390,30,12,0,Yes
PO101378,2025-07-08,Supplier_07,Office Supplies,10,127.13,1271.3,10,17,No,7,86,22,10,74,No
PO101379,2025-10-24,Supplier_14,Home & Kitchen,9,57.93,521.37,3,14,No,11,336,43,9,0,Yes
PO101380,2025-07-16,Supplier_01,Electronics,3,396.78,1190.34,8,13,No,5,47,46,3,0,Yes
PO101381,2025-02-20,Supplier_02,Home & Kitchen,2,452.16,904.32,10,17,No,7,193,35,2,160,No
PO101382,2025-04-14,Supplier_08,Electronics,1,259.79,259.79,5,7,No,2,41,47,1,0,Yes
PO101383,2025-02-05,Supplier_10,Home & Kitchen,9,84.28,758.52,3,13,No,10,365,35,9,339,No
PO101384,2025-03-29,Supplier_07,Home & Kitchen,8,327.51,2620.08,6,13,No,7,448,38,8,418,No
PO101385,2025-04-09,Supplier_12,Electronics,16,245.54,3928.64,9,7,Yes,0,180,32,16,0,Yes
PO101386,2025-08-01,Supplier_10,Electronics,16,261.51,4184.16,4,11,No,7,234,44,16,206,No
PO101387,2025-10-22,Supplier_07,Electronics,2,213.42,426.84,5,6,Yes,1,212,53,2,161,No
PO101388,2025-05-12,Supplier_05,Home & Kitchen,11,44.46,489.06,8,10,No,2,363,23,11,351,No
PO101389,2025-03-11,Supplier_12,Electronics,14,200.85,2811.9,10,10,Yes,0,233,45,14,0,Yes
PO101390,2025-03-03,Supplier_08,Electronics,12,165.16,1981.92,8,7,Yes,0,480,50,12,0,Yes
PO101391,2025-10-17,Supplier_13,Electronics,8,391.57,3132.56,6,7,Yes,1,408,54,8,0,Yes
PO101392,2025-07-17,Supplier_04,Home & Kitchen,17,465.26,7909.42,6,13,No,7,312,29,17,300,No
PO101393,2025-08-18,Supplier_12,Office Supplies,2,193.48,386.96,4,4,Yes,0,61,22,2,41,No
PO101394,2025-07-26,Supplier_11,Home & Kitchen,4,360.88,1443.52,6,8,No,2,92,24,4,72,No
PO101395,2025-08-09,Supplier_09,Office Supplies,11,134.44,1478.84,4,7,No,3,125,30,11,106,No
PO101396,2025-06-03,Supplier_15,Home & Kitchen,6,75.75,454.5,10,14,No,4,131,31,6,106,No
PO101397,2025-02-01,Supplier_11,Office Supplies,2,33.25,66.5,8,11,No,3,283,16,2,269,No
PO101398,2025-10-09,Supplier_14,Home & Kitchen,20,268.5,5370.0,3,1,Yes,0,439,27,20,432,No
PO101399,2025-09-16,Supplier_11,Office Supplies,16,430.35,6885.6,3,8,No,5,93,16,16,93,No
PO101400,2025-10-25,Supplier_05,Electronics,14,162.42,2273.88,7,7,Yes,0,118,48,14,0,Yes
PO101401,2025-08-02,Supplier_06,Home & Kitchen,5,397.6,1988.0,5,9,No,4,58,29,5,34,No
PO101402,2025-05-29,Supplier_14,Electronics,12,354.81,4257.72,6,6,Yes,0,487,47,12,0,Yes
PO101403,2025-09-28,Supplier_01,Electronics,11,316.73,3484.03,5,8,No,3,103,48,11,66,No
PO101404,2025-10-17,Supplier_14,Home & Kitchen,10,308.24,3082.4,9,18,No,9,223,33,10,200,No
PO101405,2025-05-05,Supplier_15,Electronics,6,130.8,784.8,6,10,No,4,458,48,6,0,Yes
PO101406,2025-01-07,Supplier_13,Office Supplies,8,442.77,3542.16,7,11,No,4,295,20,8,283,No
PO101407,2025-08-24,Supplier_08,Electronics,14,315.48,4416.72,6,6,Yes,0,58,43,14,29,No
PO101408,2025-11-09,Supplier_11,Electronics,4,499.36,1997.44,9,8,Yes,0,305,38,4,271,No
PO101409,2025-01-06,Supplier_05,Electronics,3,329.06,987.18,4,5,No,1,342,36,3,0,Yes
PO101410,2025-03-09,Supplier_03,Electronics,14,88.62,1240.68,3,8,No,5,442,48,14,0,Yes
PO101411,2025-06-24,Supplier_04,Electronics,19,326.41,6201.79,6,13,No,7,433,44,19,0,Yes
PO101412,2025-09-28,Supplier_14,Electronics,18,96.36,1734.48,9,10,Yes,1,243,40,18,0,Yes
PO101413,2025-04-26,Supplier_06,Electronics,4,223.95,895.8,9,11,No,2,116,49,4,0,Yes
PO101414,2025-11-24,Supplier_11,Home & Kitchen,8,228.31,1826.48,10,11,No,1,203,27,8,184,No
PO101415,2025-12-11,Supplier_09,Electronics,13,100.55,1307.15,3,2,Yes,0,253,55,13,211,No
PO101416,2025-03-07,Supplier_15,Electronics,6,422.39,2534.34,8,15,No,7,99,44,6,0,Yes
PO101417,2025-10-16,Supplier_08,Home & Kitchen,7,80.63,564.41,5,3,Yes,0,215,29,7,193,No
PO101418,2025-08-31,Supplier_07,Home & Kitchen,5,379.52,1897.6,8,8,Yes,0,189,25,5,169,No
PO101419,2025-12-28,Supplier_06,Home & Kitchen,12,268.01,3216.12,8,9,No,1,168,24,12,156,No
PO101420,2025-03-15,Supplier_11,Electronics,2,361.09,722.18,5,6,Yes,1,204,51,2,0,Yes
PO101421,2025-06-03,Supplier_02,Home & Kitchen,17,249.14,4235.38,8,18,No,10,267,19,17,0,Yes
PO101422,2025-05-31,Supplier_15,Electronics,11,86.77,954.47,6,7,Yes,1,444,56,11,399,No
PO101423,2025-04-15,Supplier_15,Office Supplies,4,313.99,1255.96,8,13,No,5,149,26,4,127,No
PO101424,2025-11-14,Supplier_02,Electronics,7,302.09,2114.63,4,5,No,1,243,49,7,201,No
PO101425,2025-08-13,Supplier_01,Office Supplies,1,198.19,198.19,9,18,No,9,451,19,1,433,No
PO101426,2025-10-15,Supplier_14,Electronics,11,128.06,1408.66,7,15,No,8,53,56,11,8,No
PO101427,2025-08-21,Supplier_14,Office Supplies,20,133.08,2661.6,3,13,No,10,157,26,20,151,No
PO101428,2025-09-03,Supplier_07,Office Supplies,15,48.2,723.0,7,18,No,11,266,25,15,256,No
PO101429,2025-04-13,Supplier_01,Home & Kitchen,1,212.83,212.83,6,13,No,7,477,26,1,452,No
PO101430,2025-08-08,Supplier_02,Office Supplies,1,449.55,449.55,9,7,Yes,0,404,18,1,387,No
PO101431,2025-07-23,Supplier_08,Office Supplies,15,313.06,4695.9,8,15,No,7,494,13,15,496,No
PO101432,2025-11-20,Supplier_15,Electronics,16,39.4,630.4,7,12,No,5,57,44,16,0,Yes
PO101433,2025-02-04,Supplier_12,Electronics,12,274.15,3289.8,7,17,No,10,247,42,12,0,Yes
PO101434,2025-11-15,Supplier_01,Office Supplies,12,494.87,5938.44,5,14,No,9,354,17,12,349,No
PO101435,2025-12-08,Supplier_10,Home & Kitchen,15,314.39,4715.85,6,8,No,2,174,20,15,169,No
PO101436,2025-06-01,Supplier_13,Office Supplies,11,153.32,1686.52,3,8,No,5,246,18,11,239,No
PO101437,2025-01-29,Supplier_11,Electronics,3,80.78,242.34,6,11,No,5,323,58,3,268,No
PO101438,2025-04-25,Supplier_07,Office Supplies,19,338.45,6430.55,7,6,Yes,0,204,16,19,207,No
PO101439,2025-12-10,Supplier_02,Office Supplies,17,72.03,1224.51,10,17,No,7,38,25,17,30,No
PO101440,2025-05-29,Supplier_11,Home & Kitchen,13,73.89,960.57,7,8,Yes,1,116,24,13,105,No
PO101441,2025-07-16,Supplier_13,Office Supplies,17,160.65,2731.05,8,7,Yes,0,439,16,17,440,No
PO101442,2025-02-21,Supplier_09,Office Supplies,19,152.09,2889.71,5,7,No,2,127,18,19,128,No
PO101443,2025-09-12,Supplier_10,Office Supplies,9,482.62,4343.58,3,3,Yes,0,476,23,9,462,No
PO101444,2025-07-22,Supplier_02,Electronics,4,337.53,1350.12,7,15,No,8,115,46,4,0,Yes
PO101445,2025-08-07,Supplier_15,Electronics,4,192.38,769.52,3,4,No,1,339,50,4,0,Yes
PO101446,2025-09-16,Supplier_06,Home & Kitchen,20,469.67,9393.4,3,11,No,8,451,35,20,436,No
PO101447,2025-02-20,Supplier_15,Electronics,3,423.62,1270.86,7,8,Yes,1,296,52,3,247,No
PO101448,2025-09-14,Supplier_03,Home & Kitchen,13,487.15,6332.95,7,12,No,5,227,28,13,0,Yes
PO101449,2025-09-09,Supplier_12,Electronics,1,378.03,378.03,4,9,No,5,238,47,1,192,No
PO101450,2025-02-05,Supplier_12,Electronics,18,65.21,1173.78,6,7,Yes,1,499,47,18,0,Yes
PO101451,2025-08-15,Supplier_13,Office Supplies,4,279.99,1119.96,7,9,No,2,359,18,4,345,No
PO101452,2025-12-01,Supplier_05,Home & Kitchen,4,208.93,835.72,9,13,No,4,204,25,4,183,No
PO101453,2025-03-28,Supplier_15,Office Supplies,19,383.08,7278.52,3,2,Yes,0,414,21,19,412,No
PO101454,2025-04-06,Supplier_07,Home & Kitchen,9,22.56,203.04,9,11,No,2,174,30,9,153,No
PO101455,2025-10-08,Supplier_11,Electronics,14,368.47,5158.58,9,7,Yes,0,126,48,14,0,Yes
PO101456,2025-06-01,Supplier_02,Electronics,3,446.94,1340.82,5,8,No,3,275,41,3,0,Yes
PO101457,2025-12-21,Supplier_10,Home & Kitchen,10,458.17,4581.7,8,6,Yes,0,298,29,10,279,No
PO101458,2025-11-22,Supplier_04,Electronics,16,181.77,2908.32,5,6,No,1,369,49,16,0,Yes
PO101459,2025-06-09,Supplier_08,Office Supplies,8,123.53,988.24,5,13,No,8,90,23,8,75,No
PO101460,2025-01-12,Supplier_12,Office Supplies,10,403.7,4037.0,3,11,No,8,34,21,10,23,No
PO101461,2025-10-22,Supplier_08,Home & Kitchen,2,392.54,785.08,9,10,No,1,422,32,2,392,No
PO101462,2025-11-01,Supplier_02,Home & Kitchen,7,243.02,1701.14,6,14,No,8,462,23,7,446,No
PO101463,2025-03-10,Supplier_10,Electronics,15,377.96,5669.4,10,12,No,2,493,41,15,0,Yes
PO101464,2025-03-24,Supplier_06,Home & Kitchen,13,358.24,4657.12,10,21,No,11,466,39,13,440,No
PO101465,2025-05-09,Supplier_10,Home & Kitchen,9,41.45,373.05,10,14,No,4,327,29,9,307,No
PO101466,2025-10-20,Supplier_11,Electronics,12,448.87,5386.44,5,11,No,6,208,41,12,0,Yes
PO101467,2025-11-30,Supplier_01,Electronics,9,174.15,1567.35,4,8,No,4,449,54,9,0,Yes
PO101468,2025-09-13,Supplier_05,Office Supplies,19,26.8,509.2,4,2,Yes,0,307,21,19,305,No
PO101469,2025-05-03,Supplier_03,Home & Kitchen,7,361.56,2530.92,4,13,No,9,264,34,7,237,No
PO101470,2025-11-30,Supplier_11,Electronics,11,435.94,4795.34,7,8,No,1,236,35,11,212,No
PO101471,2025-08-07,Supplier_07,Electronics,15,371.75,5576.25,8,9,Yes,1,436,49,15,0,Yes
PO101472,2025-08-03,Supplier_02,Electronics,3,492.99,1478.97,7,11,No,4,52,51,3,0,Yes
PO101473,2025-02-06,Supplier_05,Electronics,6,378.55,2271.3,7,11,No,4,195,52,6,0,Yes
PO101474,2025-05-22,Supplier_15,Office Supplies,12,206.13,2473.56,7,12,No,5,418,17,12,413,No
PO101475,2025-11-25,Supplier_11,Electronics,7,269.09,1883.63,3,3,Yes,0,203,47,7,163,No
PO101476,2025-04-14,Supplier_06,Home & Kitchen,20,39.15,783.0,10,11,Yes,1,228,32,20,216,No
PO101477,2025-08-02,Supplier_15,Electronics,8,413.29,3306.32,10,18,No,8,323,45,8,0,Yes
PO101478,2025-09-21,Supplier_11,Electronics,18,215.62,3881.16,8,16,No,8,324,46,18,296,No
PO101479,2025-03-05,Supplier_04,Electronics,3,222.49,667.47,9,14,No,5,355,42,3,316,No
PO101480,2025-05-12,Supplier_03,Electronics,11,327.88,3606.68,3,12,No,9,61,51,11,0,Yes
PO101481,2025-08-18,Supplier_13,Home & Kitchen,19,195.89,3721.91,7,6,Yes,0,445,27,19,437,No
PO101482,2025-07-04,Supplier_05,Office Supplies,10,304.14,3041.4,10,11,Yes,1,213,25,10,198,No
PO101483,2025-12-19,Supplier_06,Electronics,15,436.56,6548.4,10,8,Yes,0,108,45,15,78,No
PO101484,2025-12-30,Supplier_04,Home & Kitchen,17,157.6,2679.2,9,17,No,8,271,30,17,258,No
PO101485,2025-03-28,Supplier_11,Home & Kitchen,17,306.31,5207.27,10,19,No,9,423,31,17,409,No
PO101486,2025-05-30,Supplier_03,Home & Kitchen,4,132.82,531.28,3,13,No,10,396,32,4,368,No
PO101487,2025-03-31,Supplier_02,Office Supplies,3,312.09,936.27,4,15,No,11,95,17,3,81,No
PO101488,2025-05-19,Supplier_09,Electronics,10,460.33,4603.3,6,7,No,1,181,56,10,0,Yes
PO101489,2025-02-04,Supplier_10,Home & Kitchen,12,205.93,2471.16,10,9,Yes,0,452,21,12,443,No
PO101490,2025-03-26,Supplier_10,Office Supplies,8,27.14,217.12,5,4,Yes,0,344,17,8,335,No
PO101491,2025-04-17,Supplier_08,Home & Kitchen,1,124.46,124.46,5,7,No,2,87,21,1,67,No
PO101492,2025-04-18,Supplier_04,Electronics,7,274.86,1924.02,4,4,Yes,0,393,42,7,358,No
PO101493,2025-09-25,Supplier_13,Electronics,2,188.28,376.56,6,9,No,3,77,45,2,34,No
PO101494,2025-04-06,Supplier_15,Home & Kitchen,18,275.25,4954.5,8,8,Yes,0,66,29,18,55,No
PO101495,2025-10-10,Supplier_02,Home & Kitchen,2,325.3,650.6,9,20,No,11,390,26,2,366,No
PO101496,2025-03-29,Supplier_05,Electronics,11,82.99,912.89,8,18,No,10,134,45,11,0,Yes
PO101497,2025-03-15,Supplier_08,Electronics,10,134.5,1345.0,3,6,No,3,368,35,10,0,Yes
PO101498,2025-11-10,Supplier_07,Electronics,9,279.43,2514.87,3,4,No,1,462,50,9,421,No
PO101499,2025-12-10,Supplier_13,Electronics,17,84.96,1444.32,10,12,No,2,477,41,17,453,No
PO101500,2025-10-10,Supplier_15,Home & Kitchen,19,365.97,6953.43,9,12,No,3,274,23,19,270,No
PO101501,2025-06-22,Supplier_11,Office Supplies,14,265.29,3714.06,9,11,No,2,68,22,14,60,No
PO101502,2025-09-08,Supplier_06,Office Supplies,1,329.02,329.02,3,8,No,5,265,19,1,247,No
PO101503,2025-12-13,Supplier_03,Electronics,8,91.91,735.28,10,21,No,11,178,42,8,0,Yes
PO101504,2025-01-13,Supplier_12,Office Supplies,8,469.06,3752.48,8,16,No,8,226,20,8,214,No
PO101505,2025-12-15,Supplier_13,Home & Kitchen,12,488.68,5864.16,10,10,Yes,0,194,30,12,176,No
PO101506,2025-05-15,Supplier_15,Electronics,18,332.63,5987.34,5,4,Yes,0,295,30,18,0,Yes
PO101507,2025-05-14,Supplier_04,Home & Kitchen,19,193.62,3678.78,5,8,No,3,48,22,19,45,No
PO101508,2025-07-31,Supplier_10,Electronics,16,362.44,5799.04,10,8,Yes,0,352,36,16,0,Yes
PO101509,2025-08-06,Supplier_02,Electronics,4,175.11,700.44,6,14,No,8,268,45,4,227,No
PO101510,2025-04-24,Supplier_15,Office Supplies,11,333.96,3673.56,9,10,Yes,1,221,26,11,206,No
PO101511,2025-02-16,Supplier_02,Home & Kitchen,7,219.98,1539.86,6,14,No,8,344,23,7,328,No
PO101512,2025-11-25,Supplier_12,Office Supplies,15,325.72,4885.8,8,17,No,9,323,24,15,314,No
PO101513,2025-12-12,Supplier_12,Home & Kitchen,18,,8162.46,3,10,No,7,419,22,18,415,No
PO101514,2025-09-17,Supplier_07,Office Supplies,19,139.51,2650.69,7,5,Yes,0,346,18,19,347,No
PO101515,2025-11-18,Supplier_13,Home & Kitchen,7,272.25,1905.75,8,8,Yes,0,301,26,7,282,No
PO101516,2025-02-02,Supplier_01,Home & Kitchen,20,166.77,3335.4,6,10,No,4,151,14,20,157,No
PO101517,2025-03-28,Supplier_14,Office Supplies,7,452.34,3166.38,3,5,No,2,390,27,7,0,Yes
PO101518,2025-12-30,Supplier_06,Office Supplies,17,475.39,8081.63,4,8,No,4,52,27,17,0,Yes
PO101519,2025-11-15,Supplier_12,Electronics,5,172.75,863.75,5,6,No,1,274,56,5,0,Yes
PO101520,2025-12-13,Supplier_02,Electronics,6,369.95,2219.7,8,9,No,1,323,43,6,0,Yes
PO101521,2025-04-25,Supplier_14,Office Supplies,11,131.89,1450.79,6,6,Yes,0,63,19,11,55,No
PO101522,2025-04-24,Supplier_03,Home & Kitchen,11,258.72,2845.92,7,18,No,11,154,32,11,0,Yes
PO101523,2025-09-22,Supplier_14,Electronics,15,337.44,5061.6,4,2,Yes,0,153,33,15,135,No
PO101524,2025-04-25,Supplier_05,Office Supplies,20,365.8,7316.0,3,10,No,7,64,24,20,60,No
PO101525,2025-08-28,Supplier_09,Home & Kitchen,3,469.86,1409.58,9,17,No,8,68,28,3,43,No
PO101526,2025-03-31,Supplier_11,Electronics,1,258.85,258.85,7,7,Yes,0,390,52,1,339,No
PO101527,2025-03-29,Supplier_10,Home & Kitchen,1,228.98,228.98,7,17,No,10,134,26,1,109,No
PO101528,2025-08-23,Supplier_09,Office Supplies,20,329.88,6597.6,6,5,Yes,0,307,22,20,305,No
PO101529,2025-08-07,Supplier_15,Electronics,17,224.32,3813.44,7,8,Yes,1,73,54,17,36,No
PO101530,2025-03-30,Supplier_10,Home & Kitchen,10,467.01,4670.1,8,7,Yes,0,71,29,10,52,No
PO101531,2025-10-24,Supplier_08,Electronics,16,406.02,6496.32,7,7,Yes,0,407,45,16,378,No
PO101532,2025-07-08,Supplier_02,Office Supplies,20,,4785.6,8,13,No,5,418,19,20,0,Yes
PO101533,2025-12-13,Supplier_04,Home & Kitchen,4,303.74,1214.96,6,5,Yes,0,352,34,4,322,No
PO101534,2025-05-15,Supplier_07,Electronics,7,102.21,715.47,4,11,No,7,274,55,7,0,Yes
PO101535,2025-10-24,Supplier_15,Electronics,19,311.31,5914.89,7,12,No,5,100,44,19,75,No
PO101536,2025-12-06,Supplier_08,Electronics,18,465.04,8370.72,5,6,Yes,1,198,36,18,0,Yes
PO101537,2025-12-09,Supplier_01,Electronics,6,388.89,2333.34,7,9,No,2,115,56,6,0,Yes
PO101538,2025-07-26,Supplier_04,Electronics,17,291.91,4962.47,4,10,No,6,134,42,17,0,Yes
PO101539,2025-03-21,Supplier_09,Home & Kitchen,6,472.07,2832.42,4,5,No,1,429,36,6,399,No
PO101540,2025-08-18,Supplier_03,Home & Kitchen,8,318.17,2545.36,10,11,No,1,332,25,8,315,No
PO101541,2025-05-24,Supplier_14,Electronics,14,403.88,5654.32,4,4,Yes,0,452,50,14,416,No
PO101542,2025-07-15,Supplier_04,Home & Kitchen,2,464.17,928.34,7,8,Yes,1,328,30,2,0,Yes
PO101543,2025-10-10,Supplier_12,Home & Kitchen,19,116.97,2222.43,6,10,No,4,334,26,19,327,No
PO101544,2025-12-17,Supplier_12,Office Supplies,11,380.96,4190.56,5,3,Yes,0,199,24,11,186,No
PO101545,2025-10-31,Supplier_10,Home & Kitchen,12,307.99,3695.88,10,11,Yes,1,370,23,12,359,No
PO101546,2025-10-12,Supplier_09,Home & Kitchen,4,449.29,1797.16,9,8,Yes,0,432,27,4,409,No
PO101547,2025-06-01,Supplier_08,Home & Kitchen,15,440.79,6611.85,10,17,No,7,455,30,15,440,No
PO101548,2025-02-13,Supplier_03,Electronics,9,448.75,4038.75,5,8,No,3,71,36,9,44,No
PO101549,2025-06-06,Supplier_05,Office Supplies,11,16.67,183.37,10,11,Yes,1,299,19,11,291,No
PO101550,2025-04-02,Supplier_07,Office Supplies,5,94.7,473.5,4,10,No,6,453,20,5,438,No
PO101551,2025-02-18,Supplier_09,Electronics,10,383.23,3832.3,10,14,No,4,30,48,10,0,Yes
PO101552,2025-01-30,Supplier_13,Home & Kitchen,18,56.6,1018.8,7,5,Yes,0,182,43,18,157,No
PO101553,2025-09-14,Supplier_12,Electronics,19,416.09,7905.71,4,4,Yes,0,219,51,19,0,Yes
PO101554,2025-10-21,Supplier_15,Home & Kitchen,14,23.5,329.0,6,4,Yes,0,42,22,14,34,No
PO101555,2025-02-28,Supplier_09,Office Supplies,5,249.64,1248.2,4,7,No,3,281,22,5,264,No
PO101556,2025-02-04,Supplier_07,Home & Kitchen,16,406.41,6502.56,4,15,No,11,236,31,16,221,No
PO101557,2025-08-08,Supplier_12,Home & Kitchen,20,439.87,8797.4,6,17,No,11,418,36,20,402,No
PO101558,2025-11-09,Supplier_08,Electronics,3,206.77,620.31,7,5,Yes,0,393,43,3,0,Yes
PO101559,2025-09-17,Supplier_15,Office Supplies,8,492.71,3941.68,9,10,No,1,265,21,8,252,No
PO101560,2025-01-22,Supplier_09,Electronics,4,305.91,1223.64,3,2,Yes,0,434,43,4,0,Yes
PO101561,2025-07-12,Supplier_10,Electronics,17,466.69,7933.73,3,8,No,5,414,40,17,0,Yes
PO101562,2025-08-16,Supplier_15,Home & Kitchen,16,196.09,3137.44,6,17,No,11,51,30,16,37,No
PO101563,2025-06-01,Supplier_11,Office Supplies,17,208.49,3544.33,8,19,No,11,492,20,17,0,Yes
PO101564,2025-10-15,Supplier_06,Electronics,13,160.43,2085.59,8,14,No,6,491,59,13,445,No
PO101565,2025-03-27,Supplier_13,Electronics,13,349.59,4544.67,5,4,Yes,0,103,49,13,67,No
PO101566,2025-02-11,Supplier_14,Home & Kitchen,3,58.37,175.11,9,10,No,1,246,32,3,0,Yes
PO101567,2025-10-28,Supplier_09,Electronics,2,218.89,437.78,4,5,No,1,160,39,2,123,No
PO101568,2025-09-12,Supplier_13,Home & Kitchen,5,423.82,2119.1,5,12,No,7,87,29,5,63,No
PO101569,2025-09-25,Supplier_05,Home & Kitchen,18,151.69,2730.42,10,11,No,1,185,25,18,178,No
PO101570,2025-08-03,Supplier_08,Electronics,11,215.09,2365.99,3,4,Yes,1,375,52,11,0,Yes
PO101571,2025-06-10,Supplier_12,Electronics,12,212.59,2551.08,8,9,No,1,362,54,12,320,No
PO101572,2025-05-06,Supplier_03,Home & Kitchen,1,72.89,72.89,10,13,No,3,58,19,1,40,No
PO101573,2025-06-24,Supplier_13,Home & Kitchen,1,131.13,131.13,10,13,No,3,407,25,1,383,No
PO101574,2025-05-13,Supplier_14,Electronics,8,489.47,3915.76,7,14,No,7,413,46,8,375,No
PO101575,2025-09-02,Supplier_15,Office Supplies,3,191.22,573.66,4,9,No,5,342,24,3,321,No
PO101576,2025-09-14,Supplier_03,Home & Kitchen,8,98.47,787.76,4,7,No,3,482,26,8,464,No
PO101577,2025-03-28,Supplier_01,Electronics,19,97.94,1860.86,6,9,No,3,31,41,19,9,No
PO101578,2025-10-14,Supplier_06,Electronics,4,322.24,1288.96,6,11,No,5,74,37,4,41,No
PO101579,2025-02-07,Supplier_08,Home & Kitchen,20,221.44,4428.8,9,8,Yes,0,54,31,20,43,No
PO101580,2025-08-19,Supplier_08,Home & Kitchen,13,31.31,407.03,7,11,No,4,458,28,13,443,No
PO101581,2025-02-18,Supplier_01,Electronics,3,340.69,1022.07,5,10,No,5,387,49,3,0,Yes
PO101582,2025-07-02,Supplier_10,Electronics,13,318.46,4139.98,3,5,No,2,480,39,13,0,Yes
PO101583,2025-10-31,Supplier_08,Electronics,17,461.84,7851.28,10,10,Yes,0,320,23,17,0,Yes
PO101584,2025-11-17,Supplier_06,Office Supplies,14,174.36,2441.04,9,20,No,11,322,20,14,316,No
PO101585,2025-11-01,Supplier_08,Office Supplies,5,346.98,1734.9,9,10,No,1,387,17,5,375,No
PO101586,2025-12-09,Supplier_09,Office Supplies,8,38.23,305.84,8,10,No,2,94,19,8,83,No
PO101587,2025-06-14,Supplier_04,Home & Kitchen,19,283.32,5383.08,8,6,Yes,0,188,19,19,188,No
PO101588,2025-07-09,Supplier_12,Office Supplies,14,424.75,5946.5,3,5,No,2,400,22,14,392,No
PO101589,2025-02-02,Supplier_15,Office Supplies,7,77.35,541.45,8,11,No,3,282,23,7,266,No
PO101590,2025-05-08,,Office Supplies,11,485.91,5345.01,7,8,Yes,1,141,20,11,132,No
PO101591,2025-10-26,Supplier_12,Electronics,17,260.96,4436.32,10,9,Yes,0,326,46,17,0,Yes
PO101592,2025-12-13,Supplier_01,Electronics,10,75.63,756.3,5,6,Yes,1,200,42,10,168,No
PO101593,2025-09-08,Supplier_06,Office Supplies,4,283.93,1135.72,6,6,Yes,0,129,22,4,111,No
PO101594,2025-05-31,Supplier_09,Office Supplies,5,126.72,633.6,4,6,No,2,158,20,5,143,No
PO101595,2025-09-02,Supplier_12,Electronics,19,351.79,6684.01,3,4,Yes,1,430,41,19,408,No
PO101596,2025-10-05,Supplier_05,Home & Kitchen,15,130.35,1955.25,3,6,No,3,159,29,15,0,Yes
PO101597,2025-09-21,Supplier_04,Electronics,13,482.65,6274.45,8,7,Yes,0,157,49,13,121,No
PO101598,2025-08-27,Supplier_13,Home & Kitchen,3,390.71,1172.13,5,3,Yes,0,177,31,3,0,Yes
PO101599,2025-09-07,Supplier_05,Electronics,6,431.22,2587.32,6,9,No,3,271,48,6,0,Yes
PO101600,2025-10-01,Supplier_04,Electronics,12,285.19,3422.28,8,16,No,8,483,44,12,0,Yes
PO101601,2025-02-09,Supplier_12,Office Supplies,12,459.28,5511.36,9,10,Yes,1,415,22,12,405,No
PO101602,2025-11-24,Supplier_02,Home & Kitchen,3,79.03,237.09,4,5,Yes,1,372,38,3,337,No
PO101603,2025-05-05,Supplier_11,Home & Kitchen,20,123.79,2475.8,10,21,No,11,149,19,20,150,No
PO101604,2025-12-19,Supplier_08,Electronics,1,149.43,149.43,3,3,Yes,0,229,48,1,182,No
PO101605,2025-05-25,Supplier_12,Office Supplies,8,349.13,2793.04,8,18,No,10,116,29,8,95,No
PO101606,2025-05-05,Supplier_13,Electronics,19,125.26,2379.94,7,9,No,2,68,52,19,0,Yes
PO101607,2025-11-27,Supplier_06,Electronics,18,207.86,3741.48,7,13,No,6,212,48,18,0,Yes
PO101608,2025-05-30,Supplier_04,Electronics,2,322.97,645.94,4,10,No,6,61,49,2,0,Yes
PO101609,2025-03-29,Supplier_03,Electronics,13,61.14,794.82,3,12,No,9,72,41,13,0,Yes
PO101610,2025-01-04,Supplier_11,Home & Kitchen,11,167.75,1845.25,3,8,No,5,81,33,11,59,No
PO101611,2025-08-19,Supplier_07,Office Supplies,1,298.12,298.12,10,8,Yes,0,300,22,1,279,No
PO101612,2025-08-12,Supplier_13,Home & Kitchen,10,348.56,3485.6,4,5,Yes,1,401,20,10,391,No
PO101613,2025-01-03,Supplier_12,Electronics,12,80.14,961.68,6,7,No,1,53,51,12,14,No
PO101614,2025-02-17,Supplier_15,Electronics,7,349.42,2445.94,4,12,No,8,470,47,7,0,Yes
PO101615,2025-04-30,Supplier_13,Office Supplies,15,250.22,3753.3,8,15,No,7,330,16,15,329,No
PO101616,2025-01-29,Supplier_14,Electronics,5,398.79,1993.95,7,6,Yes,0,447,41,5,411,No
PO101617,2025-05-29,Supplier_14,Home & Kitchen,12,324.6,3895.2,3,14,No,11,327,23,12,316,No
PO101618,2025-07-08,Supplier_14,Electronics,8,370.22,2961.76,4,4,Yes,0,106,48,8,66,No
PO101619,2025-07-11,Supplier_15,Office Supplies,18,46.34,834.12,8,17,No,9,38,15,18,41,No
PO101620,2025-09-04,Supplier_06,Home & Kitchen,6,327.4,1964.4,8,9,Yes,1,447,29,6,424,No
PO101621,2025-12-26,Supplier_05,Home & Kitchen,8,105.43,843.44,6,10,No,4,431,35,8,404,No
PO101622,2025-06-15,Supplier_09,Electronics,18,383.96,6911.28,6,12,No,6,378,43,18,0,Yes
PO101623,2025-01-06,Supplier_13,Home & Kitchen,15,67.83,1017.45,8,14,No,6,225,33,15,207,No
PO101624,2025-11-16,Supplier_03,Home & Kitchen,2,346.7,693.4,8,16,No,8,238,25,2,215,No
PO101625,2025-08-19,Supplier_15,Electronics,19,492.49,9357.31,5,3,Yes,0,155,41,19,0,Yes
PO101626,2025-07-30,Supplier_05,Electronics,3,72.53,217.59,8,8,Yes,0,362,32,3,0,Yes
PO101627,2025-12-05,Supplier_05,Office Supplies,5,22.94,114.7,4,2,Yes,0,357,22,5,340,No
PO101628,2025-12-10,Supplier_06,Electronics,10,370.59,3705.9,8,9,No,1,347,42,10,0,Yes
PO101629,2025-09-27,Supplier_01,Home & Kitchen,3,90.94,272.82,7,10,No,3,187,28,3,162,No
PO101630,2025-02-26,Supplier_06,Electronics,2,184.75,369.5,8,11,No,3,296,43,2,0,Yes
PO101631,2025-05-16,Supplier_03,Home & Kitchen,12,161.78,1941.36,10,11,No,1,136,27,12,121,No
PO101632,2025-02-03,Supplier_13,Office Supplies,1,16.17,16.17,10,10,Yes,0,287,17,1,271,No
PO101633,2025-09-26,Supplier_12,Electronics,17,415.66,7066.22,5,4,Yes,0,116,30,17,0,Yes
PO101634,2025-10-15,Supplier_10,Office Supplies,15,411.43,6171.45,9,20,No,11,307,21,15,301,No
PO101635,2025-09-18,Supplier_13,Office Supplies,5,328.27,1641.35,9,9,Yes,0,53,25,5,33,No
PO101636,2025-02-15,Supplier_03,Home & Kitchen,14,147.66,2067.24,9,14,No,5,225,31,14,208,No
PO101637,2025-05-05,Supplier_04,Electronics,19,437.09,8304.71,4,7,No,3,329,52,19,0,Yes
PO101638,2025-02-02,Supplier_14,Office Supplies,12,218.17,2618.04,7,7,Yes,0,329,16,12,325,No
PO101639,2025-04-09,Supplier_15,Home & Kitchen,14,210.09,2941.26,7,6,Yes,0,357,34,14,337,No
PO101640,2025-04-05,Supplier_05,Electronics,4,407.04,1628.16,4,15,No,11,479,43,4,0,Yes
PO101641,2025-08-19,Supplier_04,Electronics,15,160.34,2405.1,10,12,No,2,307,35,15,0,Yes
PO101642,2025-05-10,Supplier_02,Electronics,14,246.61,3452.54,5,10,No,5,193,37,14,0,Yes
PO101643,2025-09-22,Supplier_11,Electronics,18,472.43,8503.74,9,10,Yes,1,412,44,18,0,Yes
PO101644,2025-01-13,Supplier_10,Home & Kitchen,16,109.4,1750.4,6,16,No,10,70,25,16,61,No
PO101645,2025-05-11,Supplier_03,Electronics,20,15.34,306.8,10,11,No,1,441,52,20,0,Yes
PO101646,2025-01-11,Supplier_10,Home & Kitchen,16,407.72,6523.52,7,14,No,7,329,34,16,311,No
PO101647,2025-11-19,Supplier_12,Home & Kitchen,4,62.59,250.36,7,13,No,6,434,24,4,0,Yes
PO101648,2025-11-24,Supplier_05,Electronics,12,102.15,1225.8,9,15,No,6,396,44,12,0,Yes
PO101649,2025-07-30,Supplier_01,Home & Kitchen,18,156.2,2811.6,10,19,No,9,490,26,18,482,No
PO101650,2025-10-14,Supplier_04,Electronics,9,45.85,412.65,6,5,Yes,0,373,45,9,0,Yes
PO101651,2025-06-04,Supplier_09,Electronics,13,283.65,3687.45,8,7,Yes,0,222,45,13,0,Yes
PO101652,2025-06-30,Supplier_08,Electronics,7,438.4,3068.8,5,10,No,5,134,51,7,0,Yes
PO101653,2025-08-23,Supplier_06,Electronics,20,133.24,2664.8,8,8,Yes,0,411,48,20,0,Yes
PO101654,2025-06-08,Supplier_09,Home & Kitchen,11,234.74,2582.14,6,16,No,10,111,28,11,94,No
PO101655,2025-06-25,Supplier_10,Home & Kitchen,2,495.33,990.66,6,16,No,10,333,31,2,304,No
PO101656,2025-02-12,Supplier_15,Home & Kitchen,17,489.39,8319.63,5,10,No,5,320,22,17,315,No
PO101657,2025-04-05,Supplier_14,Home & Kitchen,17,65.66,1116.22,10,16,No,6,129,20,17,0,Yes
PO101658,2025-09-13,Supplier_11,Office Supplies,10,362.57,3625.7,9,16,No,7,487,20,10,477,No
PO101659,2025-11-20,Supplier_05,Office Supplies,5,450.1,2250.5,3,11,No,8,63,20,5,48,No
PO101660,2025-03-26,Supplier_06,Electronics,2,311.12,622.24,6,16,No,10,484,45,2,0,Yes
PO101661,2025-03-12,Supplier_15,Home & Kitchen,4,465.34,1861.36,5,5,Yes,0,146,20,4,130,No
PO101662,2025-06-19,Supplier_05,Electronics,8,489.72,3917.76,8,12,No,4,211,46,8,0,Yes
PO101663,2025-08-24,Supplier_07,Home & Kitchen,20,448.01,8960.2,3,11,No,8,276,22,20,274,No
PO101664,2025-04-20,Supplier_15,Electronics,14,456.38,6389.32,10,21,No,11,466,37,14,443,No
PO101665,2025-12-13,Supplier_06,Electronics,1,375.67,375.67,8,6,Yes,0,333,47,1,0,Yes
PO101666,2025-08-02,Supplier_12,Office Supplies,5,200.14,1000.7,4,14,No,10,30,26,5,9,No
PO101667,2025-01-17,Supplier_04,Electronics,12,54.79,657.48,9,8,Yes,0,388,54,12,346,No
PO101668,2025-07-22,Supplier_06,Home & Kitchen,6,276.79,1660.74,4,3,Yes,0,201,25,6,182,No
PO101669,2025-04-07,Supplier_01,Office Supplies,16,261.53,4184.48,7,14,No,7,483,17,16,482,No
PO101670,2025-07-28,Supplier_13,Home & Kitchen,15,121.85,1827.75,8,7,Yes,0,262,24,15,253,No
PO101671,2025-12-12,Supplier_01,Office Supplies,6,376.73,2260.38,4,7,No,3,403,19,6,390,No
PO101672,2025-11-19,Supplier_13,Electronics,15,463.0,6945.0,7,8,Yes,1,55,31,15,0,Yes
PO101673,2025-02-19,Supplier_13,Electronics,6,250.02,1500.12,10,9,Yes,0,44,39,6,0,Yes
PO101674,2025-12-14,Supplier_03,Electronics,16,440.65,7050.4,3,1,Yes,0,331,49,16,0,Yes
PO101675,2025-07-03,Supplier_01,Home & Kitchen,8,326.16,2609.28,7,10,No,3,450,33,8,425,No
PO101676,2025-07-31,Supplier_15,Home & Kitchen,11,498.29,5481.19,5,16,No,11,190,22,11,179,No
PO101677,2025-12-19,Supplier_10,Electronics,12,308.95,3707.4,7,9,No,2,41,43,12,10,No
PO101678,2025-09-01,Supplier_09,Electronics,3,416.0,1248.0,7,7,Yes,0,296,45,3,0,Yes
PO101679,2025-02-25,Supplier_10,Home & Kitchen,14,180.25,2523.5,7,5,Yes,0,89,17,14,86,No
PO101680,2025-12-10,Supplier_12,Office Supplies,15,79.48,1192.2,4,3,Yes,0,60,26,15,49,No
PO101681,2025-01-26,Supplier_09,Electronics,4,202.64,810.56,9,10,Yes,1,179,38,4,0,Yes
PO101682,2025-03-23,Supplier_12,Home & Kitchen,11,345.08,3795.88,3,4,Yes,1,393,31,11,373,No
PO101683,2025-04-13,Supplier_07,Office Supplies,8,231.32,1850.56,7,8,Yes,1,219,18,8,209,No
PO101684,2025-12-13,Supplier_01,Office Supplies,7,329.23,2304.61,4,12,No,8,226,23,7,210,No
PO101685,2025-02-23,Supplier_01,Home & Kitchen,9,259.23,2333.07,3,4,No,1,214,30,9,193,No
PO101686,2025-03-28,Supplier_12,Home & Kitchen,14,496.62,6952.68,10,11,No,1,362,23,14,353,No
PO101687,2025-01-02,Supplier_03,Home & Kitchen,17,85.44,1452.48,10,11,Yes,1,177,30,17,164,No
PO101688,2025-01-03,Supplier_02,Home & Kitchen,12,79.57,954.84,10,18,No,8,446,26,12,432,No
PO101689,2025-06-28,Supplier_11,Electronics,19,53.93,1024.67,4,3,Yes,0,417,48,19,0,Yes
PO101690,2025-12-18,Supplier_03,Electronics,12,206.25,2475.0,6,15,No,9,40,51,12,0,Yes
PO101691,2025-06-24,Supplier_14,Home & Kitchen,17,372.16,6326.72,6,7,Yes,1,242,28,17,231,No
PO101692,2025-06-04,Supplier_05,Office Supplies,19,397.03,7543.57,10,12,No,2,464,18,19,465,No
PO101693,2025-12-25,Supplier_08,Office Supplies,10,261.52,2615.2,5,6,Yes,1,67,20,10,57,No
PO101694,2025-03-27,Supplier_07,Home & Kitchen,18,103.99,1871.82,10,18,No,8,442,29,18,431,No
PO101695,2025-12-02,Supplier_06,Home & Kitchen,17,43.23,734.91,7,8,Yes,1,248,28,17,237,No
PO101696,2025-10-17,Supplier_10,Office Supplies,20,188.0,3760.0,4,9,No,5,215,20,20,0,Yes
PO101697,2025-01-01,Supplier_13,Office Supplies,7,279.69,1957.83,4,9,No,5,414,30,7,0,Yes
PO101698,2025-04-08,Supplier_04,Home & Kitchen,14,104.92,1468.88,5,6,No,1,125,37,14,102,No
PO101699,2025-06-12,Supplier_01,Electronics,17,225.84,3839.28,9,20,No,11,102,38,17,81,No
PO101700,2025-11-04,Supplier_11,Electronics,10,220.58,2205.8,7,14,No,7,381,47,10,0,Yes
PO101701,2025-03-13,Supplier_09,Electronics,10,308.13,3081.3,8,8,Yes,0,59,39,10,30,No
PO101702,2025-01-19,Supplier_07,Electronics,8,337.46,2699.68,9,10,Yes,1,237,49,8,0,Yes
PO101703,2025-05-17,Supplier_15,Electronics,10,237.75,2377.5,3,3,Yes,0,181,45,10,146,No
PO101704,2025-03-30,Supplier_06,Home & Kitchen,15,155.05,2325.75,3,4,No,1,274,31,15,258,No
PO101705,2025-05-08,Supplier_07,Home & Kitchen,4,217.87,871.48,3,5,No,2,484,20,4,468,No
PO101706,2025-08-02,Supplier_13,Electronics,13,290.93,3782.09,9,11,No,2,161,45,13,0,Yes
PO101707,2025-07-13,Supplier_05,Home & Kitchen,5,208.81,1044.05,3,5,No,2,429,27,5,407,No
PO101708,2025-08-30,Supplier_15,Electronics,9,349.83,3148.47,6,17,No,11,79,54,9,34,No
PO101709,2025-02-10,Supplier_06,Office Supplies,13,223.65,2907.45,8,11,No,3,357,18,13,352,No
PO101710,2025-06-26,Supplier_12,Electronics,7,129.74,908.18,6,16,No,10,484,48,7,0,Yes
PO101711,2025-12-11,Supplier_09,Electronics,12,308.82,3705.84,9,7,Yes,0,371,43,12,340,No
PO101712,2025-03-28,Supplier_12,Office Supplies,4,211.57,846.28,8,9,Yes,1,493,18,4,479,No
PO101713,2025-07-17,Supplier_14,Electronics,9,485.43,4368.87,7,15,No,8,274,50,9,0,Yes
PO101714,2025-11-14,Supplier_03,Electronics,20,35.29,705.8,3,14,No,11,358,49,20,0,Yes
PO101715,2025-03-09,Supplier_11,Office Supplies,16,18.71,299.36,10,17,No,7,253,18,16,251,No
PO101716,2025-12-03,Supplier_07,Office Supplies,4,299.5,1198.0,9,14,No,5,46,18,4,32,No
PO101717,2025-06-04,Supplier_06,Electronics,20,257.27,5145.4,8,16,No,8,270,51,20,239,No
PO101718,2025-01-24,Supplier_12,Office Supplies,7,169.38,1185.66,3,1,Yes,0,465,13,7,459,No
PO101719,2025-11-03,Supplier_06,Electronics,13,177.19,2303.47,5,10,No,5,446,51,13,0,Yes
PO101720,2025-04-02,Supplier_03,Office Supplies,10,61.76,617.6,3,9,No,6,69,27,10,52,No
PO101721,2025-06-03,Supplier_10,Office Supplies,5,209.22,1046.1,6,10,No,4,488,20,5,473,No
PO101722,2025-09-02,Supplier_15,Electronics,19,226.04,4294.76,6,5,Yes,0,307,40,19,0,Yes
PO101723,2025-07-12,Supplier_10,Home & Kitchen,12,349.44,4193.28,9,8,Yes,0,103,32,12,83,No
PO101724,2025-10-16,Supplier_05,Electronics,14,498.93,6985.02,8,8,Yes,0,398,46,14,0,Yes
PO101725,2025-11-07,Supplier_02,Home & Kitchen,6,56.77,340.62,9,14,No,5,154,26,6,134,No
PO101726,2025-10-02,Supplier_04,Electronics,15,154.99,2324.85,9,20,No,11,307,37,15,0,Yes
PO101727,2025-02-27,Supplier_09,Electronics,16,43.0,688.0,9,11,No,2,167,39,16,0,Yes
PO101728,2025-03-25,Supplier_05,Electronics,1,225.8,225.8,5,12,No,7,193,39,1,155,No
PO101729,2025-12-15,Supplier_12,Electronics,4,496.14,1984.56,7,10,No,3,327,45,4,0,Yes
PO101730,2025-03-10,Supplier_06,Office Supplies,1,89.75,89.75,4,12,No,8,389,20,1,370,No
PO101731,2025-12-17,Supplier_02,Home & Kitchen,10,434.33,4343.3,8,11,No,3,295,20,10,0,Yes
PO101732,2025-06-03,Supplier_10,Electronics,8,284.05,2272.4,10,9,Yes,0,304,49,8,263,No
PO101733,2025-04-04,Supplier_12,Electronics,11,90.01,990.11,4,13,No,9,118,40,11,0,Yes
PO101734,2025-05-07,Supplier_14,Home & Kitchen,17,186.63,3172.71,3,12,No,9,223,25,17,215,No
PO101735,2025-04-22,Supplier_03,Home & Kitchen,11,75.35,828.85,4,5,No,1,143,21,11,133,No
PO101736,2025-06-03,Supplier_13,Electronics,19,260.66,4952.54,10,21,No,11,49,60,19,0,Yes
PO101737,2025-08-16,Supplier_02,Electronics,15,198.7,2980.5,5,9,No,4,336,48,15,0,Yes
PO101738,2025-08-05,Supplier_14,Home & Kitchen,6,444.35,2666.1,10,11,Yes,1,417,25,6,398,No
PO101739,2025-11-26,Supplier_09,Home & Kitchen,5,281.33,1406.65,3,1,Yes,0,176,23,5,158,No
PO101740,2025-06-29,Supplier_03,Electronics,1,172.6,172.6,8,16,No,8,163,38,1,0,Yes
PO101741,2025-03-24,Supplier_12,Home & Kitchen,13,83.84,1089.92,8,16,No,8,411,32,13,392,No
PO101742,2025-03-12,Supplier_13,Home & Kitchen,14,80.35,1124.9,8,18,No,10,403,35,14,382,No
PO101743,2025-06-02,Supplier_10,Electronics,7,214.93,1504.51,7,17,No,10,379,61,7,0,Yes
PO101744,2025-01-31,Supplier_07,Home & Kitchen,7,165.11,1155.77,7,7,Yes,0,255,23,7,239,No
PO101745,2025-12-24,Supplier_10,Home & Kitchen,17,395.29,6719.93,7,5,Yes,0,237,42,17,0,Yes
PO101746,2025-12-23,Supplier_12,Home & Kitchen,17,405.91,6900.47,8,7,Yes,0,214,33,17,198,No
PO101747,2025-12-20,Supplier_02,Home & Kitchen,13,135.09,1756.17,6,13,No,7,41,18,13,36,No
PO101748,2025-02-26,Supplier_01,Office Supplies,11,422.22,4644.42,7,15,No,8,250,21,11,240,No
PO101749,2025-09-15,Supplier_09,Electronics,20,37.94,758.8,6,4,Yes,0,251,53,20,218,No
PO101750,2025-05-28,Supplier_13,Office Supplies,10,66.03,660.3,7,17,No,10,32,18,10,24,No
PO101751,2025-06-13,Supplier_08,Home & Kitchen,6,190.41,1142.46,6,5,Yes,0,222,17,6,211,No
PO101752,2025-01-27,Supplier_01,Electronics,17,63.59,1081.03,8,19,No,11,76,44,17,49,No
PO101753,2025-04-21,Supplier_01,Home & Kitchen,1,382.6,382.6,10,14,No,4,294,19,1,276,No
PO101754,2025-05-05,Supplier_10,Office Supplies,15,405.75,6086.25,6,6,Yes,0,218,19,15,214,No
PO101755,2025-12-14,Supplier_12,Home & Kitchen,13,489.13,6358.69,7,5,Yes,0,276,24,13,0,Yes
PO101756,2025-11-16,Supplier_09,Office Supplies,6,348.46,2090.76,10,17,No,7,71,23,6,54,No
PO101757,2025-07-04,Supplier_04,Electronics,5,88.66,443.3,7,5,Yes,0,124,53,5,0,Yes
PO101758,2025-06-11,Supplier_04,Electronics,3,463.82,1391.46,7,12,No,5,103,44,3,62,No
PO101759,2025-11-19,Supplier_07,Home & Kitchen,6,361.29,2167.74,3,7,No,4,79,35,6,50,No
PO101760,2025-03-01,Supplier_03,Home & Kitchen,2,344.74,689.48,10,11,No,1,172,26,2,148,No
PO101761,2025-10-25,Supplier_07,Electronics,19,159.61,3032.59,8,18,No,10,122,38,19,103,No
PO101762,2025-09-08,Supplier_03,Office Supplies,12,162.87,1954.44,9,11,No,2,487,26,12,473,No
PO101763,2025-06-13,Supplier_11,Office Supplies,4,304.12,1216.48,7,5,Yes,0,407,21,4,0,Yes
PO101764,2025-05-28,Supplier_11,Home & Kitchen,3,409.26,1227.78,7,6,Yes,0,343,22,3,324,No
PO101765,2025-02-13,Supplier_13,Electronics,12,237.29,2847.48,3,1,Yes,0,324,42,12,0,Yes
PO101766,2025-10-16,Supplier_04,Electronics,14,139.52,1953.28,6,14,No,8,97,50,14,0,Yes
PO101767,2025-06-05,Supplier_12,Office Supplies,4,185.55,742.2,10,13,No,3,269,19,4,254,No
PO101768,2025-10-15,Supplier_13,Office Supplies,1,138.36,138.36,4,15,No,11,200,27,1,174,No
PO101769,2025-10-13,Supplier_04,Home & Kitchen,12,437.64,5251.68,5,16,No,11,300,25,12,287,No
PO101770,2025-12-16,Supplier_14,Electronics,12,483.99,5807.88,8,7,Yes,0,287,57,12,0,Yes
PO101771,2025-12-25,Supplier_04,Electronics,2,237.44,474.88,8,12,No,4,106,48,2,60,No
PO101772,2025-04-10,Supplier_05,Electronics,11,275.21,3027.31,10,15,No,5,196,44,11,0,Yes
PO101773,2025-06-15,Supplier_07,Electronics,17,118.96,2022.32,7,11,No,4,338,47,17,0,Yes
PO101774,2025-01-12,Supplier_13,Office Supplies,10,289.41,2894.1,3,14,No,11,266,29,10,247,No
PO101775,2025-11-11,Supplier_06,Electronics,15,287.58,4313.7,10,18,No,8,217,44,15,0,Yes
PO101776,2025-09-23,Supplier_13,Electronics,3,65.73,197.19,9,13,No,4,248,46,3,0,Yes
PO101777,2025-04-06,Supplier_11,Electronics,11,458.88,5047.68,9,9,Yes,0,70,37,11,0,Yes
PO101778,2025-09-25,Supplier_09,Home & Kitchen,15,63.51,952.65,8,7,Yes,0,143,25,15,133,No
PO101779,2025-11-27,Supplier_09,Home & Kitchen,14,206.68,2893.52,10,21,No,11,289,23,14,280,No
PO101780,2025-06-26,Supplier_08,Electronics,19,43.57,827.83,10,21,No,11,399,52,19,0,Yes
PO101781,2025-04-17,Supplier_07,Electronics,20,84.02,1680.4,4,5,Yes,1,93,55,20,0,Yes
PO101782,2025-06-23,Supplier_05,Electronics,2,249.37,498.74,5,10,No,5,251,42,2,0,Yes
PO101783,2025-05-25,Supplier_10,Home & Kitchen,1,30.29,30.29,8,17,No,9,36,31,1,0,Yes
PO101784,2025-09-13,Supplier_01,Electronics,17,479.5,8151.5,6,14,No,8,266,45,17,0,Yes
PO101785,2025-09-24,Supplier_06,Office Supplies,11,370.7,4077.7,10,18,No,8,198,23,11,186,No
PO101786,2025-01-23,Supplier_07,Office Supplies,10,28.61,286.1,3,4,Yes,1,142,18,10,134,No
PO101787,2025-11-10,Supplier_13,Electronics,4,384.36,1537.44,10,18,No,8,219,53,4,0,Yes
PO101788,2025-12-15,Supplier_14,Home & Kitchen,9,435.12,3916.08,4,4,Yes,0,37,22,9,24,No
PO101789,2025-03-16,Supplier_12,Electronics,3,71.05,213.15,9,10,Yes,1,113,38,3,0,Yes
PO101790,2025-01-26,Supplier_03,Electronics,9,371.7,3345.3,8,11,No,3,86,49,9,0,Yes
PO101791,2025-07-15,Supplier_12,Electronics,14,283.37,3967.18,4,12,No,8,445,55,14,0,Yes
PO101792,2025-02-11,Supplier_12,Home & Kitchen,18,375.89,6766.02,6,13,No,7,99,37,18,80,No
PO101793,2025-07-14,Supplier_15,Electronics,4,182.79,731.16,7,12,No,5,325,45,4,0,Yes
PO101794,2025-03-21,Supplier_10,Office Supplies,5,380.21,1901.05,7,16,No,9,392,26,5,371,No
PO101795,2025-11-17,Supplier_11,Office Supplies,2,163.25,326.5,3,1,Yes,0,135,23,2,114,No
PO101796,2025-06-13,Supplier_05,Office Supplies,14,363.72,5092.08,10,14,No,4,40,24,14,30,No
PO101797,2025-07-28,Supplier_10,Office Supplies,18,330.59,5950.62,7,11,No,4,372,27,18,363,No
PO101798,2025-09-28,Supplier_08,Electronics,7,215.86,1511.02,10,21,No,11,47,44,7,0,Yes
PO101799,2025-04-20,Supplier_12,Office Supplies,7,179.15,1254.05,3,10,No,7,266,17,7,0,Yes
PO101800,2025-12-15,Supplier_01,Home & Kitchen,14,284.22,3979.08,6,15,No,9,424,26,14,412,No
PO101801,2025-02-15,Supplier_10,Electronics,8,498.84,3990.72,6,14,No,8,492,37,8,463,No
PO101802,2025-04-23,Supplier_09,Home & Kitchen,6,91.11,546.66,4,15,No,11,269,32,6,243,No
PO101803,2025-06-23,Supplier_15,Electronics,19,158.52,3011.88,7,6,Yes,0,96,44,19,0,Yes
PO101804,2025-02-09,Supplier_15,Electronics,15,99.54,1493.1,9,12,No,3,58,38,15,35,No
PO101805,2025-01-22,Supplier_07,Office Supplies,17,248.41,4222.97,9,9,Yes,0,336,18,17,335,No
PO101806,2025-07-09,Supplier_08,Home & Kitchen,12,116.02,1392.24,7,8,Yes,1,150,21,12,141,No
PO101807,2025-11-14,Supplier_06,Electronics,5,118.1,590.5,3,9,No,6,331,35,5,301,No
PO101808,2025-05-13,Supplier_01,Home & Kitchen,19,493.73,9380.87,8,17,No,9,117,29,19,107,No
PO101809,2025-06-26,Supplier_02,Electronics,13,54.88,713.44,3,7,No,4,358,31,13,0,Yes
PO101810,2025-05-15,Supplier_02,Home & Kitchen,8,335.29,2682.32,6,9,No,3,495,33,8,470,No
PO101811,2025-07-15,Supplier_15,Electronics,12,246.93,2963.16,3,2,Yes,0,39,45,12,0,Yes
PO101812,2025-10-04,Supplier_07,Electronics,20,472.79,9455.8,3,13,No,10,364,38,20,346,No
PO101813,2025-04-05,Supplier_02,Office Supplies,19,392.55,7458.45,4,8,No,4,464,16,19,0,Yes
PO101814,2025-12-10,Supplier_05,Office Supplies,1,122.12,122.12,10,9,Yes,0,189,26,1,164,No
PO101815,2025-10-31,Supplier_14,Electronics,16,482.34,7717.44,3,3,Yes,0,226,51,16,0,Yes
PO101816,2025-03-25,Supplier_12,Electronics,1,177.36,177.36,5,15,No,10,302,42,1,0,Yes
PO101817,2025-10-09,Supplier_06,Electronics,10,22.85,228.5,6,5,Yes,0,244,40,10,0,Yes
PO101818,2025-02-20,Supplier_06,Home & Kitchen,8,329.26,2634.08,4,4,Yes,0,357,27,8,338,No
PO101819,2025-03-01,Supplier_15,Home & Kitchen,19,429.45,8159.55,6,17,No,11,136,31,19,0,Yes
PO101820,2025-10-05,Supplier_07,Electronics,9,497.08,4473.72,3,7,No,4,456,50,9,0,Yes
PO101821,2025-12-08,Supplier_02,Office Supplies,9,34.48,310.32,3,4,No,1,468,16,9,461,No
PO101822,2025-07-24,Supplier_11,Home & Kitchen,7,454.74,3183.18,3,6,No,3,177,24,7,160,No
PO101823,2025-05-20,Supplier_04,Office Supplies,7,103.58,725.06,9,7,Yes,0,295,19,7,283,No
PO101824,2025-01-15,Supplier_10,Office Supplies,14,390.77,5470.78,4,5,No,1,332,28,14,0,Yes
PO101825,2025-02-25,Supplier_12,Home & Kitchen,9,306.56,2759.04,8,7,Yes,0,140,31,9,118,No
PO101826,2025-01-07,Supplier_09,Electronics,8,258.26,2066.08,3,11,No,8,487,37,8,0,Yes
PO101827,2025-02-06,Supplier_06,Home & Kitchen,5,88.61,443.05,7,18,No,11,105,28,5,82,No
PO101828,2025-04-24,Supplier_10,Electronics,16,168.0,2688.0,8,8,Yes,0,339,49,16,306,No
PO101829,2025-09-16,Supplier_07,Home & Kitchen,10,82.97,829.7,3,14,No,11,416,27,10,399,No
PO101830,2025-02-11,Supplier_10,Electronics,19,488.88,9288.72,7,12,No,5,182,36,19,0,Yes
PO101831,2025-04-01,Supplier_04,Electronics,14,84.87,1188.18,10,8,Yes,0,458,44,14,0,Yes
PO101832,2025-08-12,Supplier_12,Electronics,20,224.15,4483.0,9,17,No,8,269,46,20,243,No
PO101833,2025-09-14,Supplier_03,Electronics,3,33.81,101.43,5,11,No,6,137,30,3,110,No
PO101834,2025-06-24,Supplier_05,Office Supplies,7,299.53,2096.71,6,17,No,11,183,22,7,168,No
PO101835,2025-09-30,Supplier_13,Electronics,20,433.49,8669.8,6,5,Yes,0,460,55,20,0,Yes
PO101836,2025-12-19,Supplier_08,Electronics,19,371.29,7054.51,9,15,No,6,255,42,19,0,Yes
PO101837,2025-01-04,Supplier_09,Electronics,1,77.49,77.49,8,6,Yes,0,363,42,1,0,Yes
PO101838,2025-07-27,Supplier_11,Home & Kitchen,16,147.82,2365.12,9,17,No,8,329,34,16,311,No
PO101839,2025-11-06,Supplier_12,Office Supplies,5,415.63,2078.15,6,17,No,11,103,15,5,0,Yes
PO101840,2025-05-31,Supplier_02,Electronics,10,441.83,4418.3,7,14,No,7,286,48,10,0,Yes
PO101841,2025-10-20,Supplier_06,Electronics,1,276.83,276.83,6,14,No,8,257,51,1,207,No
PO101842,2025-01-11,Supplier_12,Electronics,6,22.12,132.72,9,8,Yes,0,281,52,6,0,Yes
PO101843,2025-05-31,Supplier_08,Office Supplies,20,381.55,7631.0,7,10,No,3,182,19,20,183,No
PO101844,2025-07-31,Supplier_07,Electronics,5,30.85,154.25,10,13,No,3,177,42,5,0,Yes
PO101845,2025-09-26,Supplier_14,Electronics,16,49.87,797.92,4,3,Yes,0,259,31,16,244,No
PO101846,2025-12-29,Supplier_15,Electronics,8,351.96,2815.68,7,5,Yes,0,75,49,8,0,Yes
PO101847,2025-07-03,Supplier_14,Home & Kitchen,4,281.84,1127.36,6,7,Yes,1,280,28,4,256,No
PO101848,2025-02-23,Supplier_01,Electronics,3,115.72,347.16,8,13,No,5,280,40,3,0,Yes
PO101849,2025-07-22,Supplier_09,Office Supplies,10,176.62,1766.2,6,6,Yes,0,430,20,10,420,No
PO101850,2025-03-30,Supplier_03,Office Supplies,8,348.45,2787.6,3,10,No,7,391,19,8,380,No
PO101851,2025-03-03,Supplier_11,Office Supplies,12,446.77,5361.24,5,6,Yes,1,56,30,12,38,No
PO101852,2025-11-26,Supplier_04,Electronics,12,301.44,3617.28,6,7,Yes,1,368,52,12,0,Yes
PO101853,2025-07-02,Supplier_02,Home & Kitchen,19,159.03,3021.57,4,11,No,7,252,28,19,243,No
PO101854,2025-09-22,Supplier_10,Office Supplies,6,251.31,1507.86,9,19,No,10,418,24,6,400,No
PO101855,2025-03-07,Supplier_06,Office Supplies,4,462.51,1850.04,5,4,Yes,0,474,15,4,463,No
PO101856,2025-08-24,Supplier_14,Electronics,19,491.22,9333.18,4,6,No,2,371,54,19,0,Yes
PO101857,2025-10-26,Supplier_09,Electronics,12,363.7,4364.4,7,8,Yes,1,413,61,12,364,No
PO101858,2025-01-27,Supplier_02,Home & Kitchen,15,411.52,6172.8,8,15,No,7,296,22,15,289,No
PO101859,2025-02-22,Supplier_07,Electronics,11,209.32,2302.52,7,5,Yes,0,464,47,11,0,Yes
PO101860,2025-10-11,Supplier_13,Electronics,19,218.8,4157.2,3,3,Yes,0,85,44,19,0,Yes
PO101861,2025-07-13,Supplier_05,Electronics,8,408.85,3270.8,5,11,No,6,222,53,8,0,Yes
PO101862,2025-06-02,Supplier_11,Electronics,1,141.49,141.49,5,6,Yes,1,158,51,1,108,No
PO101863,2025-10-22,Supplier_11,Home & Kitchen,11,185.25,2037.75,4,5,Yes,1,274,31,11,0,Yes
PO101864,2025-04-22,Supplier_05,Electronics,7,268.2,1877.4,5,3,Yes,0,311,33,7,0,Yes
PO101865,2025-12-03,Supplier_04,Electronics,19,200.37,3807.03,9,7,Yes,0,298,44,19,273,No
PO101866,2025-10-27,Supplier_12,Electronics,8,452.58,3620.64,8,15,No,7,196,44,8,0,Yes
PO101867,2025-08-17,Supplier_14,Office Supplies,14,476.26,6667.64,3,4,Yes,1,355,17,14,352,No
PO101868,2025-12-10,Supplier_07,Electronics,3,344.77,1034.31,6,7,Yes,1,433,40,3,396,No
PO101869,2025-06-05,Supplier_04,Electronics,11,485.93,5345.23,9,14,No,5,469,39,11,441,No
PO101870,2025-01-28,Supplier_08,Office Supplies,1,252.5,252.5,7,6,Yes,0,222,16,1,207,No
PO101871,2025-06-26,Supplier_11,Home & Kitchen,4,351.86,1407.44,6,5,Yes,0,105,30,4,79,No
PO101872,2025-12-25,Supplier_09,Electronics,9,426.52,3838.68,9,14,No,5,468,39,9,0,Yes
PO101873,2025-11-30,Supplier_08,Electronics,5,485.26,2426.3,5,3,Yes,0,89,48,5,0,Yes
PO101874,2025-09-12,Supplier_03,Office Supplies,19,421.47,8007.93,9,11,No,2,259,22,19,256,No
PO101875,2025-11-02,Supplier_11,Electronics,12,311.41,3736.92,10,19,No,9,423,49,12,386,No
PO101876,2025-06-05,Supplier_09,Office Supplies,17,475.11,8076.87,9,19,No,10,460,23,17,454,No
PO101877,2025-07-06,Supplier_07,Home & Kitchen,11,485.11,5336.21,10,16,No,6,45,25,11,31,No
PO101878,2025-11-21,Supplier_10,Office Supplies,18,272.23,4900.14,6,15,No,9,143,22,18,139,No
PO101879,2025-12-03,Supplier_06,Electronics,18,166.39,2995.02,4,9,No,5,191,39,18,0,Yes
PO101880,2025-11-18,Supplier_03,Electronics,10,337.83,3378.3,10,17,No,7,33,41,10,0,Yes
PO101881,2025-04-14,Supplier_10,Electronics,14,174.42,2441.88,9,7,Yes,0,175,33,14,0,Yes
PO101882,2025-06-17,Supplier_05,Home & Kitchen,17,106.43,1809.31,3,10,No,7,328,33,17,312,No
PO101883,2025-01-30,Supplier_15,Office Supplies,7,350.82,2455.74,6,9,No,3,69,25,7,51,No
PO101884,2025-09-25,Supplier_05,Electronics,10,219.4,2194.0,7,12,No,5,417,48,10,0,Yes
PO101885,2025-12-24,Supplier_11,Electronics,17,456.8,7765.6,10,10,Yes,0,438,42,17,413,No
PO101886,2025-10-08,Supplier_03,Home & Kitchen,6,492.18,2953.08,6,13,No,7,452,19,6,439,No
PO101887,2025-11-09,Supplier_01,Home & Kitchen,7,113.49,794.43,8,16,No,8,234,26,7,215,No
PO101888,2025-04-26,Supplier_15,Office Supplies,1,173.66,173.66,5,9,No,4,463,24,1,440,No
PO101889,2025-07-28,Supplier_01,Electronics,10,191.69,1916.9,6,15,No,9,96,48,10,0,Yes
PO101890,2025-07-15,Supplier_01,Office Supplies,17,197.34,3354.78,10,12,No,2,359,24,17,352,No
PO101891,2025-01-15,Supplier_04,Office Supplies,4,275.42,1101.68,6,6,Yes,0,216,17,4,203,No
PO101892,2025-11-26,Supplier_02,Home & Kitchen,9,492.65,4433.85,4,5,Yes,1,275,24,9,260,No
PO101893,2025-09-04,Supplier_06,Electronics,8,220.85,1766.8,7,10,No,3,438,50,8,0,Yes
PO101894,2025-01-22,Supplier_12,Home & Kitchen,2,119.85,239.7,5,6,Yes,1,287,32,2,0,Yes
PO101895,2025-08-28,Supplier_03,Home & Kitchen,2,132.27,264.54,4,11,No,7,422,25,2,399,No
PO101896,2025-05-02,Supplier_15,Office Supplies,2,356.52,713.04,4,5,No,1,454,24,2,432,No
PO101897,2025-02-24,Supplier_15,Home & Kitchen,20,46.02,920.4,3,3,Yes,0,71,30,20,61,No
PO101898,2025-11-10,Supplier_06,Home & Kitchen,13,405.84,5275.92,9,11,No,2,139,19,13,133,No
PO101899,2025-03-23,Supplier_04,Home & Kitchen,7,368.08,2576.56,9,16,No,7,271,31,7,247,No
PO101900,2025-07-21,Supplier_02,Electronics,15,109.91,1648.65,10,13,No,3,40,40,15,15,No
PO101901,2025-04-13,Supplier_07,Office Supplies,8,190.21,1521.68,8,6,Yes,0,287,16,8,279,No
PO101902,2025-09-13,Supplier_09,Home & Kitchen,2,139.65,279.3,6,8,No,2,406,19,2,389,No
PO101903,2025-12-03,Supplier_03,Home & Kitchen,11,390.95,4300.45,9,15,No,6,319,30,11,300,No
PO101904,2025-09-19,Supplier_15,Home & Kitchen,10,284.36,2843.6,5,3,Yes,0,224,24,10,210,No
PO101905,2025-01-27,Supplier_05,Electronics,5,482.42,2412.1,8,9,No,1,75,61,5,0,Yes
PO101906,2025-01-26,Supplier_10,Home & Kitchen,11,320.21,3522.31,6,9,No,3,69,27,11,53,No
PO101907,2025-01-30,Supplier_09,Electronics,10,80.84,808.4,10,20,No,10,174,53,10,0,Yes
PO101908,2025-04-10,Supplier_11,Electronics,3,115.88,347.64,6,10,No,4,226,36,3,0,Yes
PO101909,2025-04-09,Supplier_07,Home & Kitchen,20,164.81,3296.2,10,11,Yes,1,229,30,20,219,No
PO101910,2025-09-14,Supplier_13,Home & Kitchen,18,291.29,5243.22,7,13,No,6,430,22,18,426,No
PO101911,2025-06-17,Supplier_02,Home & Kitchen,12,452.54,5430.48,5,10,No,5,331,23,12,320,No
PO101912,2025-05-19,Supplier_10,Office Supplies,12,334.17,4010.04,8,16,No,8,351,26,12,337,No
PO101913,2025-05-22,Supplier_12,Electronics,10,458.31,4583.1,6,7,No,1,128,43,10,0,Yes
PO101914,2025-12-26,Supplier_12,Home & Kitchen,19,109.39,2078.41,7,8,Yes,1,378,29,19,0,Yes
PO101915,2025-05-14,Supplier_15,Electronics,2,152.93,305.86,10,8,Yes,0,242,31,2,213,No
PO101916,2025-03-11,Supplier_14,Office Supplies,11,307.82,3386.02,5,4,Yes,0,169,19,11,161,No
PO101917,2025-08-18,Supplier_04,Home & Kitchen,4,77.59,310.36,6,8,No,2,349,20,4,0,Yes
PO101918,2025-07-09,Supplier_06,Home & Kitchen,15,326.48,4897.2,7,8,No,1,103,36,15,82,No
PO101919,2025-05-07,Supplier_04,Electronics,2,445.92,891.84,9,19,No,10,216,41,2,0,Yes
PO101920,2025-02-08,Supplier_02,Home & Kitchen,19,417.4,7930.6,9,13,No,4,279,24,19,274,No
PO101921,2025-07-26,Supplier_12,Home & Kitchen,6,350.37,2102.22,6,14,No,8,71,25,6,52,No
PO101922,2025-09-04,Supplier_14,Office Supplies,16,356.38,5702.08,6,6,Yes,0,407,20,16,403,No
PO101923,2025-07-07,Supplier_07,Electronics,9,238.13,2143.17,3,2,Yes,0,354,51,9,312,No
PO101924,2025-07-13,Supplier_14,Electronics,5,33.76,168.8,5,5,Yes,0,390,50,5,0,Yes
PO101925,2025-05-23,Supplier_01,Home & Kitchen,15,407.28,6109.2,8,14,No,6,230,21,15,224,No
PO101926,2025-05-01,Supplier_12,Electronics,1,232.39,232.39,6,15,No,9,104,40,1,0,Yes
PO101927,2025-03-08,Supplier_01,Home & Kitchen,18,245.94,4426.92,6,11,No,5,265,24,18,259,No
PO101928,2025-08-28,Supplier_10,Office Supplies,13,228.71,2973.23,7,11,No,4,44,23,13,34,No
PO101929,2025-02-19,Supplier_15,Home & Kitchen,10,261.3,2613.0,8,9,No,1,329,32,10,307,No
PO101930,2025-12-02,Supplier_06,Office Supplies,15,329.23,4938.45,10,10,Yes,0,103,20,15,98,No
PO101931,2025-04-17,Supplier_11,Electronics,10,253.74,2537.4,8,8,Yes,0,428,46,10,392,No
PO101932,2025-12-27,Supplier_12,Home & Kitchen,8,228.93,1831.44,6,16,No,10,314,25,8,0,Yes
PO101933,2025-11-22,Supplier_08,Home & Kitchen,4,272.32,1089.28,3,10,No,7,30,34,4,1,No
PO101934,2025-04-27,Supplier_07,Home & Kitchen,5,199.96,999.8,6,7,Yes,1,281,22,5,264,No
PO101935,2025-12-25,Supplier_03,Electronics,19,398.85,7578.15,4,12,No,8,119,49,19,0,Yes
PO101936,2025-01-28,Supplier_11,Electronics,12,414.77,4977.24,4,4,Yes,0,488,55,12,445,No
PO101937,2025-02-08,Supplier_14,Home & Kitchen,8,65.68,525.44,7,13,No,6,127,28,8,107,No
PO101938,2025-03-26,Supplier_06,Electronics,2,313.83,627.66,9,8,Yes,0,347,33,2,316,No
PO101939,2025-12-02,Supplier_06,Home & Kitchen,5,102.16,510.8,6,7,No,1,213,31,5,187,No
PO101940,2025-12-27,Supplier_03,Home & Kitchen,17,92.02,1564.34,6,8,No,2,59,24,17,52,No
PO101941,2025-04-21,Supplier_05,Office Supplies,3,160.1,480.3,5,8,No,3,480,18,3,465,No
PO101942,2025-09-28,Supplier_10,Office Supplies,5,210.78,1053.9,8,10,No,2,223,30,5,198,No
PO101943,2025-03-24,Supplier_12,Home & Kitchen,15,28.26,423.9,10,11,Yes,1,355,32,15,338,No
PO101944,2025-03-29,Supplier_15,Office Supplies,17,130.61,2220.37,10,19,No,9,203,23,17,197,No
PO101945,2025-02-04,Supplier_13,Home & Kitchen,11,55.16,606.76,3,5,No,2,240,23,11,228,No
PO101946,2025-05-26,Supplier_08,Home & Kitchen,4,88.47,353.88,9,9,Yes,0,429,17,4,0,Yes
PO101947,2025-03-12,Supplier_01,Electronics,6,177.78,1066.68,7,10,No,3,481,40,6,447,No
PO101948,2025-06-05,Supplier_03,Office Supplies,9,276.85,2491.65,3,6,No,3,262,19,9,252,No
PO101949,2025-02-11,Supplier_09,Electronics,12,441.88,5302.56,8,14,No,6,341,44,12,0,Yes
PO101950,2025-12-08,Supplier_10,Electronics,12,437.87,5254.44,4,10,No,6,67,46,12,0,Yes
PO101951,2025-04-19,Supplier_06,Home & Kitchen,5,491.57,2457.85,10,16,No,6,137,25,5,117,No
PO101952,2025-03-10,Supplier_09,Home & Kitchen,17,418.9,7121.3,5,9,No,4,127,23,17,121,No
PO101953,2025-12-23,Supplier_15,Electronics,18,31.66,569.88,5,16,No,11,161,39,18,140,No
PO101954,2025-05-17,Supplier_12,Office Supplies,11,466.56,5132.16,10,9,Yes,0,184,20,11,175,No
PO101955,2025-11-28,Supplier_05,Office Supplies,3,209.28,627.84,8,10,No,2,66,20,3,49,No
PO101956,2025-10-29,Supplier_15,Electronics,9,441.66,3974.94,5,6,Yes,1,156,41,9,0,Yes
PO101957,2025-10-19,Supplier_05,Office Supplies,10,441.88,4418.8,10,9,Yes,0,350,23,10,337,No
PO101958,2025-06-09,Supplier_03,Electronics,5,23.74,118.7,5,11,No,6,319,44,5,280,No
PO101959,2025-10-04,Supplier_10,Office Supplies,17,261.05,4437.85,3,1,Yes,0,432,17,17,432,No
PO101960,2025-04-18,Supplier_11,Electronics,19,450.67,8562.73,9,10,Yes,1,228,40,19,0,Yes
PO101961,2025-06-22,Supplier_14,Electronics,4,342.01,1368.04,6,6,Yes,0,297,29,4,0,Yes
PO101962,2025-03-19,Supplier_02,Electronics,16,258.16,4130.56,9,15,No,6,390,40,16,366,No
PO101963,2025-04-15,Supplier_10,Home & Kitchen,17,43.15,733.55,6,15,No,9,215,24,17,208,No
PO101964,2025-09-05,Supplier_15,Home & Kitchen,17,367.79,6252.43,9,19,No,10,167,32,17,152,No
PO101965,2025-06-03,Supplier_09,Electronics,17,131.66,2238.22,5,7,No,2,85,49,17,0,Yes
PO101966,2025-11-30,Supplier_13,Home & Kitchen,18,451.76,8131.68,7,11,No,4,206,28,18,0,Yes
PO101967,2025-08-12,Supplier_02,Home & Kitchen,7,225.55,1578.85,4,11,No,7,190,43,7,154,No
PO101968,2025-07-08,Supplier_01,Home & Kitchen,16,145.9,2334.4,8,14,No,6,238,29,16,225,No
PO101969,2025-07-09,Supplier_04,Home & Kitchen,9,482.17,4339.53,5,6,Yes,1,449,24,9,434,No
PO101970,2025-05-07,Supplier_14,Home & Kitchen,14,350.26,4903.64,6,4,Yes,0,77,37,14,54,No
PO101971,2025-07-17,Supplier_12,Office Supplies,5,87.81,439.05,4,5,No,1,449,20,5,434,No
PO101972,2025-04-30,Supplier_12,Electronics,2,151.08,302.16,8,17,No,9,494,46,2,450,No
PO101973,2025-04-28,Supplier_03,Office Supplies,6,155.55,933.3,9,11,No,2,320,17,6,309,No
PO101974,2025-02-26,Supplier_15,Electronics,3,60.19,180.57,7,8,No,1,87,52,3,0,Yes
PO101975,2025-02-26,Supplier_15,Electronics,10,197.01,1970.1,4,13,No,9,268,50,10,228,No
PO101976,2025-09-07,Supplier_06,Home & Kitchen,15,109.43,1641.45,6,4,Yes,0,400,25,15,390,No
PO101977,2025-08-14,Supplier_15,Electronics,9,387.7,3489.3,7,18,No,11,362,41,9,0,Yes
PO101978,2025-03-13,Supplier_04,Home & Kitchen,16,131.03,2096.48,4,2,Yes,0,293,32,16,277,No
PO101979,2025-09-17,Supplier_10,Home & Kitchen,4,493.65,1974.6,8,12,No,4,325,20,4,309,No
PO101980,2025-06-02,Supplier_08,Office Supplies,14,217.72,3048.08,8,9,No,1,116,24,14,106,No
PO101981,2025-12-29,Supplier_05,Office Supplies,17,171.41,2913.97,3,2,Yes,0,247,27,17,237,No
PO101982,2025-09-17,Supplier_04,Home & Kitchen,13,472.5,6142.5,5,3,Yes,0,54,29,13,38,No
PO101983,2025-11-08,Supplier_14,Home & Kitchen,15,418.75,6281.25,4,10,No,6,152,24,15,143,No
PO101984,2025-10-02,Supplier_13,Electronics,11,263.56,2899.16,3,4,Yes,1,403,53,11,0,Yes
PO101985,2025-08-19,Supplier_12,Home & Kitchen,5,170.28,851.4,7,7,Yes,0,90,25,5,70,No
PO101986,2025-06-02,Supplier_06,Office Supplies,7,478.1,3346.7,7,18,No,11,165,28,7,144,No
PO101987,2025-07-19,Supplier_12,Home & Kitchen,15,228.75,3431.25,6,15,No,9,35,24,15,26,No
PO101988,2025-06-09,Supplier_15,Home & Kitchen,1,321.37,321.37,8,10,No,2,155,29,1,127,No
PO101989,2025-03-02,Supplier_03,Electronics,2,101.35,202.7,3,6,No,3,192,55,2,0,Yes
PO101990,2025-08-13,Supplier_12,Home & Kitchen,10,423.75,4237.5,7,9,No,2,181,28,10,163,No
PO101991,2025-08-10,Supplier_10,Office Supplies,2,195.95,391.9,6,7,Yes,1,293,30,2,265,No
PO101992,2025-03-10,Supplier_08,Home & Kitchen,5,419.23,2096.15,9,9,Yes,0,487,24,5,468,No
PO101993,2025-01-12,Supplier_13,Electronics,14,132.56,1855.84,4,10,No,6,246,48,14,212,No
PO101994,2025-03-01,Supplier_10,Electronics,15,90.06,1350.9,9,17,No,8,420,37,15,0,Yes
PO101995,2025-05-05,Supplier_04,Electronics,15,125.25,1878.75,3,3,Yes,0,72,44,15,0,Yes
PO101996,2025-03-02,Supplier_11,Electronics,10,460.75,4607.5,9,9,Yes,0,416,57,10,369,No
PO101997,2025-02-05,Supplier_04,Office Supplies,8,306.72,2453.76,4,11,No,7,282,18,8,272,No
PO101998,2025-02-19,Supplier_06,Office Supplies,1,276.38,276.38,9,11,No,2,289,19,1,271,No
PO101999,2025-12-27,Supplier_07,Electronics,12,110.38,1324.56,10,14,No,4,54,52,12,0,Yes
PO102000,2025-09-06,Supplier_08,Home & Kitchen,5,462.36,2311.8,5,12,No,7,351,29,5,327,No
PO102001,2025-10-06,Supplier_13,Electronics,17,405.04,6885.68,6,4,Yes,0,144,51,17,0,Yes
PO102002,2025-05-12,Supplier_04,Home & Kitchen,18,264.8,4766.4,4,2,Yes,0,423,28,18,413,No
PO102003,2025-04-03,Supplier_02,Home & Kitchen,12,354.97,4259.64,7,15,No,8,156,30,12,138,No
PO102004,2025-02-26,Supplier_11,Electronics,11,69.15,760.65,6,7,Yes,1,211,45,11,0,Yes
PO102005,2025-10-29,Supplier_11,Home & Kitchen,20,408.44,8168.8,8,8,Yes,0,81,27,20,74,No
PO102006,2025-04-16,Supplier_03,Home & Kitchen,20,358.13,7162.6,5,12,No,7,429,31,20,418,No
PO102007,2025-05-25,Supplier_09,Electronics,1,76.36,76.36,9,8,Yes,0,260,47,1,214,No
PO102008,2025-04-27,Supplier_08,Electronics,5,246.37,1231.85,9,19,No,10,364,49,5,0,Yes
PO102009,2025-05-04,Supplier_11,Home & Kitchen,15,480.25,7203.75,5,10,No,5,439,34,15,420,No
PO102010,2025-11-18,Supplier_02,Home & Kitchen,11,226.12,2487.32,9,12,No,3,360,22,11,349,No
PO102011,2025-08-23,Supplier_03,Office Supplies,9,452.53,4072.77,5,4,Yes,0,358,26,9,0,Yes
PO102012,2025-11-12,Supplier_02,Electronics,19,370.56,7040.64,4,6,No,2,491,53,19,0,Yes
PO102013,2025-03-30,Supplier_15,Office Supplies,9,393.46,3541.14,9,8,Yes,0,424,29,9,404,No
PO102014,2025-06-20,Supplier_11,Electronics,20,489.93,9798.6,6,5,Yes,0,181,43,20,0,Yes
PO102015,2025-01-22,Supplier_03,Home & Kitchen,15,416.54,6248.1,8,11,No,3,368,26,15,357,No
PO102016,2025-10-09,Supplier_01,Home & Kitchen,14,393.1,5503.4,7,12,No,5,135,16,14,133,No
PO102017,2025-07-08,Supplier_13,Office Supplies,20,306.26,6125.2,8,12,No,4,156,21,20,155,No
PO102018,2025-08-09,Supplier_08,Electronics,3,448.51,1345.53,8,12,No,4,140,61,3,0,Yes
PO102019,2025-11-15,Supplier_01,Electronics,6,16.27,97.62,7,12,No,5,71,55,6,22,No
PO102020,2025-01-14,Supplier_10,Home & Kitchen,8,155.15,1241.2,3,13,No,10,392,29,8,371,No
PO102021,2025-04-01,Supplier_11,Office Supplies,2,134.83,269.66,8,9,Yes,1,301,20,2,283,No
PO102022,2025-10-15,Supplier_07,Office Supplies,15,404.45,6066.75,9,7,Yes,0,82,22,15,75,No
PO102023,2025-06-18,Supplier_05,Office Supplies,17,20.61,350.37,9,19,No,10,450,18,17,449,No
PO102024,2025-01-25,Supplier_03,Home & Kitchen,17,486.74,8274.58,10,19,No,9,94,20,17,91,No
PO102025,2025-01-24,Supplier_06,Office Supplies,5,120.11,600.55,9,11,No,2,444,20,5,429,No
PO102026,2025-10-19,Supplier_12,Electronics,6,271.1,1626.6,8,10,No,2,127,29,6,0,Yes
PO102027,2025-12-25,Supplier_14,Electronics,8,54.39,435.12,10,13,No,3,480,36,8,452,No
PO102028,2025-03-23,Supplier_04,Electronics,4,82.71,330.84,3,7,No,4,465,40,4,429,No
PO102029,2025-02-15,Supplier_06,Home & Kitchen,6,150.14,900.84,10,9,Yes,0,357,26,6,337,No
PO102030,2025-09-12,Supplier_07,Home & Kitchen,10,353.23,3532.3,5,3,Yes,0,159,24,10,145,No
PO102031,2025-10-01,Supplier_09,Home & Kitchen,1,32.1,32.1,5,4,Yes,0,467,33,1,435,No
PO102032,2025-03-05,Supplier_06,Electronics,17,391.37,6653.29,5,11,No,6,404,40,17,0,Yes
PO102033,2025-05-12,Supplier_10,Office Supplies,3,224.79,674.37,9,9,Yes,0,315,22,3,296,No
PO102034,2025-10-05,Supplier_10,Home & Kitchen,9,226.85,2041.65,6,14,No,8,187,22,9,174,No
PO102035,2025-01-31,Supplier_01,Electronics,2,214.42,428.84,5,8,No,3,35,51,2,0,Yes
PO102036,2025-04-18,Supplier_01,Electronics,3,32.5,97.5,10,19,No,9,38,43,3,0,Yes
PO102037,2025-11-26,Supplier_11,Home & Kitchen,1,239.45,239.45,3,10,No,7,359,22,1,338,No
PO102038,2025-02-17,Supplier_13,Home & Kitchen,11,465.04,5115.44,4,4,Yes,0,290,36,11,0,Yes
PO102039,2025-02-08,Supplier_15,Office Supplies,4,332.61,1330.44,8,6,Yes,0,36,19,4,21,No
PO102040,2025-10-10,Supplier_08,Electronics,17,286.69,4873.73,8,7,Yes,0,73,41,17,49,No
PO102041,2025-01-25,Supplier_07,Electronics,14,306.87,4296.18,10,19,No,9,107,44,14,0,Yes
PO102042,2025-04-05,Supplier_03,Home & Kitchen,20,194.61,3892.2,6,17,No,11,411,33,20,398,No
PO102043,2025-05-18,Supplier_13,Electronics,10,69.71,697.1,8,6,Yes,0,427,38,10,399,No
PO102044,2025-12-25,Supplier_02,Home & Kitchen,10,335.33,3353.3,6,10,No,4,447,23,10,434,No
PO102045,2025-02-27,Supplier_04,Office Supplies,1,94.64,94.64,9,17,No,8,486,17,1,470,No
PO102046,2025-06-18,Supplier_08,Home & Kitchen,18,445.1,8011.8,6,9,No,3,336,24,18,330,No
PO102047,2025-09-14,Supplier_09,Electronics,18,436.28,7853.04,6,8,No,2,176,56,18,0,Yes
PO102048,2025-02-18,Supplier_09,Office Supplies,19,55.9,1062.1,7,14,No,7,401,24,19,396,No
PO102049,2025-11-30,Supplier_04,Office Supplies,20,84.19,1683.8,7,15,No,8,266,23,20,263,No
PO102050,2025-11-05,Supplier_04,Electronics,10,383.8,3838.0,4,6,No,2,160,46,10,0,Yes
PO102051,2025-03-06,Supplier_04,Home & Kitchen,18,409.01,7362.18,4,10,No,6,364,35,18,347,No
PO102052,2025-10-16,Supplier_05,Electronics,11,481.72,5298.92,6,7,No,1,292,41,11,262,No
PO102053,2025-10-10,Supplier_10,Office Supplies,6,379.0,2274.0,10,16,No,6,404,21,6,389,No
PO102054,2025-10-16,Supplier_04,Electronics,15,240.76,3611.4,4,4,Yes,0,284,34,15,0,Yes
PO102055,2025-07-04,Supplier_01,,6,171.9,1031.4,10,12,No,2,380,27,6,0,Yes
PO102056,2025-08-29,Supplier_10,Electronics,4,84.4,337.6,4,2,Yes,0,439,58,4,0,Yes
PO102057,2025-02-09,Supplier_15,Home & Kitchen,13,144.3,1875.9,10,16,No,6,330,34,13,309,No
PO102058,2025-08-19,Supplier_12,Home & Kitchen,17,404.98,6884.66,5,6,Yes,1,340,28,17,329,No
PO102059,2025-06-09,Supplier_11,Office Supplies,15,481.35,7220.25,5,5,Yes,0,230,21,15,224,No
PO102060,2025-07-20,Supplier_06,Home & Kitchen,1,297.03,297.03,4,13,No,9,109,24,1,86,No
PO102061,2025-07-26,Supplier_05,Home & Kitchen,13,180.44,2345.72,6,5,Yes,0,289,30,13,272,No
PO102062,2025-03-10,Supplier_10,Electronics,19,57.93,1100.67,8,7,Yes,0,391,42,19,368,No
PO102063,2025-04-13,Supplier_10,Electronics,7,389.41,2725.87,4,11,No,7,132,44,7,0,Yes
PO102064,2025-03-30,Supplier_12,Home & Kitchen,10,57.08,570.8,4,10,No,6,331,37,10,304,No
PO102065,2025-02-13,Supplier_01,Home & Kitchen,19,152.51,2897.69,4,8,No,4,423,30,19,412,No
PO102066,2025-03-10,Supplier_04,Home & Kitchen,6,136.29,817.74,10,19,No,9,74,27,6,53,No
PO102067,2025-07-29,Supplier_10,Office Supplies,15,268.09,4021.35,7,8,Yes,1,388,23,15,380,No
PO102068,2025-04-02,Supplier_14,,9,55.48,499.32,5,5,Yes,0,260,58,9,211,No
PO102069,2025-11-05,Supplier_13,Home & Kitchen,15,131.78,1976.7,7,5,Yes,0,344,23,15,336,No
PO102070,2025-01-27,Supplier_12,Electronics,9,470.9,4238.1,4,7,No,3,471,57,9,0,Yes
PO102071,2025-05-11,Supplier_13,Electronics,9,415.7,3741.3,3,4,Yes,1,299,45,9,0,Yes
PO102072,2025-11-17,Supplier_15,Electronics,11,127.69,1404.59,4,4,Yes,0,417,45,11,0,Yes
PO102073,2025-01-24,Supplier_02,Office Supplies,5,434.8,2174.0,8,7,Yes,0,53,22,5,36,No
PO102074,2025-08-14,Supplier_12,Office Supplies,12,34.08,408.96,7,17,No,10,178,18,12,172,No
PO102075,2025-08-12,Supplier_03,Electronics,15,454.77,6821.55,7,9,No,2,58,54,15,0,Yes
PO102076,2025-11-11,Supplier_07,Home & Kitchen,2,354.55,709.1,3,11,No,8,154,32,2,124,No
PO102077,2025-12-10,Supplier_10,Electronics,2,152.77,305.54,8,17,No,9,413,51,2,364,No
PO102078,2025-04-03,Supplier_06,Home & Kitchen,19,111.08,2110.52,10,21,No,11,254,21,19,252,No
PO102079,2025-12-23,Supplier_05,Electronics,6,217.61,1305.66,6,6,Yes,0,466,39,6,0,Yes
PO102080,2025-01-14,Supplier_04,Office Supplies,16,166.66,2666.56,3,6,No,3,301,20,16,297,No
PO102081,2025-11-05,Supplier_14,Home & Kitchen,1,464.6,464.6,4,5,No,1,84,20,1,65,No
PO102082,2025-05-07,Supplier_01,Home & Kitchen,11,256.27,2818.97,6,16,No,10,417,23,11,0,Yes
PO102083,2025-02-07,Supplier_09,Home & Kitchen,3,205.55,616.65,7,8,Yes,1,71,26,3,48,No
PO102084,2025-07-13,Supplier_02,Office Supplies,2,368.2,736.4,5,16,No,11,459,20,2,441,No
PO102085,2025-07-01,Supplier_09,Home & Kitchen,18,169.73,3055.14,7,6,Yes,0,442,18,18,442,No
PO102086,2025-03-12,Supplier_12,Home & Kitchen,1,260.13,260.13,7,7,Yes,0,360,25,1,0,Yes
PO102087,2025-07-06,Supplier_12,Electronics,17,376.46,6399.82,6,15,No,9,480,36,17,0,Yes
PO102088,2025-12-13,Supplier_03,Home & Kitchen,16,173.73,2779.68,7,11,No,4,288,30,16,274,No
PO102089,2025-02-23,Supplier_14,Electronics,4,162.72,650.88,3,10,No,7,124,45,4,83,No
PO102090,2025-06-17,Supplier_05,Office Supplies,6,347.44,2084.64,4,4,Yes,0,285,19,6,272,No
PO102091,2025-01-28,Supplier_07,Electronics,5,256.91,1284.55,3,14,No,11,396,50,5,351,No
PO102092,2025-04-19,Supplier_14,Electronics,12,174.77,2097.24,3,1,Yes,0,419,39,12,0,Yes
PO102093,2025-08-19,Supplier_09,Home & Kitchen,8,385.56,3084.48,6,6,Yes,0,489,27,8,470,No
PO102094,2025-02-09,Supplier_13,Home & Kitchen,18,85.61,1540.98,3,14,No,11,328,22,18,324,No
PO102095,2025-01-25,Supplier_02,Office Supplies,1,112.11,112.11,3,14,No,11,301,23,1,279,No
PO102096,2025-10-04,Supplier_13,Home & Kitchen,19,183.31,3482.89,3,8,No,5,130,36,19,113,No
PO102097,2025-11-21,Supplier_14,Home & Kitchen,6,354.74,2128.44,9,11,No,2,338,30,6,0,Yes
PO102098,2025-05-19,Supplier_03,Office Supplies,19,74.15,1408.85,4,3,Yes,0,259,21,19,257,No
PO102099,2025-06-22,Supplier_14,Office Supplies,1,150.77,150.77,10,16,No,6,176,17,1,160,No
PO102100,2025-11-13,Supplier_09,Home & Kitchen,6,283.13,1698.78,6,17,No,11,476,27,6,455,No
PO102101,2025-02-10,Supplier_01,Electronics,6,15.14,90.84,10,18,No,8,271,58,6,0,Yes
PO102102,2025-09-17,Supplier_11,Electronics,20,,6509.0,3,4,No,1,427,39,20,0,Yes
PO102103,2025-05-15,Supplier_06,Office Supplies,5,220.93,1104.65,9,10,Yes,1,420,29,5,396,No
PO102104,2025-10-23,Supplier_04,Home & Kitchen,6,371.37,2228.22,6,14,No,8,82,25,6,63,No
PO102105,2025-08-31,Supplier_14,Electronics,18,406.64,7319.52,9,7,Yes,0,241,45,18,0,Yes
PO102106,2025-01-03,Supplier_05,Home & Kitchen,3,427.18,1281.54,10,14,No,4,396,30,3,369,No
PO102107,2025-03-26,Supplier_09,Home & Kitchen,5,342.39,1711.95,3,4,No,1,349,21,5,333,No
PO102108,2025-12-06,Supplier_05,Electronics,15,183.31,2749.65,4,14,No,10,194,58,15,0,Yes
PO102109,2025-03-23,Supplier_05,Home & Kitchen,6,225.19,1351.14,5,7,No,2,431,28,6,409,No
PO102110,2025-11-10,Supplier_09,Office Supplies,19,481.59,9150.21,6,6,Yes,0,335,25,19,329,No
PO102111,2025-05-09,Supplier_06,Electronics,11,249.97,2749.67,6,7,No,1,38,45,11,4,No
PO102112,2025-06-29,Supplier_08,Home & Kitchen,16,397.89,6366.24,7,9,No,2,399,32,16,383,No
PO102113,2025-03-08,Supplier_10,Office Supplies,12,272.48,3269.76,6,4,Yes,0,116,26,12,102,No
PO102114,2025-03-15,Supplier_08,Home & Kitchen,9,333.74,3003.66,7,8,Yes,1,108,29,9,88,No
PO102115,2025-01-10,Supplier_11,Home & Kitchen,11,328.14,3609.54,3,4,Yes,1,34,33,11,0,Yes
PO102116,2025-11-04,Supplier_13,Electronics,12,206.57,2478.84,7,11,No,4,471,55,12,0,Yes
PO102117,2025-12-25,Supplier_03,Home & Kitchen,9,186.81,1681.29,9,16,No,7,98,33,9,74,No
PO102118,2025-05-26,Supplier_02,Office Supplies,13,364.14,4733.82,5,12,No,7,127,20,13,120,No
PO102119,2025-09-02,Supplier_07,Office Supplies,6,72.14,432.84,9,14,No,5,307,30,6,283,No
PO102120,2025-12-08,Supplier_11,Home & Kitchen,12,434.92,5219.04,3,7,No,4,476,25,12,463,No
PO102121,2025-11-05,Supplier_13,Home & Kitchen,4,45.63,182.52,4,11,No,7,157,23,4,138,No
PO102122,2025-07-12,Supplier_07,Office Supplies,15,275.95,4139.25,7,17,No,10,138,30,15,123,No
PO102123,2025-08-27,Supplier_13,Electronics,13,332.43,4321.59,5,9,No,4,31,49,13,1,No
PO102124,2025-10-02,Supplier_03,Home & Kitchen,11,147.49,1622.39,9,17,No,8,209,27,11,193,No
PO102125,2025-03-27,Supplier_11,Office Supplies,15,169.93,2548.95,5,12,No,7,187,19,15,183,No
PO102126,2025-08-21,Supplier_11,Electronics,1,286.1,286.1,9,17,No,8,179,50,1,0,Yes
PO102127,2025-08-25,Supplier_13,Office Supplies,5,180.53,902.65,4,5,No,1,334,20,5,319,No
PO102128,2025-05-05,Supplier_01,Home & Kitchen,7,268.27,1877.89,9,19,No,10,418,35,7,390,No
PO102129,2025-07-01,Supplier_11,Electronics,20,103.68,2073.6,3,9,No,6,439,55,20,0,Yes
PO102130,2025-09-27,Supplier_08,Electronics,18,38.01,684.18,9,10,Yes,1,496,51,18,463,No
PO102131,2025-03-28,Supplier_13,Office Supplies,20,224.8,4496.0,7,13,No,6,103,26,20,97,No
PO102132,2025-09-26,Supplier_13,Home & Kitchen,9,478.79,4309.11,10,21,No,11,345,31,9,323,No
PO102133,2025-06-02,Supplier_06,Home & Kitchen,2,172.82,345.64,3,10,No,7,290,29,2,263,No
PO102134,2025-10-01,Supplier_09,Electronics,15,126.35,1895.25,5,5,Yes,0,373,58,15,0,Yes
PO102135,2025-05-21,Supplier_02,Electronics,9,111.45,1003.05,8,19,No,11,311,60,9,0,Yes
PO102136,2025-03-01,Supplier_02,Electronics,20,121.72,2434.4,8,6,Yes,0,73,51,20,0,Yes
PO102137,2025-12-26,Supplier_02,Office Supplies,20,474.08,9481.6,3,14,No,11,240,16,20,244,No
PO102138,2025-03-08,Supplier_10,Electronics,18,387.67,6978.06,4,10,No,6,362,38,18,0,Yes
PO102139,2025-11-10,,Office Supplies,9,167.68,1509.12,5,4,Yes,0,400,19,9,390,No
PO102140,2025-04-13,Supplier_14,Electronics,9,48.76,438.84,9,12,No,3,494,40,9,463,No
PO102141,2025-03-27,Supplier_01,Home & Kitchen,17,30.79,523.43,5,12,No,7,68,24,17,61,No
PO102142,2025-04-22,Supplier_13,Office Supplies,16,99.65,1594.4,5,4,Yes,0,482,25,16,473,No
PO102143,2025-01-13,Supplier_13,Electronics,5,467.15,2335.75,3,9,No,6,43,42,5,6,No
PO102144,2025-08-15,Supplier_03,Home & Kitchen,10,26.04,260.4,4,11,No,7,117,25,10,102,No
PO102145,2025-08-09,Supplier_03,Electronics,6,195.66,1173.96,5,11,No,6,253,44,6,0,Yes
PO102146,2025-04-01,Supplier_13,Office Supplies,15,63.68,955.2,3,4,No,1,118,21,15,112,No
PO102147,2025-01-07,Supplier_13,Office Supplies,15,158.34,2375.1,7,9,No,2,139,22,15,132,No
PO102148,2025-02-09,Supplier_13,Home & Kitchen,7,394.89,2764.23,6,7,No,1,412,31,7,388,No
PO102149,2025-12-06,Supplier_06,Electronics,7,167.93,1175.51,8,13,No,5,401,38,7,0,Yes
PO102150,2025-02-06,Supplier_13,Home & Kitchen,18,139.98,2519.64,7,7,Yes,0,110,30,18,98,No
PO102151,2025-12-29,Supplier_02,Office Supplies,8,304.16,2433.28,8,16,No,8,304,27,8,285,No
PO102152,2025-10-14,Supplier_15,Home & Kitchen,8,340.46,2723.68,9,16,No,7,165,24,8,149,No
PO102153,2025-06-19,Supplier_06,Office Supplies,5,126.14,630.7,7,18,No,11,310,23,5,292,No
PO102154,2025-10-26,Supplier_03,Office Supplies,6,109.44,656.64,9,8,Yes,0,308,22,6,292,No
PO102155,2025-02-17,Supplier_01,Electronics,1,291.47,291.47,7,10,No,3,485,48,1,0,Yes
PO102156,2025-12-27,Supplier_12,Home & Kitchen,5,,1593.1,9,10,Yes,1,472,31,5,446,No
PO102157,2025-08-28,Supplier_04,Electronics,15,69.48,1042.2,10,13,No,3,154,37,15,132,No
PO102158,2025-05-20,Supplier_01,Electronics,18,352.22,6339.96,9,18,No,9,96,52,18,62,No
PO102159,2025-11-16,Supplier_03,Electronics,10,90.8,908.0,8,12,No,4,84,41,10,0,Yes
PO102160,2025-01-31,Supplier_07,Office Supplies,17,64.88,1102.96,8,6,Yes,0,414,20,17,411,No
PO102161,2025-08-07,Supplier_15,Office Supplies,4,374.02,1496.08,3,4,No,1,455,22,4,437,No
PO102162,2025-07-19,Supplier_09,Office Supplies,7,308.92,2162.44,10,13,No,3,449,24,7,432,No
PO102163,2025-10-22,Supplier_07,Electronics,19,161.82,3074.58,8,9,Yes,1,310,48,19,281,No
PO102164,2025-01-30,Supplier_09,Electronics,8,18.18,145.44,7,6,Yes,0,349,53,8,0,Yes
PO102165,2025-10-04,Supplier_09,Electronics,1,157.11,157.11,9,9,Yes,0,77,37,1,41,No
PO102166,2025-01-01,Supplier_03,Home & Kitchen,12,350.0,4200.0,7,12,No,5,238,30,12,220,No
PO102167,2025-02-13,Supplier_01,Office Supplies,16,29.79,476.64,5,7,No,2,382,20,16,378,No
PO102168,2025-09-12,Supplier_03,Home & Kitchen,16,481.73,7707.68,10,11,No,1,351,27,16,340,No
PO102169,2025-08-07,Supplier_01,Home & Kitchen,9,271.1,2439.9,6,10,No,4,400,22,9,387,No
PO102170,2025-02-16,Supplier_11,Office Supplies,9,362.2,3259.8,4,3,Yes,0,450,23,9,436,No
PO102171,2025-05-04,Supplier_10,Electronics,19,146.6,2785.4,5,6,Yes,1,450,46,19,0,Yes
PO102172,2025-03-18,Supplier_12,Office Supplies,13,215.36,2799.68,5,10,No,5,124,26,13,111,No
PO102173,2025-12-13,Supplier_06,Office Supplies,17,109.38,1859.46,9,19,No,10,422,21,17,418,No
PO102174,2025-07-24,Supplier_08,Home & Kitchen,19,269.74,5125.06,5,14,No,9,345,26,19,338,No
PO102175,2025-10-05,Supplier_05,Home & Kitchen,3,498.71,1496.13,5,13,No,8,429,31,3,401,No
PO102176,2025-02-05,Supplier_10,Office Supplies,3,122.51,367.53,8,6,Yes,0,477,31,3,449,No
PO102177,2025-02-06,Supplier_03,Electronics,20,122.89,2457.8,6,10,No,4,345,49,20,316,No
PO102178,2025-12-06,Supplier_02,Electronics,17,20.63,350.71,7,16,No,9,312,43,17,286,No
PO102179,2025-04-29,Supplier_12,Electronics,6,318.13,1908.78,3,4,Yes,1,148,53,6,101,No
PO102180,2025-04-03,Supplier_04,Office Supplies,5,114.37,571.85,8,13,No,5,276,13,5,0,Yes
PO102181,2025-06-08,Supplier_15,Home & Kitchen,1,91.31,91.31,3,1,Yes,0,112,28,1,85,No
PO102182,2025-04-12,Supplier_05,Home & Kitchen,9,145.12,1306.08,10,11,Yes,1,427,32,9,404,No
PO102183,2025-12-21,Supplier_06,Electronics,3,225.09,675.27,7,18,No,11,434,57,3,380,No
PO102184,2025-05-16,Supplier_12,Office Supplies,4,154.39,617.56,8,13,No,5,204,26,4,182,No
PO102185,2025-09-29,Supplier_06,Electronics,9,58.09,522.81,3,9,No,6,238,32,9,215,No
PO102186,2025-12-07,Supplier_04,Electronics,3,253.59,760.77,7,8,Yes,1,203,50,3,0,Yes
PO102187,2025-10-31,Supplier_05,Home & Kitchen,14,435.79,6101.06,8,17,No,9,298,34,14,278,No
PO102188,2025-06-23,Supplier_12,Home & Kitchen,10,398.15,3981.5,8,8,Yes,0,318,29,10,299,No
PO102189,2025-03-08,Supplier_03,Home & Kitchen,8,326.09,2608.72,10,18,No,8,391,31,8,368,No
PO102190,2025-02-01,Supplier_07,Home & Kitchen,2,198.8,397.6,3,1,Yes,0,222,26,2,198,No
PO102191,2025-07-28,Supplier_05,Electronics,10,420.28,4202.8,4,8,No,4,88,45,10,0,Yes
PO102192,2025-03-17,Supplier_06,Electronics,17,322.17,5476.89,9,8,Yes,0,360,44,17,333,No
PO102193,2025-09-23,Supplier_13,Electronics,4,70.87,283.48,3,2,Yes,0,459,46,4,0,Yes
PO102194,2025-09-18,Supplier_10,Home & Kitchen,13,401.17,5215.21,8,8,Yes,0,92,24,13,0,Yes
PO102195,2025-04-19,Supplier_02,Home & Kitchen,19,250.49,4759.31,4,15,No,11,411,40,19,390,No
PO102196,2025-05-04,Supplier_11,Electronics,3,240.57,721.71,6,10,No,4,399,38,3,0,Yes
PO102197,2025-12-12,Supplier_13,Home & Kitchen,9,34.83,313.47,8,9,No,1,407,33,9,383,No
PO102198,2025-02-19,Supplier_10,Office Supplies,15,55.34,830.1,8,7,Yes,0,367,22,15,360,No
PO102199,2025-03-27,Supplier_01,Electronics,6,439.12,2634.72,7,6,Yes,0,202,38,6,0,Yes
PO102200,2025-10-08,Supplier_08,Office Supplies,4,195.4,781.6,8,14,No,6,106,15,4,95,No
PO102201,2025-11-08,Supplier_09,Electronics,13,126.9,1649.7,5,10,No,5,174,34,13,0,Yes
PO102202,2025-12-08,Supplier_01,Office Supplies,13,254.03,3302.39,8,8,Yes,0,390,27,13,376,No
PO102203,2025-10-15,Supplier_12,Home & Kitchen,11,367.7,4044.7,5,4,Yes,0,213,27,11,197,No
PO102204,2025-07-28,Supplier_03,Home & Kitchen,6,117.97,707.82,5,4,Yes,0,155,34,6,127,No
PO102205,2025-12-10,Supplier_06,Electronics,7,116.74,817.18,5,9,No,4,196,31,7,172,No
PO102206,2025-01-09,Supplier_05,Office Supplies,13,430.16,5592.08,10,19,No,9,127,20,13,120,No
PO102207,2025-10-25,Supplier_14,Electronics,5,276.83,1384.15,4,12,No,8,226,49,5,182,No
PO102208,2025-03-25,Supplier_15,Electronics,3,177.12,531.36,8,12,No,4,173,43,3,0,Yes
PO102209,2025-08-31,Supplier_12,Office Supplies,11,168.2,1850.2,3,8,No,5,211,16,11,206,No
PO102210,2025-09-11,Supplier_06,Electronics,18,351.49,6326.82,6,6,Yes,0,39,49,18,0,Yes
PO102211,2025-08-17,Supplier_10,Office Supplies,12,142.46,1709.52,3,4,Yes,1,407,18,12,401,No
PO102212,2025-07-08,Supplier_10,Electronics,5,157.42,787.1,4,2,Yes,0,239,24,5,220,No
PO102213,2025-03-10,Supplier_06,Office Supplies,19,39.72,754.68,8,16,No,8,30,27,19,22,No
PO102214,2025-11-30,Supplier_04,Electronics,6,226.38,1358.28,9,19,No,10,371,57,6,0,Yes
PO102215,2025-02-03,Supplier_03,Office Supplies,5,193.27,966.35,3,14,No,11,373,29,5,349,No
PO102216,2025-01-17,Supplier_07,Electronics,13,91.78,1193.14,7,9,No,2,435,50,13,398,No
PO102217,2025-06-01,Supplier_09,Home & Kitchen,8,353.46,2827.68,9,12,No,3,190,43,8,0,Yes
PO102218,2025-10-03,Supplier_11,Office Supplies,15,66.94,1004.1,4,6,No,2,355,18,15,352,No
PO102219,2025-05-29,Supplier_04,Electronics,12,143.64,1723.68,9,18,No,9,498,47,12,463,No
PO102220,2025-12-14,Supplier_10,Electronics,2,103.94,207.88,4,11,No,7,129,58,2,0,Yes
PO102221,2025-04-27,Supplier_14,Electronics,12,360.03,4320.36,4,3,Yes,0,375,49,12,338,No
PO102222,2025-07-30,Supplier_12,Home & Kitchen,11,16.05,176.55,3,13,No,10,216,25,11,202,No
PO102223,2025-06-02,Supplier_14,Electronics,8,384.53,3076.24,7,18,No,11,163,47,8,124,No
PO102224,2025-02-17,,Electronics,9,189.53,1705.77,3,5,No,2,104,44,9,69,No
PO102225,2025-05-11,Supplier_08,Home & Kitchen,19,247.6,4704.4,9,16,No,7,403,32,19,390,No
PO102226,2025-12-18,Supplier_15,Home & Kitchen,1,279.2,279.2,5,13,No,8,479,37,1,443,No
PO102227,2025-03-06,Supplier_11,Home & Kitchen,2,173.22,346.44,3,2,Yes,0,209,22,2,189,No
PO102228,2025-02-15,Supplier_07,Electronics,2,333.23,666.46,5,5,Yes,0,158,57,2,103,No
PO102229,2025-09-10,Supplier_11,Home & Kitchen,7,295.98,2071.86,10,11,Yes,1,46,28,7,25,No
PO102230,2025-07-16,Supplier_15,Home & Kitchen,9,365.83,3292.47,10,16,No,6,131,19,9,121,No
PO102231,2025-04-06,Supplier_06,Home & Kitchen,14,234.62,3284.68,6,12,No,6,203,25,14,192,No
PO102232,2025-10-04,Supplier_01,Home & Kitchen,2,265.16,530.32,8,8,Yes,0,422,25,2,0,Yes
PO102233,2025-06-14,Supplier_03,,5,476.62,2383.1,7,8,No,1,151,44,5,0,Yes
PO102234,2025-06-08,Supplier_11,Home & Kitchen,15,443.45,6651.75,9,11,No,2,187,30,15,0,Yes
PO102235,2025-10-25,Supplier_07,Electronics,19,470.9,8947.1,6,17,No,11,273,34,19,0,Yes
PO102236,2025-12-25,Supplier_01,Electronics,17,232.19,3947.23,6,8,No,2,164,41,17,0,Yes
PO102237,2025-02-09,Supplier_08,Home & Kitchen,6,377.12,2262.72,7,5,Yes,0,198,25,6,179,No
PO102238,2025-02-01,Supplier_14,Electronics,19,239.73,4554.87,10,15,No,5,442,34,19,427,No
PO102239,2025-11-14,Supplier_11,Electronics,2,98.35,196.7,4,5,Yes,1,441,44,2,0,Yes
PO102240,2025-03-24,Supplier_15,Electronics,11,107.42,1181.62,10,10,Yes,0,279,47,11,0,Yes
PO102241,2025-12-17,Supplier_11,Electronics,5,291.66,1458.3,10,16,No,6,256,37,5,224,No
PO102242,2025-02-04,Supplier_01,Home & Kitchen,14,68.13,953.82,3,13,No,10,467,29,14,452,No
PO102243,2025-08-01,Supplier_01,Electronics,16,126.71,2027.36,3,6,No,3,204,50,16,0,Yes
PO102244,2025-09-01,Supplier_12,Home & Kitchen,3,57.5,172.5,8,17,No,9,135,23,3,115,No
PO102245,2025-07-19,Supplier_14,Office Supplies,20,64.7,1294.0,9,10,Yes,1,403,17,20,406,No
PO102246,2025-03-31,Supplier_09,Electronics,11,413.22,4545.42,7,12,No,5,443,39,11,415,No
PO102247,2025-04-24,Supplier_04,Electronics,20,326.88,6537.6,4,3,Yes,0,355,46,20,0,Yes
PO102248,2025-10-30,Supplier_13,Home & Kitchen,3,221.96,665.88,4,13,No,9,173,28,3,148,No
PO102249,2025-01-07,Supplier_04,Electronics,17,123.78,2104.26,10,17,No,7,179,46,17,0,Yes
PO102250,2025-01-27,Supplier_12,Home & Kitchen,7,477.92,3345.44,10,10,Yes,0,105,30,7,82,No
PO102251,2025-08-20,Supplier_02,Electronics,11,17.76,195.36,5,11,No,6,167,46,11,0,Yes
PO102252,2025-05-11,Supplier_07,Office Supplies,4,492.4,1969.6,10,20,No,10,230,34,4,200,No
PO102253,2025-01-03,Supplier_08,Office Supplies,8,292.84,2342.72,6,6,Yes,0,387,17,8,378,No
PO102254,2025-09-17,Supplier_09,Electronics,7,261.99,1833.93,9,17,No,8,485,37,7,0,Yes
PO102255,2025-12-23,Supplier_14,Home & Kitchen,4,259.02,1036.08,9,10,Yes,1,333,32,4,305,No
PO102256,2025-02-28,Supplier_10,Home & Kitchen,4,294.67,1178.68,3,3,Yes,0,433,24,4,413,No
PO102257,2025-02-10,Supplier_10,Home & Kitchen,9,287.87,2590.83,10,8,Yes,0,493,25,9,477,No
PO102258,2025-12-30,Supplier_13,Office Supplies,1,467.55,467.55,6,4,Yes,0,108,23,1,86,No
PO102259,2025-10-11,Supplier_08,Office Supplies,10,296.49,2964.9,4,10,No,6,184,19,10,175,No
PO102260,2025-02-03,Supplier_11,Office Supplies,3,258.33,774.99,5,9,No,4,427,23,3,407,No
PO102261,2025-01-06,Supplier_13,Home & Kitchen,2,162.4,324.8,6,16,No,10,299,23,2,278,No
PO102262,2025-01-28,Supplier_01,Home & Kitchen,8,146.72,1173.76,4,13,No,9,299,30,8,277,No
PO102263,2025-12-05,Supplier_15,Electronics,5,103.4,517.0,6,7,No,1,56,37,5,0,Yes
PO102264,2025-03-10,Supplier_13,Office Supplies,9,156.31,1406.79,10,16,No,6,495,27,9,477,No
PO102265,2025-01-06,Supplier_09,Electronics,20,420.75,8415.0,3,2,Yes,0,230,45,20,0,Yes
PO102266,2025-05-25,Supplier_10,Home & Kitchen,12,37.81,453.72,10,20,No,10,391,25,12,378,No
PO102267,2025-06-02,Supplier_12,Electronics,7,408.14,2856.98,4,14,No,10,425,42,7,390,No
PO102268,2025-03-01,Supplier_10,Office Supplies,8,139.59,1116.72,7,7,Yes,0,41,23,8,26,No
PO102269,2025-02-06,Supplier_15,Home & Kitchen,3,144.41,433.23,8,13,No,5,351,29,3,325,No
PO102270,2025-08-01,Supplier_10,Home & Kitchen,9,182.97,1646.73,10,9,Yes,0,92,28,9,73,No
PO102271,2025-06-22,Supplier_01,Home & Kitchen,2,382.8,765.6,7,16,No,9,222,32,2,192,No
PO102272,2025-12-02,Supplier_05,Electronics,17,420.05,7140.85,4,10,No,6,229,47,17,199,No
PO102273,2025-10-19,Supplier_09,Home & Kitchen,14,325.84,4561.76,8,11,No,3,297,25,14,286,No
PO102274,2025-08-24,Supplier_10,Electronics,19,437.11,8305.09,6,12,No,6,196,37,19,0,Yes
PO102275,2025-04-19,Supplier_11,Home & Kitchen,3,345.72,1037.16,3,6,No,3,338,48,3,293,No
PO102276,2025-07-29,Supplier_12,Office Supplies,7,454.25,3179.75,5,3,Yes,0,245,26,7,0,Yes
PO102277,2025-04-08,Supplier_09,Electronics,11,461.35,5074.85,4,5,Yes,1,344,40,11,0,Yes
PO102278,2025-06-20,Supplier_02,Electronics,11,465.46,5120.06,9,10,No,1,493,44,11,0,Yes
PO102279,2025-07-02,Supplier_05,Home & Kitchen,20,278.14,5562.8,6,17,No,11,158,35,20,143,No
PO102280,2025-09-15,Supplier_09,Home & Kitchen,2,144.25,288.5,4,4,Yes,0,101,36,2,67,No
PO102281,2025-10-14,Supplier_05,Electronics,16,268.75,4300.0,5,11,No,6,102,43,16,0,Yes
PO102282,2025-08-24,Supplier_08,Home & Kitchen,11,462.26,5084.86,9,10,Yes,1,40,34,11,17,No
PO102283,2025-09-04,Supplier_14,Office Supplies,15,123.18,1847.7,8,8,Yes,0,47,16,15,0,Yes
PO102284,2025-11-30,Supplier_04,Home & Kitchen,6,320.08,1920.48,6,7,Yes,1,326,25,6,307,No
PO102285,2025-10-03,Supplier_14,Office Supplies,20,229.95,4599.0,8,14,No,6,149,24,20,145,No
PO102286,2025-05-07,Supplier_15,Home & Kitchen,18,143.54,2583.72,6,14,No,8,371,19,18,370,No
PO102287,2025-10-09,Supplier_03,Office Supplies,5,123.18,615.9,3,14,No,11,193,33,5,165,No
PO102288,2025-10-24,Supplier_14,Office Supplies,9,402.99,3626.91,7,6,Yes,0,140,22,9,127,No
PO102289,2025-10-31,Supplier_12,Home & Kitchen,7,332.23,2325.61,7,7,Yes,0,233,26,7,214,No
PO102290,2025-05-24,Supplier_06,Home & Kitchen,3,152.03,456.09,5,12,No,7,126,23,3,106,No
PO102291,2025-07-15,Supplier_11,Electronics,15,366.21,5493.15,9,10,Yes,1,106,48,15,73,No
PO102292,2025-01-28,Supplier_02,Home & Kitchen,8,450.11,3600.88,4,7,No,3,417,18,8,407,No
PO102293,2025-07-24,Supplier_07,Home & Kitchen,18,140.92,2536.56,8,14,No,6,477,23,18,472,No
PO102294,2025-09-01,Supplier_06,Office Supplies,8,365.95,2927.6,8,10,No,2,313,22,8,299,No
PO102295,2025-09-09,Supplier_06,Office Supplies,12,440.42,5285.04,5,11,No,6,352,21,12,343,No
PO102296,2025-07-08,Supplier_13,Office Supplies,1,177.62,177.62,3,11,No,8,438,17,1,422,No
PO102297,2025-08-03,Supplier_05,Electronics,8,45.18,361.44,4,3,Yes,0,242,40,8,0,Yes
PO102298,2025-05-01,Supplier_09,Home & Kitchen,18,280.15,5042.7,9,15,No,6,359,30,18,347,No
PO102299,2025-05-05,Supplier_11,Home & Kitchen,9,202.62,1823.58,8,13,No,5,164,24,9,149,No
PO102300,2025-02-01,Supplier_12,Electronics,5,469.51,2347.55,4,4,Yes,0,402,40,5,0,Yes
PO102301,2025-05-02,Supplier_07,Office Supplies,14,32.12,449.68,6,15,No,9,382,16,14,380,No
PO102302,2025-07-12,Supplier_12,Office Supplies,10,137.97,1379.7,3,12,No,9,142,26,10,126,No
PO102303,2025-01-02,Supplier_11,Electronics,19,133.97,2545.43,9,10,No,1,273,48,19,244,No
PO102304,2025-12-13,Supplier_03,Electronics,7,104.91,734.37,10,18,No,8,324,39,7,292,No
PO102305,2025-12-08,Supplier_11,Office Supplies,3,469.79,1409.37,9,10,No,1,216,27,3,192,No
PO102306,2025-04-04,Supplier_06,Electronics,18,362.65,6527.7,6,7,No,1,379,42,18,355,No
PO102307,2025-07-06,Supplier_15,Electronics,20,367.87,7357.4,4,5,No,1,434,41,20,0,Yes
PO102308,2025-04-30,Supplier_13,Electronics,6,249.13,1494.78,3,4,No,1,110,53,6,0,Yes
PO102309,2025-01-29,Supplier_11,Office Supplies,3,408.15,1224.45,4,5,Yes,1,73,18,3,58,No
PO102310,2025-07-30,Supplier_11,Electronics,10,286.25,2862.5,10,20,No,10,120,44,10,86,No
PO102311,2025-11-25,Supplier_02,Home & Kitchen,4,232.85,931.4,3,1,Yes,0,243,17,4,0,Yes
PO102312,2025-05-12,Supplier_13,Electronics,11,475.03,5225.33,9,11,No,2,267,30,11,248,No
PO102313,2025-09-01,Supplier_04,Electronics,9,116.62,1049.58,4,3,Yes,0,144,47,9,0,Yes
PO102314,2025-03-09,Supplier_12,Home & Kitchen,10,421.89,4218.9,3,3,Yes,0,377,32,10,355,No
PO102315,2025-12-21,Supplier_09,Office Supplies,3,263.82,791.46,10,16,No,6,196,24,3,175,No
PO102316,2025-09-18,Supplier_15,Electronics,18,27.11,487.98,9,14,No,5,77,43,18,0,Yes
PO102317,2025-02-26,Supplier_01,Electronics,12,73.34,880.08,9,7,Yes,0,455,38,12,0,Yes
PO102318,2025-08-23,Supplier_10,Electronics,17,96.41,1638.97,7,6,Yes,0,165,38,17,144,No
PO102319,2025-05-24,Supplier_07,Home & Kitchen,9,199.51,1795.59,6,7,Yes,1,107,29,9,87,No
PO102320,2025-11-13,Supplier_09,Home & Kitchen,12,325.15,3901.8,4,13,No,9,499,35,12,476,No
PO102321,2025-03-28,Supplier_05,Home & Kitchen,6,120.87,725.22,3,14,No,11,281,25,6,262,No
PO102322,2025-10-17,Supplier_11,Electronics,20,159.93,3198.6,7,5,Yes,0,263,39,20,244,No
PO102323,2025-05-12,Supplier_03,Home & Kitchen,18,165.78,2984.04,9,16,No,7,290,28,18,280,No
PO102324,2025-10-09,Supplier_03,Electronics,20,398.36,7967.2,10,21,No,11,101,49,20,0,Yes
PO102325,2025-03-19,Supplier_01,Electronics,8,260.43,2083.44,7,8,No,1,134,36,8,0,Yes
PO102326,2025-01-17,Supplier_02,Electronics,16,159.69,2555.04,4,11,No,7,247,44,16,0,Yes
PO102327,2025-03-01,Supplier_01,Electronics,16,336.23,5379.68,8,14,No,6,94,38,16,0,Yes
PO102328,2025-03-07,Supplier_06,Electronics,18,232.4,4183.2,7,8,No,1,119,48,18,0,Yes
PO102329,2025-08-16,Supplier_03,Electronics,6,439.65,2637.9,8,10,No,2,109,51,6,64,No
PO102330,2025-06-01,Supplier_11,Electronics,6,435.19,2611.14,4,3,Yes,0,380,55,6,0,Yes
PO102331,2025-02-03,Supplier_15,Office Supplies,16,412.76,6604.16,3,1,Yes,0,191,16,16,191,No
PO102332,2025-09-23,Supplier_15,Office Supplies,2,213.38,426.76,3,1,Yes,0,150,26,2,126,No
PO102333,2025-05-05,Supplier_05,Home & Kitchen,2,403.8,807.6,7,7,Yes,0,79,26,2,55,No
PO102334,2025-12-23,Supplier_14,Electronics,17,234.11,3979.87,7,11,No,4,213,53,17,177,No
PO102335,2025-06-11,Supplier_15,Electronics,13,455.0,5915.0,5,12,No,7,434,51,13,0,Yes
PO102336,2025-12-19,Supplier_09,Home & Kitchen,20,,8291.2,4,6,No,2,88,26,20,82,No
PO102337,2025-12-23,Supplier_02,Electronics,15,387.08,5806.2,10,13,No,3,194,37,15,172,No
PO102338,2025-08-11,Supplier_01,Electronics,9,315.1,2835.9,9,16,No,7,258,62,9,205,No
PO102339,2025-07-31,Supplier_10,Electronics,8,25.44,203.52,10,21,No,11,484,38,8,0,Yes
PO102340,2025-06-14,Supplier_10,Electronics,12,79.43,953.16,6,5,Yes,0,325,39,12,298,No
PO102341,2025-04-16,Supplier_08,Home & Kitchen,17,477.54,8118.18,7,8,Yes,1,496,16,17,497,No
PO102342,2025-04-29,Supplier_09,Office Supplies,14,437.74,6128.36,6,8,No,2,416,21,14,409,No
PO102343,2025-04-16,Supplier_10,Electronics,13,100.96,1312.48,4,8,No,4,392,46,13,0,Yes
PO102344,2025-12-31,Supplier_06,Office Supplies,17,375.75,6387.75,4,3,Yes,0,313,23,17,307,No
PO102345,2025-10-28,Supplier_13,Home & Kitchen,7,323.15,2262.05,3,13,No,10,35,44,7,1,No
PO102346,2025-02-12,Supplier_11,Home & Kitchen,20,241.25,4825.0,8,9,Yes,1,164,22,20,162,No
PO102347,2025-10-11,Supplier_06,Home & Kitchen,16,23.26,372.16,9,9,Yes,0,80,31,16,65,No
PO102348,2025-08-15,Supplier_11,Electronics,3,107.01,321.03,3,12,No,9,475,37,3,0,Yes
PO102349,2025-07-23,Supplier_10,Office Supplies,8,481.37,3850.96,8,7,Yes,0,254,13,8,249,No
PO102350,2025-04-22,Supplier_05,Electronics,8,388.33,3106.64,9,17,No,8,482,44,8,0,Yes
PO102351,2025-08-28,Supplier_04,Electronics,7,51.92,363.44,10,18,No,8,138,45,7,100,No
PO102352,2025-08-01,Supplier_05,Home & Kitchen,5,172.37,861.85,6,15,No,9,357,26,5,336,No
PO102353,2025-07-10,Supplier_12,Office Supplies,8,186.21,1489.68,8,8,Yes,0,301,24,8,285,No
PO102354,2025-06-07,Supplier_03,Home & Kitchen,8,351.26,2810.08,4,12,No,8,94,30,8,72,No
PO102355,2025-12-29,Supplier_09,Home & Kitchen,16,275.49,4407.84,9,16,No,7,151,26,16,141,No
PO102356,2025-10-10,Supplier_15,Office Supplies,9,400.8,3607.2,8,11,No,3,139,19,9,129,No
PO102357,2025-12-27,Supplier_02,Office Supplies,15,419.93,6298.95,3,6,No,3,295,27,15,283,No
PO102358,2025-02-27,Supplier_09,Home & Kitchen,6,452.03,2712.18,5,4,Yes,0,45,16,6,0,Yes
PO102359,2025-11-19,Supplier_05,Electronics,12,92.46,1109.52,5,3,Yes,0,103,48,12,0,Yes
PO102360,2025-01-06,Supplier_13,Electronics,12,499.82,5997.84,3,6,No,3,345,46,12,0,Yes
PO102361,2025-08-16,Supplier_03,Home & Kitchen,20,485.05,9701.0,8,13,No,5,474,33,20,461,No
PO102362,2025-09-25,Supplier_09,Electronics,10,157.77,1577.7,10,13,No,3,160,44,10,0,Yes
PO102363,2025-02-08,,Electronics,13,246.75,3207.75,10,20,No,10,341,35,13,0,Yes
PO102364,2025-08-03,Supplier_02,Home & Kitchen,8,169.02,1352.16,6,17,No,11,89,35,8,62,No
PO102365,2025-08-12,Supplier_07,Home & Kitchen,9,252.0,2268.0,10,9,Yes,0,261,31,9,239,No
PO102366,2025-05-23,Supplier_03,Office Supplies,9,185.31,1667.79,8,18,No,10,40,15,9,34,No
PO102367,2025-09-13,Supplier_08,Electronics,17,338.45,5753.65,3,3,Yes,0,285,40,17,262,No
PO102368,2025-02-25,Supplier_01,Home & Kitchen,13,33.96,441.48,10,12,No,2,460,24,13,449,No
PO102369,2025-05-26,Supplier_10,Home & Kitchen,13,223.89,2910.57,10,14,No,4,493,33,13,473,No
PO102370,2025-03-24,Supplier_05,Home & Kitchen,2,270.78,541.56,4,15,No,11,222,18,2,206,No
PO102371,2025-09-06,Supplier_06,Home & Kitchen,16,285.34,4565.44,6,4,Yes,0,417,37,16,396,No
PO102372,2025-11-29,Supplier_12,Home & Kitchen,10,116.47,1164.7,6,11,No,5,82,30,10,62,No
PO102373,2025-01-17,Supplier_15,Office Supplies,14,440.0,6160.0,7,13,No,6,134,23,14,0,Yes
PO102374,2025-05-29,Supplier_08,Electronics,10,20.47,204.7,8,7,Yes,0,62,49,10,0,Yes
PO102375,2025-05-19,Supplier_12,Electronics,18,428.29,7709.22,9,9,Yes,0,380,47,18,0,Yes
PO102376,2025-07-10,Supplier_06,Electronics,13,20.45,265.85,3,3,Yes,0,58,56,13,0,Yes
PO102377,2025-01-13,Supplier_10,Electronics,19,475.25,9029.75,4,11,No,7,361,40,19,340,No
PO102378,2025-02-16,Supplier_06,Office Supplies,8,480.59,3844.72,5,11,No,6,186,19,8,0,Yes
PO102379,2025-07-15,Supplier_03,Electronics,20,303.42,6068.4,4,10,No,6,436,46,20,0,Yes
PO102380,2025-01-04,Supplier_14,Home & Kitchen,10,464.66,4646.6,8,6,Yes,0,80,31,10,59,No
PO102381,2025-03-14,Supplier_06,Home & Kitchen,16,57.71,923.36,9,10,Yes,1,255,31,16,240,No
PO102382,2025-12-28,Supplier_06,Electronics,7,392.01,2744.07,10,8,Yes,0,418,60,7,0,Yes
PO102383,2025-02-15,Supplier_06,Home & Kitchen,18,255.66,4601.88,10,21,No,11,36,17,18,0,Yes
PO102384,2025-01-06,Supplier_13,Home & Kitchen,16,187.09,2993.44,8,6,Yes,0,359,24,16,351,No
PO102385,2025-10-20,Supplier_11,Electronics,6,241.95,1451.7,10,19,No,9,189,48,6,0,Yes
PO102386,2025-09-12,Supplier_03,Electronics,2,139.44,278.88,7,16,No,9,445,47,2,400,No
PO102387,2025-10-25,Supplier_02,Office Supplies,17,331.65,5638.05,8,13,No,5,170,28,17,159,No
PO102388,2025-07-30,Supplier_10,Home & Kitchen,7,340.08,2380.56,7,15,No,8,197,22,7,0,Yes
PO102389,2025-10-24,Supplier_03,Electronics,19,85.75,1629.25,8,13,No,5,120,36,19,103,No
PO102390,2025-05-23,Supplier_03,Electronics,15,311.14,4667.1,4,12,No,8,114,47,15,0,Yes
PO102391,2025-08-11,Supplier_12,Electronics,9,408.85,3679.65,5,4,Yes,0,404,40,9,373,No
PO102392,2025-10-07,Supplier_11,Electronics,13,308.62,4012.06,4,5,Yes,1,49,43,13,0,Yes
PO102393,2025-04-25,Supplier_06,Home & Kitchen,4,33.28,133.12,5,3,Yes,0,48,25,4,27,No
PO102394,2025-08-03,Supplier_11,Electronics,12,240.73,2888.76,10,9,Yes,0,82,38,12,0,Yes
PO102395,2025-01-10,Supplier_05,Home & Kitchen,5,360.99,1804.95,3,1,Yes,0,360,31,5,334,No
PO102396,2025-05-20,Supplier_08,Electronics,4,93.19,372.76,8,9,No,1,65,42,4,0,Yes
PO102397,2025-03-27,Supplier_02,Home & Kitchen,10,234.91,2349.1,6,7,No,1,151,31,10,130,No
PO102398,2025-12-31,Supplier_13,Electronics,6,477.75,2866.5,6,17,No,11,420,45,6,0,Yes
PO102399,2025-12-13,Supplier_02,Electronics,3,229.21,687.63,5,8,No,3,338,51,3,0,Yes
PO102400,2025-12-03,Supplier_15,Office Supplies,11,401.52,4416.72,5,14,No,9,430,24,11,417,No
PO102401,2025-06-12,Supplier_07,Electronics,16,411.58,6585.28,10,20,No,10,38,43,16,11,No
PO102402,2025-07-27,Supplier_05,Office Supplies,10,,1792.8,9,20,No,11,402,19,10,393,No
PO102403,2025-09-07,Supplier_07,Electronics,5,373.24,1866.2,8,10,No,2,248,50,5,0,Yes
PO102404,2025-04-06,Supplier_10,Office Supplies,11,82.4,906.4,9,10,Yes,1,86,22,11,75,No
PO102405,2025-08-09,Supplier_15,Office Supplies,2,147.49,294.98,5,13,No,8,327,25,2,304,No
PO102406,2025-11-25,Supplier_15,Home & Kitchen,11,326.82,3595.02,5,7,No,2,227,30,11,208,No
PO102407,2025-10-30,Supplier_10,Home & Kitchen,10,91.3,913.0,5,5,Yes,0,172,21,10,161,No
PO102408,2025-06-14,Supplier_15,Home & Kitchen,12,484.77,5817.24,5,9,No,4,486,23,12,475,No
PO102409,2025-08-16,Supplier_04,Electronics,8,473.06,3784.48,6,5,Yes,0,462,42,8,428,No
PO102410,2025-09-16,Supplier_01,Home & Kitchen,5,120.68,603.4,6,15,No,9,166,23,5,148,No
PO102411,2025-09-11,Supplier_11,Office Supplies,2,267.64,535.28,4,4,Yes,0,359,16,2,345,No
PO102412,2025-09-25,Supplier_15,Office Supplies,4,291.52,1166.08,10,15,No,5,156,20,4,140,No
PO102413,2025-06-29,Supplier_01,Home & Kitchen,10,400.91,4009.1,10,17,No,7,275,28,10,257,No
PO102414,2025-04-15,Supplier_14,Electronics,12,138.1,1657.2,6,6,Yes,0,328,44,12,0,Yes
PO102415,2025-01-11,Supplier_12,Electronics,5,475.8,2379.0,5,4,Yes,0,76,29,5,0,Yes
PO102416,2025-06-22,Supplier_12,Electronics,10,74.79,747.9,7,16,No,9,365,33,10,0,Yes
PO102417,2025-08-09,Supplier_05,Home & Kitchen,3,398.86,1196.58,9,14,No,5,142,17,3,128,No
PO102418,2025-05-08,Supplier_13,Electronics,8,144.06,1152.48,3,6,No,3,364,40,8,0,Yes
PO102419,2025-08-15,Supplier_11,Home & Kitchen,2,445.28,890.56,9,11,No,2,493,23,2,472,No
PO102420,2025-01-05,Supplier_13,Home & Kitchen,5,98.08,490.4,3,1,Yes,0,492,29,5,468,No
PO102421,2025-11-18,Supplier_15,Home & Kitchen,13,242.28,3149.64,9,12,No,3,359,24,13,348,No
PO102422,2025-11-04,Supplier_08,Home & Kitchen,15,81.27,1219.05,6,5,Yes,0,499,24,15,490,No
PO102423,2025-09-04,Supplier_15,Office Supplies,16,347.93,5566.88,5,10,No,5,483,28,16,471,No
PO102424,2025-05-02,Supplier_06,Office Supplies,10,210.43,2104.3,7,7,Yes,0,443,19,10,434,No
PO102425,2025-07-17,Supplier_09,Electronics,3,437.29,1311.87,6,16,No,10,377,46,3,334,No
PO102426,2025-06-15,Supplier_14,Office Supplies,18,482.62,8687.16,10,18,No,8,140,22,18,136,No
PO102427,2025-07-30,Supplier_02,Office Supplies,15,429.32,6439.8,8,8,Yes,0,134,21,15,128,No
PO102428,2025-12-14,Supplier_04,Electronics,5,153.39,766.95,7,11,No,4,414,34,5,0,Yes
PO102429,2025-07-07,Supplier_01,Electronics,14,393.86,5514.04,9,17,No,8,67,44,14,0,Yes
PO102430,2025-09-27,Supplier_11,Electronics,1,259.21,259.21,3,4,Yes,1,49,38,1,12,No
PO102431,2025-10-09,Supplier_05,Electronics,12,205.03,2460.36,7,6,Yes,0,281,58,12,0,Yes
PO102432,2025-01-24,Supplier_03,Home & Kitchen,1,199.17,199.17,3,4,No,1,382,26,1,357,No
PO102433,2025-09-14,Supplier_02,Home & Kitchen,11,183.86,2022.46,4,11,No,7,387,23,11,375,No
PO102434,2025-01-13,Supplier_12,Electronics,10,112.66,1126.6,10,15,No,5,170,49,10,0,Yes
PO102435,2025-08-04,Supplier_05,Electronics,15,164.54,2468.1,8,9,No,1,218,41,15,0,Yes
PO102436,2025-07-01,Supplier_15,Electronics,2,400.68,801.36,10,11,Yes,1,331,46,2,0,Yes
PO102437,2025-05-26,Supplier_14,Home & Kitchen,5,20.58,102.9,10,18,No,8,453,21,5,437,No
PO102438,2025-03-01,Supplier_06,Home & Kitchen,13,427.3,5554.9,9,8,Yes,0,301,28,13,286,No
PO102439,2025-10-06,Supplier_05,Electronics,6,433.67,2602.02,5,7,No,2,441,46,6,0,Yes
PO102440,2025-01-18,Supplier_14,Home & Kitchen,3,457.9,1373.7,7,8,Yes,1,124,26,3,101,No
PO102441,2025-07-14,Supplier_05,Electronics,10,16.39,163.9,3,13,No,10,312,47,10,275,No
PO102442,2025-11-21,Supplier_09,Home & Kitchen,20,495.22,9904.4,7,17,No,10,300,30,20,290,No
PO102443,2025-04-02,Supplier_13,Electronics,15,246.16,3692.4,6,7,Yes,1,301,44,15,0,Yes
PO102444,2025-09-16,Supplier_13,Home & Kitchen,9,431.04,3879.36,3,4,Yes,1,271,33,9,247,No
PO102445,2025-05-04,Supplier_12,Electronics,5,330.34,1651.7,9,15,No,6,497,36,5,0,Yes
PO102446,2025-01-04,Supplier_10,Office Supplies,3,109.25,327.75,4,2,Yes,0,315,23,3,295,No
PO102447,2025-01-29,Supplier_05,Office Supplies,5,47.62,238.1,9,20,No,11,249,25,5,229,No
PO102448,2025-08-20,Supplier_04,Electronics,5,291.46,1457.3,5,12,No,7,259,50,5,214,No
PO102449,2025-02-14,Supplier_08,Home & Kitchen,11,24.22,266.42,10,21,No,11,130,38,11,103,No
PO102450,2025-11-02,Supplier_15,Electronics,3,443.95,1331.85,8,7,Yes,0,491,38,3,0,Yes
PO102451,2025-11-21,Supplier_09,Electronics,8,289.95,2319.6,6,15,No,9,335,45,8,0,Yes
PO102452,2025-07-19,Supplier_06,Electronics,1,446.47,446.47,6,4,Yes,0,259,40,1,220,No
PO102453,2025-10-12,Supplier_11,Home & Kitchen,20,385.18,7703.6,10,19,No,9,352,32,20,340,No
PO102454,2025-03-07,Supplier_03,Office Supplies,12,443.2,5318.4,9,15,No,6,459,26,12,445,No
PO102455,2025-03-25,Supplier_03,Electronics,10,342.18,3421.8,9,20,No,11,252,47,10,0,Yes
PO102456,2025-12-19,Supplier_06,Home & Kitchen,7,431.06,3017.42,9,12,No,3,388,29,7,366,No
PO102457,2025-01-10,Supplier_12,Home & Kitchen,15,98.68,1480.2,10,8,Yes,0,68,24,15,59,No
PO102458,2025-03-14,Supplier_13,Electronics,9,271.41,2442.69,4,12,No,8,240,44,9,205,No
PO102459,2025-01-21,Supplier_02,Office Supplies,2,93.89,187.78,6,15,No,9,348,36,2,314,No
PO102460,2025-11-13,Supplier_03,Home & Kitchen,2,41.54,83.08,5,6,Yes,1,74,31,2,45,No
PO102461,2025-03-12,Supplier_09,Office Supplies,6,48.66,291.96,5,3,Yes,0,448,25,6,429,No
PO102462,2025-05-17,Supplier_12,Home & Kitchen,4,196.1,784.4,7,18,No,11,280,30,4,254,No
PO102463,2025-10-29,Supplier_15,Home & Kitchen,20,347.01,6940.2,7,6,Yes,0,486,25,20,481,No
PO102464,2025-06-04,Supplier_07,Home & Kitchen,7,210.84,1475.88,10,8,Yes,0,445,31,7,421,No
PO102465,2025-02-14,Supplier_03,Office Supplies,16,176.61,2825.76,3,10,No,7,287,21,16,282,No
PO102466,2025-10-18,Supplier_04,Office Supplies,8,452.83,3622.64,6,7,No,1,92,20,8,80,No
PO102467,2025-03-03,Supplier_12,Home & Kitchen,17,350.79,5963.43,8,18,No,10,38,31,17,24,No
PO102468,2025-03-08,Supplier_10,Office Supplies,15,67.15,1007.25,7,12,No,5,254,17,15,252,No
PO102469,2025-09-23,Supplier_06,Home & Kitchen,3,220.43,661.29,4,12,No,8,259,29,3,233,No
PO102470,2025-09-01,Supplier_09,Office Supplies,7,310.99,2176.93,9,16,No,7,181,16,7,172,No
PO102471,2025-11-03,Supplier_04,Electronics,17,387.46,6586.82,4,6,No,2,383,44,17,0,Yes
PO102472,2025-10-31,Supplier_09,Home & Kitchen,19,197.2,3746.8,3,13,No,10,60,38,19,41,No
PO102473,2025-11-08,Supplier_08,Office Supplies,9,300.17,2701.53,6,5,Yes,0,426,28,9,0,Yes
PO102474,2025-02-25,Supplier_03,Electronics,6,304.86,1829.16,6,12,No,6,370,54,6,322,No
PO102475,2025-12-19,Supplier_03,Electronics,1,410.98,410.98,6,10,No,4,295,43,1,0,Yes
PO102476,2025-05-24,Supplier_13,Home & Kitchen,10,89.86,898.6,10,16,No,6,248,18,10,240,No
PO102477,2025-08-19,Supplier_07,Office Supplies,8,114.91,919.28,8,12,No,4,433,19,8,422,No
PO102478,2025-01-29,Supplier_03,Electronics,20,30.86,617.2,9,12,No,3,440,55,20,0,Yes
PO102479,2025-09-19,Supplier_09,Home & Kitchen,14,282.77,3958.78,7,16,No,9,470,29,14,455,No
PO102480,2025-10-26,Supplier_08,Electronics,9,137.42,1236.78,6,6,Yes,0,271,43,9,0,Yes
PO102481,2025-12-04,Supplier_12,Office Supplies,9,316.68,2850.12,8,6,Yes,0,441,17,9,433,No
PO102482,2025-05-21,Supplier_03,Office Supplies,6,453.69,2722.14,6,14,No,8,300,22,6,284,No
PO102483,2025-12-09,Supplier_13,Home & Kitchen,12,133.96,1607.52,6,5,Yes,0,240,24,12,228,No
PO102484,2025-03-28,Supplier_14,Home & Kitchen,17,479.84,8157.28,10,11,No,1,415,25,17,0,Yes
PO102485,2025-01-03,Supplier_14,Home & Kitchen,19,314.43,5974.17,5,5,Yes,0,447,38,19,428,No
PO102486,2025-09-17,Supplier_03,Office Supplies,8,374.91,2999.28,5,10,No,5,299,23,8,284,No
PO102487,2025-09-27,Supplier_08,Home & Kitchen,2,143.76,287.52,8,18,No,10,490,25,2,467,No
PO102488,2025-10-09,Supplier_06,Office Supplies,19,394.64,7498.16,10,10,Yes,0,298,12,19,0,Yes
PO102489,2025-08-31,Supplier_14,Electronics,11,18.13,199.43,4,8,No,4,103,51,11,0,Yes
PO102490,2025-03-17,Supplier_14,Electronics,3,449.3,1347.9,9,11,No,2,235,25,3,213,No
PO102491,2025-11-08,Supplier_14,Office Supplies,4,389.98,1559.92,5,7,No,2,158,21,4,141,No
PO102492,2025-07-08,Supplier_13,Electronics,3,138.92,416.76,3,8,No,5,150,44,3,0,Yes
PO102493,2025-03-21,Supplier_08,Electronics,15,386.73,5800.95,8,12,No,4,417,39,15,0,Yes
PO102494,2025-05-21,Supplier_01,Electronics,7,499.95,3499.65,10,17,No,7,99,53,7,0,Yes
PO102495,2025-09-29,Supplier_02,Office Supplies,8,374.94,2999.52,7,17,No,10,397,18,8,387,No
PO102496,2025-08-05,Supplier_04,Office Supplies,13,37.53,487.89,9,10,No,1,184,21,13,0,Yes
PO102497,2025-11-23,Supplier_06,Home & Kitchen,17,245.33,4170.61,4,13,No,9,317,31,17,303,No
PO102498,2025-06-10,Supplier_08,Office Supplies,16,496.79,7948.64,8,9,Yes,1,77,19,16,74,No
PO102499,2025-01-23,Supplier_12,Office Supplies,12,409.66,4915.92,8,6,Yes,0,179,27,12,164,No
PO102500,2025-12-16,Supplier_04,Electronics,10,391.35,3913.5,10,10,Yes,0,402,48,10,364,No
PO102501,2025-04-01,Supplier_09,Home & Kitchen,12,82.24,986.88,7,9,No,2,341,30,12,323,No
PO102502,2025-05-16,Supplier_08,Office Supplies,16,265.19,4243.04,10,15,No,5,455,18,16,453,No
PO102503,2025-06-22,Supplier_03,Office Supplies,19,68.51,1301.69,10,18,No,8,164,15,19,168,No
PO102504,2025-08-04,Supplier_04,Home & Kitchen,8,413.87,3310.96,8,16,No,8,183,28,8,163,No
PO102505,2025-11-16,Supplier_13,Electronics,15,231.12,3466.8,5,5,Yes,0,177,41,15,151,No
PO102506,2025-06-11,Supplier_08,Home & Kitchen,2,437.17,874.34,3,1,Yes,0,281,24,2,259,No
PO102507,2025-11-25,Supplier_10,Home & Kitchen,5,156.53,782.65,4,9,No,5,286,39,5,252,No
PO102508,2025-05-02,Supplier_06,Electronics,9,115.34,1038.06,7,7,Yes,0,239,42,9,206,No
PO102509,2025-05-09,Supplier_02,Electronics,18,418.79,7538.22,6,16,No,10,347,41,18,0,Yes
PO102510,2025-08-31,Supplier_05,Home & Kitchen,5,48.27,241.35,8,9,No,1,249,23,5,231,No
PO102511,2025-12-15,Supplier_13,Office Supplies,6,152.88,917.28,4,2,Yes,0,288,25,6,269,No
PO102512,2025-02-04,Supplier_14,Electronics,2,256.93,513.86,4,8,No,4,412,40,2,0,Yes
PO102513,2025-11-15,Supplier_08,Home & Kitchen,10,16.51,165.1,8,6,Yes,0,198,34,10,174,No
PO102514,2025-10-12,Supplier_10,Home & Kitchen,10,365.54,3655.4,3,4,Yes,1,86,38,10,58,No
PO102515,2025-04-23,Supplier_06,Home & Kitchen,5,326.35,1631.75,10,8,Yes,0,291,33,5,263,No
PO102516,2025-09-10,Supplier_14,Electronics,3,475.12,1425.36,3,11,No,8,492,49,3,0,Yes
PO102517,2025-12-06,Supplier_08,Electronics,7,37.43,262.01,6,4,Yes,0,280,37,7,0,Yes
PO102518,2025-11-05,Supplier_10,Office Supplies,12,282.96,3395.52,4,11,No,7,145,25,12,132,No
PO102519,2025-02-18,Supplier_09,Electronics,4,435.31,1741.24,3,8,No,5,256,37,4,223,No
PO102520,2025-02-28,Supplier_09,Office Supplies,19,298.79,5677.01,10,9,Yes,0,63,21,19,61,No
PO102521,2025-04-14,Supplier_15,Electronics,14,288.49,4038.86,9,14,No,5,365,40,14,0,Yes
PO102522,2025-04-13,Supplier_08,Electronics,20,223.39,4467.8,7,15,No,8,356,58,20,318,No
PO102523,2025-08-09,Supplier_11,Electronics,20,299.72,5994.4,8,9,No,1,84,39,20,65,No
PO102524,2025-09-04,Supplier_07,Electronics,6,121.01,726.06,4,2,Yes,0,397,53,6,0,Yes
PO102525,2025-02-15,Supplier_05,Home & Kitchen,16,407.35,6517.6,5,6,Yes,1,372,27,16,361,No
PO102526,2025-02-10,Supplier_03,Home & Kitchen,18,403.18,7257.24,9,13,No,4,42,32,18,28,No
PO102527,2025-06-16,Supplier_07,Electronics,5,447.57,2237.85,8,17,No,9,433,44,5,0,Yes
PO102528,2025-10-06,Supplier_09,Electronics,11,457.17,5028.87,10,20,No,10,306,44,11,273,No
PO102529,2025-10-13,Supplier_02,Home & Kitchen,12,130.17,1562.04,9,12,No,3,216,36,12,192,No
PO102530,2025-04-07,Supplier_15,Office Supplies,10,349.37,3493.7,8,7,Yes,0,139,25,10,124,No
PO102531,2025-02-11,Supplier_06,Electronics,11,125.7,1382.7,7,6,Yes,0,440,48,11,0,Yes
PO102532,2025-11-18,Supplier_15,Office Supplies,2,204.76,409.52,3,9,No,6,294,16,2,280,No
PO102533,2025-09-19,Supplier_13,Home & Kitchen,5,358.88,1794.4,4,5,Yes,1,299,24,5,280,No
PO102534,2025-11-13,Supplier_02,Electronics,8,178.56,1428.48,7,17,No,10,322,46,8,284,No
PO102535,2025-11-19,Supplier_07,Electronics,15,304.03,4560.45,7,8,Yes,1,312,41,15,0,Yes
PO102536,2025-03-21,Supplier_03,Office Supplies,9,313.38,2820.42,3,7,No,4,74,20,9,63,No
PO102537,2025-11-26,Supplier_13,Office Supplies,18,137.03,2466.54,3,2,Yes,0,375,27,18,366,No
PO102538,2025-09-25,Supplier_06,Home & Kitchen,19,162.82,3093.58,9,14,No,5,432,23,19,428,No
PO102539,2025-10-13,Supplier_05,Home & Kitchen,2,167.16,334.32,6,7,No,1,275,27,2,250,No
PO102540,2025-06-21,Supplier_12,Home & Kitchen,7,120.49,843.43,5,3,Yes,0,309,25,7,291,No
PO102541,2025-09-06,Supplier_10,Electronics,16,293.31,4692.96,7,7,Yes,0,124,31,16,0,Yes
PO102542,2025-06-22,Supplier_01,Home & Kitchen,17,113.45,1928.65,3,11,No,8,144,27,17,134,No
PO102543,2025-10-14,Supplier_02,Electronics,9,481.28,4331.52,4,8,No,4,307,43,9,0,Yes
PO102544,2025-10-02,Supplier_01,Electronics,5,217.52,1087.6,7,5,Yes,0,58,44,5,19,No
PO102545,2025-02-14,Supplier_03,Electronics,7,242.29,1696.03,8,15,No,7,145,43,7,109,No
PO102546,2025-10-10,Supplier_07,Home & Kitchen,1,429.12,429.12,8,19,No,11,290,29,1,262,No
PO102547,2025-07-24,Supplier_07,Electronics,20,232.49,4649.8,8,6,Yes,0,221,56,20,185,No
PO102548,2025-01-04,Supplier_06,Office Supplies,5,102.68,513.4,9,15,No,6,82,19,5,68,No
PO102549,2025-12-16,Supplier_14,Home & Kitchen,7,84.09,588.63,8,11,No,3,267,26,7,248,No
PO102550,2025-09-01,Supplier_09,Home & Kitchen,20,328.95,6579.0,8,18,No,10,336,36,20,320,No
PO102551,2025-12-16,Supplier_11,Home & Kitchen,11,214.89,2363.79,4,9,No,5,497,29,11,479,No
PO102552,2025-06-09,Supplier_03,Electronics,12,424.15,5089.8,5,6,Yes,1,313,53,12,272,No
PO102553,2025-08-06,Supplier_04,Home & Kitchen,13,31.27,406.51,5,12,No,7,233,29,13,217,No
PO102554,2025-08-26,Supplier_04,Electronics,13,109.51,1423.63,7,7,Yes,0,164,43,13,134,No
PO102555,2025-08-13,Supplier_05,Electronics,17,417.89,7104.13,8,7,Yes,0,373,67,17,0,Yes
PO102556,2025-06-08,Supplier_11,Home & Kitchen,8,310.87,2486.96,7,7,Yes,0,249,19,8,238,No
PO102557,2025-08-06,Supplier_01,Home & Kitchen,8,369.63,2957.04,10,18,No,8,303,30,8,281,No
PO102558,2025-04-12,Supplier_02,Home & Kitchen,10,182.35,1823.5,8,10,No,2,385,27,10,368,No
PO102559,2025-06-11,Supplier_10,Office Supplies,16,114.5,1832.0,3,14,No,11,389,23,16,382,No
PO102560,2025-11-28,Supplier_03,Home & Kitchen,1,253.27,253.27,7,17,No,10,357,24,1,334,No
PO102561,2025-04-16,Supplier_15,Office Supplies,5,19.53,97.65,10,10,Yes,0,215,25,5,195,No
PO102562,2025-11-29,Supplier_01,Home & Kitchen,3,491.79,1475.37,9,15,No,6,81,30,3,54,No
PO102563,2025-03-31,Supplier_10,Home & Kitchen,20,72.13,1442.6,5,13,No,8,169,29,20,160,No
PO102564,2025-04-29,Supplier_06,Office Supplies,7,443.26,3102.82,10,9,Yes,0,389,36,7,360,No
PO102565,2025-06-20,Supplier_12,Home & Kitchen,11,84.79,932.69,8,9,Yes,1,417,25,11,0,Yes
PO102566,2025-10-12,Supplier_14,Office Supplies,9,128.54,1156.86,10,11,Yes,1,397,16,9,390,No
PO102567,2025-03-20,Supplier_06,Home & Kitchen,4,225.3,901.2,4,5,Yes,1,280,32,4,252,No
PO102568,2025-02-27,Supplier_10,Office Supplies,4,198.86,795.44,8,7,Yes,0,53,32,4,25,No
PO102569,2025-03-27,Supplier_12,Home & Kitchen,20,478.54,9570.8,4,13,No,9,83,29,20,74,No
PO102570,2025-06-13,Supplier_08,Home & Kitchen,20,261.63,5232.6,5,6,No,1,96,24,20,92,No
PO102571,2025-02-01,Supplier_08,Electronics,16,110.79,1772.64,3,3,Yes,0,171,46,16,0,Yes
PO102572,2025-07-01,Supplier_06,Office Supplies,7,458.41,3208.87,5,7,No,2,331,18,7,320,No
PO102573,2025-06-13,Supplier_11,Office Supplies,13,382.29,4969.77,3,2,Yes,0,42,28,13,27,No
PO102574,2025-03-21,Supplier_15,Electronics,2,342.64,685.28,8,8,Yes,0,473,42,2,0,Yes
PO102575,2025-08-06,Supplier_04,Electronics,14,37.09,519.26,10,8,Yes,0,403,55,14,0,Yes
PO102576,2025-10-14,Supplier_05,Electronics,4,86.58,346.32,6,17,No,11,254,49,4,209,No
PO102577,2025-07-09,Supplier_11,Electronics,15,445.74,6686.1,5,8,No,3,473,44,15,0,Yes
PO102578,2025-02-03,Supplier_06,Electronics,19,25.6,486.4,3,7,No,4,286,45,19,260,No
PO102579,2025-02-23,Supplier_04,Electronics,2,158.12,316.24,6,4,Yes,0,133,41,2,0,Yes
PO102580,2025-11-30,Supplier_01,Electronics,2,161.66,323.32,3,4,No,1,32,44,2,0,Yes
PO102581,2025-11-01,Supplier_06,Home & Kitchen,18,484.28,8717.04,9,12,No,3,179,20,18,177,No
PO102582,2025-11-21,Supplier_08,Electronics,18,104.22,1875.96,7,14,No,7,218,44,18,0,Yes
PO102583,2025-09-05,Supplier_05,Home & Kitchen,1,165.62,165.62,8,8,Yes,0,46,27,1,20,No
PO102584,2025-12-25,Supplier_11,Office Supplies,6,354.13,2124.78,3,6,No,3,33,26,6,13,No
PO102585,2025-08-16,Supplier_07,Electronics,1,130.31,130.31,6,4,Yes,0,209,50,1,0,Yes
PO102586,2025-05-16,Supplier_05,Electronics,18,139.48,2510.64,10,17,No,7,243,35,18,226,No
PO102587,2025-03-14,Supplier_04,Home & Kitchen,1,487.78,487.78,6,10,No,4,480,21,1,460,No
PO102588,2025-11-20,Supplier_07,Electronics,7,362.89,2540.23,8,9,No,1,345,38,7,0,Yes
PO102589,2025-09-26,Supplier_10,Home & Kitchen,20,67.67,1353.4,8,15,No,7,171,29,20,162,No
PO102590,2025-07-10,Supplier_09,Home & Kitchen,18,381.43,6865.74,10,19,No,9,231,23,18,226,No
PO102591,2025-09-15,Supplier_10,Electronics,3,47.02,141.06,8,17,No,9,322,49,3,0,Yes
PO102592,2025-09-29,Supplier_06,Home & Kitchen,10,60.47,604.7,3,4,No,1,387,32,10,365,No
PO102593,2025-06-08,Supplier_04,Home & Kitchen,6,335.43,2012.58,4,9,No,5,162,33,6,135,No
PO102594,2025-09-11,Supplier_15,Home & Kitchen,1,214.22,214.22,6,11,No,5,431,37,1,395,No
PO102595,2025-09-09,Supplier_12,Office Supplies,9,487.94,4391.46,10,10,Yes,0,364,24,9,349,No
PO102596,2025-02-21,Supplier_14,Electronics,12,338.79,4065.48,10,13,No,3,113,42,12,0,Yes
PO102597,2025-04-02,Supplier_10,Office Supplies,11,89.74,987.14,9,10,Yes,1,419,20,11,410,No
PO102598,2025-07-20,Supplier_13,Home & Kitchen,5,221.96,1109.8,3,1,Yes,0,283,23,5,265,No
PO102599,2025-07-27,Supplier_15,Electronics,16,324.24,5187.84,5,6,Yes,1,370,45,16,0,Yes
PO102600,2025-08-06,Supplier_05,Office Supplies,19,296.82,5639.58,9,8,Yes,0,278,24,19,273,No
PO102601,2025-05-31,Supplier_13,Home & Kitchen,14,438.37,6137.18,10,10,Yes,0,212,32,14,194,No
PO102602,2025-09-25,Supplier_09,Electronics,8,427.8,3422.4,8,6,Yes,0,118,50,8,0,Yes
PO102603,2025-06-26,Supplier_15,Office Supplies,16,330.87,5293.92,3,12,No,9,379,25,16,370,No
PO102604,2025-08-14,Supplier_15,Home & Kitchen,20,228.44,4568.8,10,8,Yes,0,317,32,20,305,No
PO102605,2025-06-27,Supplier_14,Electronics,19,189.05,3591.95,8,13,No,5,255,46,19,0,Yes
PO102606,2025-08-12,Supplier_14,Office Supplies,1,201.79,201.79,10,9,Yes,0,443,27,1,417,No
PO102607,2025-05-27,Supplier_14,Home & Kitchen,4,460.35,1841.4,5,15,No,10,431,24,4,411,No
PO102608,2025-01-04,Supplier_11,Home & Kitchen,9,91.29,821.61,9,10,No,1,372,30,9,351,No
PO102609,2025-03-29,Supplier_15,Office Supplies,18,305.33,5495.94,5,5,Yes,0,193,30,18,181,No
PO102610,2025-02-15,Supplier_14,Office Supplies,8,208.19,1665.52,4,5,No,1,310,28,8,290,No
PO102611,2025-06-11,Supplier_15,Electronics,10,352.92,3529.2,9,10,Yes,1,417,47,10,0,Yes
PO102612,2025-06-05,Supplier_08,Home & Kitchen,3,83.41,250.23,4,3,Yes,0,461,29,3,435,No
PO102613,2025-09-27,Supplier_06,Electronics,12,482.12,5785.44,7,12,No,5,343,49,12,0,Yes
PO102614,2025-08-25,Supplier_03,Home & Kitchen,14,453.62,6350.68,8,13,No,5,365,36,14,343,No
PO102615,2025-08-12,Supplier_02,Electronics,2,182.97,365.94,3,7,No,4,72,50,2,0,Yes
PO102616,2025-10-15,Supplier_11,Electronics,12,118.82,1425.84,5,14,No,9,123,42,12,0,Yes
PO102617,2025-08-03,Supplier_14,Office Supplies,9,111.23,1001.07,10,18,No,8,135,25,9,119,No
PO102618,2025-03-31,Supplier_10,Office Supplies,16,419.68,6714.88,8,18,No,10,58,19,16,55,No
PO102619,2025-06-11,Supplier_05,Electronics,17,87.16,1481.72,8,16,No,8,328,56,17,289,No
PO102620,2025-07-20,Supplier_03,Home & Kitchen,9,150.83,1357.47,4,15,No,11,56,31,9,0,Yes
PO102621,2025-11-23,Supplier_13,Home & Kitchen,8,287.75,2302.0,7,11,No,4,217,31,8,194,No
PO102622,2025-05-23,Supplier_01,Office Supplies,10,399.88,3998.8,10,17,No,7,273,19,10,264,No
PO102623,2025-03-22,Supplier_15,Electronics,10,406.72,4067.2,5,16,No,11,393,55,10,348,No
PO102624,2025-01-26,Supplier_03,Electronics,20,374.32,7486.4,5,11,No,6,172,58,20,0,Yes
PO102625,2025-09-25,Supplier_10,Electronics,20,310.62,6212.4,9,7,Yes,0,132,44,20,108,No
PO102626,2025-09-13,Supplier_13,Electronics,14,195.78,2740.92,7,8,No,1,400,44,14,0,Yes
PO102627,2025-06-05,Supplier_05,Electronics,19,272.1,5169.9,8,11,No,3,391,39,19,371,No
PO102628,2025-01-17,Supplier_02,Home & Kitchen,5,328.55,1642.75,7,8,No,1,203,35,5,173,No
PO102629,2025-01-03,Supplier_10,Electronics,2,94.49,188.98,8,8,Yes,0,143,52,2,0,Yes
PO102630,2025-09-24,Supplier_14,Electronics,15,415.56,6233.4,4,14,No,10,260,52,15,223,No
PO102631,2025-05-25,Supplier_13,Electronics,8,312.57,2500.56,7,15,No,8,213,41,8,180,No
PO102632,2025-04-16,Supplier_07,Home & Kitchen,20,76.54,1530.8,3,13,No,10,157,34,20,143,No
PO102633,2025-08-17,Supplier_03,Home & Kitchen,3,412.08,1236.24,7,16,No,9,318,29,3,292,No
PO102634,2025-01-04,Supplier_03,Electronics,6,282.65,1695.9,3,11,No,8,89,35,6,60,No
PO102635,2025-12-23,Supplier_14,Electronics,3,296.56,889.68,6,4,Yes,0,348,54,3,0,Yes
PO102636,2025-12-26,Supplier_08,Home & Kitchen,9,23.27,209.43,6,6,Yes,0,211,32,9,0,Yes
PO102637,2025-11-11,Supplier_11,Office Supplies,3,222.51,667.53,6,11,No,5,475,19,3,459,No
PO102638,2025-02-01,Supplier_13,Electronics,5,191.71,958.55,5,11,No,6,107,50,5,0,Yes
PO102639,2025-10-22,Supplier_14,Home & Kitchen,17,39.41,669.97,10,11,Yes,1,403,29,17,391,No
PO102640,2025-12-31,Supplier_05,Office Supplies,13,69.36,901.68,7,6,Yes,0,284,13,13,284,No
PO102641,2025-12-19,Supplier_06,Home & Kitchen,15,458.18,6872.7,10,10,Yes,0,196,31,15,180,No
PO102642,2025-09-14,Supplier_10,Office Supplies,17,219.69,3734.73,5,4,Yes,0,114,30,17,101,No
PO102643,2025-08-04,Supplier_14,Office Supplies,6,192.98,1157.88,5,16,No,11,411,18,6,0,Yes
PO102644,2025-09-06,Supplier_13,Home & Kitchen,9,341.64,3074.76,10,9,Yes,0,84,17,9,76,No
PO102645,2025-01-06,Supplier_03,Office Supplies,3,398.29,1194.87,9,18,No,9,101,20,3,84,No
PO102646,2025-10-26,Supplier_14,Electronics,9,217.91,1961.19,9,13,No,4,320,57,9,272,No
PO102647,2025-03-28,Supplier_11,Home & Kitchen,7,480.6,3364.2,10,17,No,7,458,33,7,432,No
PO102648,2025-06-19,Supplier_13,Home & Kitchen,4,78.72,314.88,3,6,No,3,79,14,4,69,No
PO102649,2025-10-27,Supplier_14,Home & Kitchen,9,230.76,2076.84,9,16,No,7,191,20,9,180,No
PO102650,2025-01-06,Supplier_01,Electronics,8,444.74,3557.92,4,8,No,4,387,50,8,0,Yes
PO102651,2025-05-13,Supplier_09,Office Supplies,7,292.13,2044.91,4,9,No,5,268,24,7,251,No
PO102652,2025-05-22,Supplier_01,Electronics,20,359.24,7184.8,6,15,No,9,58,38,20,0,Yes
PO102653,2025-10-22,Supplier_03,Electronics,5,38.05,190.25,10,15,No,5,468,48,5,0,Yes
PO102654,2025-11-09,Supplier_05,Office Supplies,16,454.28,7268.48,8,17,No,9,331,18,16,329,No
PO102655,2025-05-10,Supplier_15,Office Supplies,20,23.96,479.2,3,12,No,9,322,22,20,320,No
PO102656,2025-02-08,Supplier_10,Electronics,5,392.86,1964.3,5,14,No,9,107,52,5,60,No
PO102657,2025-03-23,Supplier_09,Home & Kitchen,4,135.33,541.32,6,11,No,5,397,26,4,375,No
PO102658,2025-02-24,Supplier_02,Office Supplies,5,170.02,850.1,9,14,No,5,414,16,5,403,No
PO102659,2025-05-11,Supplier_05,Office Supplies,2,154.21,308.42,8,16,No,8,338,31,2,309,No
PO102660,2025-07-08,Supplier_01,Electronics,18,34.95,629.1,7,15,No,8,249,44,18,0,Yes
PO102661,2025-03-10,Supplier_14,Home & Kitchen,15,388.52,5827.8,4,10,No,6,106,29,15,92,No
PO102662,2025-02-03,Supplier_07,Home & Kitchen,3,75.36,226.08,9,8,Yes,0,206,23,3,186,No
PO102663,2025-02-23,Supplier_13,Office Supplies,3,260.82,782.46,8,16,No,8,213,15,3,201,No
PO102664,2025-08-08,Supplier_01,Home & Kitchen,1,475.16,475.16,5,14,No,9,283,27,1,257,No
PO102665,2025-06-14,Supplier_15,Electronics,3,292.36,877.08,5,5,Yes,0,203,38,3,168,No
PO102666,2025-11-10,Supplier_09,Office Supplies,13,215.56,2802.28,3,13,No,10,88,24,13,77,No
PO102667,2025-12-23,Supplier_10,Office Supplies,4,187.0,748.0,3,1,Yes,0,64,22,4,46,No
PO102668,2025-03-12,Supplier_11,Electronics,16,77.76,1244.16,7,8,No,1,56,46,16,0,Yes
PO102669,2025-12-07,Supplier_04,Electronics,12,263.08,3156.96,8,9,Yes,1,396,43,12,0,Yes
PO102670,2025-07-20,Supplier_08,Electronics,17,298.62,5076.54,8,7,Yes,0,233,45,17,0,Yes
PO102671,2025-10-06,Supplier_09,Home & Kitchen,3,26.35,79.05,3,10,No,7,219,35,3,187,No
PO102672,2025-01-26,Supplier_12,Electronics,12,119.93,1439.16,6,8,No,2,403,49,12,0,Yes
PO102673,2025-10-02,Supplier_08,Office Supplies,11,155.21,1707.31,8,17,No,9,461,33,11,439,No
PO102674,2025-09-21,Supplier_09,Electronics,20,369.02,7380.4,5,7,No,2,205,35,20,190,No
PO102675,2025-08-24,Supplier_08,Home & Kitchen,10,183.91,1839.1,4,10,No,6,379,24,10,365,No
PO102676,2025-06-04,Supplier_05,Home & Kitchen,4,230.82,923.28,10,9,Yes,0,57,30,4,31,No
PO102677,2025-09-22,Supplier_01,Office Supplies,9,178.68,1608.12,10,9,Yes,0,213,33,9,189,No
PO102678,2025-06-28,Supplier_13,Office Supplies,14,348.79,4883.06,7,12,No,5,333,25,14,322,No
PO102679,2025-05-07,Supplier_04,Office Supplies,1,150.3,150.3,8,9,Yes,1,44,14,1,31,No
PO102680,2025-04-15,Supplier_06,Electronics,20,453.7,9074.0,10,11,Yes,1,391,46,20,365,No
PO102681,2025-11-16,Supplier_05,Electronics,9,27.29,245.61,8,13,No,5,464,50,9,0,Yes
PO102682,2025-07-04,Supplier_11,Home & Kitchen,9,306.81,2761.29,4,6,No,2,457,35,9,431,No
PO102683,2025-10-13,Supplier_02,Home & Kitchen,15,432.82,6492.3,3,12,No,9,58,24,15,49,No
PO102684,2025-11-11,Supplier_07,Electronics,12,301.95,3623.4,9,7,Yes,0,472,33,12,0,Yes
PO102685,2025-10-14,Supplier_06,Electronics,20,490.6,9812.0,6,15,No,9,220,56,20,184,No
PO102686,2025-09-15,Supplier_10,Home & Kitchen,4,378.12,1512.48,9,8,Yes,0,59,30,4,33,No
PO102687,2025-06-09,Supplier_07,Electronics,2,292.16,584.32,5,9,No,4,134,54,2,0,Yes
PO102688,2025-07-04,Supplier_04,Home & Kitchen,10,18.89,188.9,6,4,Yes,0,92,18,10,84,No
PO102689,2025-05-30,Supplier_11,Electronics,13,189.96,2469.48,10,9,Yes,0,492,32,13,0,Yes
PO102690,2025-04-21,Supplier_12,Electronics,4,54.01,216.04,7,18,No,11,447,39,4,0,Yes
PO102691,2025-11-14,Supplier_08,Office Supplies,13,454.94,5914.22,10,18,No,8,443,22,13,434,No
PO102692,2025-05-17,Supplier_11,Home & Kitchen,20,433.0,8660.0,5,13,No,8,129,22,20,127,No
PO102693,2025-12-07,Supplier_07,Office Supplies,19,162.7,3091.3,4,13,No,9,156,23,19,152,No
PO102694,2025-12-01,Supplier_09,Home & Kitchen,20,264.2,5284.0,3,3,Yes,0,471,24,20,467,No
PO102695,2025-11-19,Supplier_03,Office Supplies,13,75.87,986.31,7,17,No,10,119,20,13,112,No
PO102696,2025-09-27,Supplier_09,Office Supplies,7,224.45,1571.15,6,10,No,4,288,21,7,274,No
PO102697,2025-07-18,Supplier_04,Electronics,11,412.96,4542.56,10,10,Yes,0,58,43,11,0,Yes
PO102698,2025-03-27,Supplier_14,Home & Kitchen,4,408.08,1632.32,8,8,Yes,0,461,36,4,429,No
PO102699,2025-02-26,Supplier_05,Office Supplies,7,25.94,181.58,5,13,No,8,39,19,7,27,No
PO102700,2025-10-02,Supplier_03,Home & Kitchen,18,61.5,1107.0,8,9,No,1,290,29,18,279,No
PO102701,2025-08-01,Supplier_03,Electronics,9,214.27,1928.43,10,21,No,11,93,35,9,67,No
PO102702,2025-09-22,Supplier_01,Home & Kitchen,7,212.88,1490.16,4,8,No,4,229,22,7,214,No
PO102703,2025-03-25,Supplier_04,Office Supplies,17,178.13,3028.21,3,11,No,8,240,22,17,235,No
PO102704,2025-11-01,Supplier_04,Home & Kitchen,16,170.72,2731.52,4,5,No,1,70,34,16,52,No
PO102705,2025-11-16,Supplier_07,Home & Kitchen,4,254.0,1016.0,4,3,Yes,0,231,34,4,201,No
PO102706,2025-09-08,Supplier_01,Electronics,14,419.83,5877.62,5,16,No,11,33,45,14,0,Yes
PO102707,2025-12-10,Supplier_04,Electronics,19,199.38,3788.22,7,7,Yes,0,350,58,19,311,No
PO102708,2025-02-12,Supplier_14,Office Supplies,16,126.3,2020.8,7,6,Yes,0,435,22,16,429,No
PO102709,2025-08-01,Supplier_04,Electronics,10,433.01,4330.1,3,9,No,6,70,51,10,0,Yes
PO102710,2025-08-04,Supplier_14,Home & Kitchen,15,443.01,6645.15,6,15,No,9,425,28,15,412,No
PO102711,2025-08-28,Supplier_12,Electronics,8,497.09,3976.72,3,10,No,7,87,48,8,0,Yes
PO102712,2025-01-21,Supplier_02,Home & Kitchen,12,97.94,1175.28,9,12,No,3,308,32,12,288,No
PO102713,2025-02-24,Supplier_06,Home & Kitchen,20,308.72,6174.4,10,18,No,8,291,26,20,285,No
PO102714,2025-07-13,Supplier_01,Home & Kitchen,16,93.91,1502.56,7,5,Yes,0,421,22,16,415,No
PO102715,2025-03-29,Supplier_06,Electronics,17,453.84,7715.28,7,12,No,5,66,56,17,0,Yes
PO102716,2025-01-19,Supplier_07,Home & Kitchen,5,243.39,1216.95,5,11,No,6,364,21,5,348,No
PO102717,2025-11-22,Supplier_12,Electronics,2,,952.12,3,1,Yes,0,181,42,2,141,No
PO102718,2025-10-15,Supplier_06,Office Supplies,15,271.47,4072.05,9,20,No,11,305,28,15,292,No
PO102719,2025-10-22,Supplier_12,Home & Kitchen,10,297.92,2979.2,4,4,Yes,0,467,31,10,446,No
PO102720,2025-05-01,Supplier_08,Electronics,6,422.87,2537.22,7,15,No,8,460,45,6,0,Yes
PO102721,2025-10-13,Supplier_11,Home & Kitchen,1,38.16,38.16,5,4,Yes,0,122,29,1,94,No
PO102722,2025-12-07,Supplier_05,Office Supplies,11,24.87,273.57,10,21,No,11,275,19,11,267,No
PO102723,2025-01-25,Supplier_09,Home & Kitchen,19,327.42,6220.98,4,7,No,3,219,34,19,204,No
PO102724,2025-09-01,Supplier_01,Office Supplies,13,292.78,3806.14,4,11,No,7,74,21,13,66,No
PO102725,2025-03-03,Supplier_01,Electronics,7,299.77,2098.39,4,5,No,1,263,39,7,0,Yes
PO102726,2025-11-02,Supplier_12,Office Supplies,8,117.79,942.32,10,10,Yes,0,254,26,8,236,No
PO102727,2025-09-05,Supplier_13,Electronics,18,452.54,8145.72,4,11,No,7,324,48,18,294,No
PO102728,2025-09-03,Supplier_02,Home & Kitchen,1,295.79,295.79,7,16,No,9,336,28,1,309,No
PO102729,2025-09-13,Supplier_10,Home & Kitchen,12,210.45,2525.4,7,6,Yes,0,401,34,12,379,No
PO102730,2025-06-03,Supplier_02,Home & Kitchen,3,414.16,1242.48,9,13,No,4,329,26,3,306,No
PO102731,2025-05-20,Supplier_15,Electronics,10,226.85,2268.5,5,8,No,3,180,39,10,151,No
PO102732,2025-01-03,Supplier_01,Office Supplies,14,230.74,3230.36,3,1,Yes,0,209,18,14,205,No
PO102733,2025-04-27,Supplier_03,Electronics,15,283.51,4252.65,7,11,No,4,291,55,15,0,Yes
PO102734,2025-08-28,Supplier_13,Home & Kitchen,1,145.1,145.1,3,4,Yes,1,254,30,1,225,No
PO102735,2025-08-03,Supplier_02,Electronics,3,431.62,1294.86,5,9,No,4,74,45,3,32,No
PO102736,2025-11-28,Supplier_03,Electronics,11,183.39,2017.29,3,10,No,7,332,42,11,301,No
PO102737,2025-02-05,Supplier_14,Electronics,18,252.16,4538.88,4,9,No,5,179,38,18,0,Yes
PO102738,2025-11-15,Supplier_02,Home & Kitchen,12,472.23,5666.76,4,10,No,6,464,28,12,448,No
PO102739,2025-05-10,Supplier_05,Electronics,8,330.99,2647.92,9,8,Yes,0,202,40,8,170,No
PO102740,2025-12-13,Supplier_14,Home & Kitchen,5,241.15,1205.75,9,7,Yes,0,451,30,5,426,No
PO102741,2025-07-07,Supplier_15,,10,59.54,595.4,7,11,No,4,200,21,10,189,No
PO102742,2025-08-14,Supplier_02,Home & Kitchen,6,185.15,1110.9,8,6,Yes,0,93,20,6,79,No
PO102743,2025-03-28,Supplier_12,Electronics,16,471.8,7548.8,10,18,No,8,333,46,16,303,No
PO102744,2025-05-20,Supplier_15,Electronics,9,301.01,2709.09,4,5,Yes,1,99,45,9,63,No
PO102745,2025-01-19,Supplier_04,Electronics,10,93.59,935.9,4,11,No,7,402,40,10,0,Yes
PO102746,2025-09-24,Supplier_08,Office Supplies,6,49.62,297.72,3,1,Yes,0,240,30,6,216,No
PO102747,2025-07-16,Supplier_10,Electronics,15,322.49,4837.35,8,8,Yes,0,327,45,15,0,Yes
PO102748,2025-12-31,Supplier_06,Home & Kitchen,19,74.11,1408.09,7,13,No,6,215,37,19,197,No
PO102749,2025-03-22,Supplier_06,Electronics,20,457.34,9146.8,8,9,Yes,1,361,49,20,0,Yes
PO102750,2025-01-12,Supplier_06,Electronics,7,380.34,2662.38,4,9,No,5,430,45,7,0,Yes
PO102751,2025-06-03,Supplier_13,Home & Kitchen,11,417.36,4590.96,9,13,No,4,54,29,11,36,No
PO102752,2025-03-09,Supplier_01,Home & Kitchen,17,426.91,7257.47,10,21,No,11,256,23,17,0,Yes
PO102753,2025-02-25,Supplier_10,Electronics,3,322.71,968.13,6,7,Yes,1,328,47,3,0,Yes
PO102754,2025-11-11,Supplier_08,Office Supplies,10,320.18,3201.8,6,4,Yes,0,476,24,10,462,No
PO102755,2025-08-11,Supplier_11,Office Supplies,6,361.72,2170.32,5,4,Yes,0,83,19,6,70,No
PO102756,2025-10-26,Supplier_11,Electronics,18,138.62,2495.16,3,7,No,4,318,33,18,303,No
PO102757,2025-04-09,Supplier_05,Office Supplies,16,481.44,7703.04,8,13,No,5,399,25,16,390,No
PO102758,2025-11-04,Supplier_07,Electronics,7,139.64,977.48,4,2,Yes,0,198,57,7,0,Yes
PO102759,2025-03-18,Supplier_01,Electronics,14,312.95,4381.3,5,11,No,6,136,42,14,0,Yes
PO102760,2025-06-07,Supplier_08,Home & Kitchen,13,93.11,1210.43,8,10,No,2,306,28,13,291,No
PO102761,2025-12-25,Supplier_07,Electronics,3,225.55,676.65,6,13,No,7,115,54,3,0,Yes
PO102762,2025-02-04,Supplier_13,Home & Kitchen,10,114.55,1145.5,10,11,No,1,488,30,10,468,No
PO102763,2025-02-18,Supplier_11,Home & Kitchen,9,383.81,3454.29,5,4,Yes,0,294,26,9,277,No
PO102764,2025-09-30,Supplier_06,Office Supplies,2,220.94,441.88,9,16,No,7,228,19,2,211,No
PO102765,2025-12-06,Supplier_14,Electronics,7,203.83,1426.81,7,5,Yes,0,240,35,7,0,Yes
PO102766,2025-05-22,Supplier_08,Office Supplies,4,156.98,627.92,9,11,No,2,208,27,4,0,Yes
PO102767,2025-06-18,Supplier_05,Office Supplies,8,245.3,1962.4,9,14,No,5,133,27,8,114,No
PO102768,2025-07-31,Supplier_10,Home & Kitchen,10,296.01,2960.1,4,8,No,4,377,21,10,366,No
PO102769,2025-08-17,Supplier_07,Office Supplies,8,412.54,3300.32,7,6,Yes,0,44,17,8,35,No
PO102770,2025-07-14,Supplier_15,Home & Kitchen,16,495.84,7933.44,7,5,Yes,0,172,32,16,156,No
PO102771,2025-11-13,Supplier_14,Electronics,19,34.54,656.26,4,3,Yes,0,44,56,19,7,No
PO102772,2025-01-14,Supplier_01,Electronics,17,322.14,5476.38,8,14,No,6,239,45,17,0,Yes
PO102773,2025-06-08,Supplier_04,Home & Kitchen,6,115.71,694.26,9,12,No,3,239,21,6,224,No
PO102774,2025-07-19,Supplier_07,Electronics,12,36.3,435.6,3,4,Yes,1,278,49,12,0,Yes
PO102775,2025-08-03,Supplier_11,Electronics,8,185.81,1486.48,9,16,No,7,182,46,8,144,No
PO102776,2025-03-03,Supplier_10,Electronics,15,395.46,5931.9,5,16,No,11,487,46,15,0,Yes
PO102777,2025-01-21,Supplier_14,Home & Kitchen,5,385.34,1926.7,7,6,Yes,0,51,25,5,31,No
PO102778,2025-03-25,Supplier_03,Home & Kitchen,16,116.46,1863.36,3,9,No,6,396,24,16,388,No
PO102779,2025-12-26,Supplier_10,Home & Kitchen,11,66.22,728.42,8,12,No,4,447,23,11,435,No
PO102780,2025-02-06,Supplier_14,Electronics,19,443.37,8424.03,4,7,No,3,127,47,19,0,Yes
PO102781,2025-01-01,Supplier_02,Electronics,19,226.05,4294.95,7,16,No,9,80,44,19,55,No
PO102782,2025-05-06,Supplier_11,Electronics,10,196.44,1964.4,8,15,No,7,271,46,10,0,Yes
PO102783,2025-12-08,Supplier_10,Office Supplies,10,15.68,156.8,8,9,Yes,1,161,22,10,0,Yes
PO102784,2025-04-25,Supplier_01,Home & Kitchen,9,26.67,240.03,4,3,Yes,0,90,25,9,74,No
PO102785,2025-06-24,Supplier_01,Office Supplies,2,236.72,473.44,6,7,No,1,413,26,2,389,No
PO102786,2025-08-20,Supplier_01,Electronics,10,174.28,1742.8,5,13,No,8,80,50,10,0,Yes
PO102787,2025-10-15,Supplier_05,Electronics,13,362.64,4714.32,10,18,No,8,356,44,13,0,Yes
PO102788,2025-01-09,Supplier_11,Home & Kitchen,1,227.68,227.68,5,7,No,2,97,28,1,70,No
PO102789,2025-09-02,Supplier_14,Electronics,3,213.23,639.69,3,2,Yes,0,322,33,3,292,No
PO102790,2025-10-13,Supplier_11,Electronics,2,254.34,508.68,10,16,No,6,475,41,2,436,No
PO102791,2025-09-14,Supplier_11,Electronics,6,63.24,379.44,5,6,Yes,1,385,47,6,344,No
PO102792,2025-05-24,Supplier_06,Home & Kitchen,2,61.97,123.94,10,18,No,8,252,27,2,227,No
PO102793,2025-09-26,Supplier_04,Electronics,1,187.69,187.69,9,15,No,6,298,33,1,0,Yes
PO102794,2025-11-17,Supplier_09,Office Supplies,3,23.87,71.61,3,6,No,3,359,23,3,0,Yes
PO102795,2025-03-23,Supplier_11,Home & Kitchen,6,21.78,130.68,3,3,Yes,0,225,38,6,193,No
PO102796,2025-09-08,Supplier_13,Office Supplies,12,352.1,4225.2,6,8,No,2,418,27,12,403,No
PO102797,2025-08-07,Supplier_09,Home & Kitchen,2,92.71,185.42,4,4,Yes,0,491,34,2,459,No
PO102798,2025-07-13,Supplier_15,Electronics,6,156.67,940.02,7,11,No,4,239,43,6,202,No
PO102799,2025-03-25,Supplier_13,Office Supplies,19,328.48,6241.12,4,8,No,4,66,21,19,64,No
PO102800,2025-10-31,Supplier_15,Home & Kitchen,9,376.87,3391.83,5,3,Yes,0,178,17,9,170,No
PO102801,2025-01-17,Supplier_11,Office Supplies,9,363.87,3274.83,4,3,Yes,0,92,23,9,78,No
PO102802,2025-11-04,Supplier_04,Home & Kitchen,1,498.83,498.83,3,5,No,2,342,35,1,308,No
PO102803,2025-04-22,Supplier_13,Electronics,16,468.8,7500.8,4,3,Yes,0,467,34,16,0,Yes
PO102804,2025-03-05,Supplier_10,Office Supplies,17,86.2,1465.4,9,10,Yes,1,113,21,17,109,No
PO102805,2025-04-29,Supplier_11,Electronics,9,454.09,4086.81,5,3,Yes,0,213,44,9,0,Yes
PO102806,2025-10-04,Supplier_05,Electronics,2,376.91,753.82,9,11,No,2,422,42,2,0,Yes
PO102807,2025-12-23,Supplier_02,Electronics,10,154.28,1542.8,9,15,No,6,327,41,10,0,Yes
PO102808,2025-10-07,Supplier_15,Electronics,6,310.96,1865.76,5,5,Yes,0,395,48,6,353,No
PO102809,2025-03-20,Supplier_08,Home & Kitchen,13,436.3,5671.9,4,8,No,4,168,31,13,150,No
PO102810,2025-02-14,Supplier_09,Home & Kitchen,9,225.52,2029.68,6,7,No,1,186,30,9,165,No
PO102811,2025-01-12,Supplier_01,Office Supplies,11,195.97,2155.67,6,10,No,4,225,14,11,222,No
PO102812,2025-11-10,Supplier_14,Office Supplies,15,462.1,6931.5,5,14,No,9,463,20,15,458,No
PO102813,2025-11-20,Supplier_05,Office Supplies,1,104.16,104.16,3,6,No,3,267,16,1,252,No
PO102814,2025-09-22,Supplier_01,Office Supplies,13,289.73,3766.49,3,2,Yes,0,280,27,13,266,No
PO102815,2025-06-30,Supplier_05,Office Supplies,13,254.3,3305.9,6,12,No,6,482,17,13,478,No
PO102816,2025-12-15,Supplier_03,Home & Kitchen,3,460.1,1380.3,7,14,No,7,58,29,3,32,No
PO102817,2025-02-03,Supplier_08,Electronics,3,53.84,161.52,6,17,No,11,363,36,3,330,No
PO102818,2025-07-11,Supplier_10,Electronics,6,474.64,2847.84,5,4,Yes,0,58,55,6,9,No
PO102819,2025-03-22,Supplier_05,Electronics,7,177.04,1239.28,6,4,Yes,0,385,56,7,0,Yes
PO102820,2025-08-20,Supplier_03,Home & Kitchen,16,193.46,3095.36,6,15,No,9,256,27,16,245,No
PO102821,2025-12-22,Supplier_04,Office Supplies,18,484.5,8721.0,5,6,No,1,458,22,18,454,No
PO102822,2025-02-23,Supplier_03,Home & Kitchen,5,380.78,1903.9,8,19,No,11,253,26,5,232,No
PO102823,2025-03-09,Supplier_13,Home & Kitchen,8,346.73,2773.84,3,5,No,2,102,27,8,83,No
PO102824,2025-05-24,Supplier_08,Office Supplies,20,336.17,6723.4,6,11,No,5,402,17,20,405,No
PO102825,2025-05-21,Supplier_01,Home & Kitchen,18,38.56,694.08,9,17,No,8,64,24,18,58,No
PO102826,2025-10-26,Supplier_07,Home & Kitchen,6,234.59,1407.54,8,7,Yes,0,36,22,6,20,No
PO102827,2025-11-25,Supplier_07,Office Supplies,4,32.44,129.76,8,8,Yes,0,317,16,4,305,No
PO102828,2025-10-07,Supplier_11,Office Supplies,14,478.14,6693.96,8,13,No,5,112,24,14,102,No
PO102829,2025-12-21,Supplier_10,Office Supplies,16,365.88,5854.08,4,9,No,5,491,27,16,480,No
PO102830,2025-05-15,Supplier_11,Office Supplies,1,242.01,242.01,8,9,No,1,368,22,1,347,No
PO102831,2025-12-24,Supplier_03,Electronics,9,32.64,293.76,4,9,No,5,33,47,9,0,Yes
PO102832,2025-01-31,Supplier_01,Office Supplies,20,217.5,4350.0,9,12,No,3,260,20,20,260,No
PO102833,2025-01-28,Supplier_07,Home & Kitchen,20,21.55,431.0,7,17,No,10,450,21,20,449,No
PO102834,2025-03-29,Supplier_05,Electronics,13,89.05,1157.65,7,13,No,6,349,44,13,0,Yes
PO102835,2025-01-13,Supplier_06,Home & Kitchen,20,20.67,413.4,10,17,No,7,151,25,20,146,No
PO102836,2025-12-01,Supplier_14,Home & Kitchen,9,64.28,578.52,4,2,Yes,0,275,32,9,252,No
PO102837,2025-11-13,Supplier_13,Home & Kitchen,5,104.8,524.0,3,2,Yes,0,174,29,5,150,No
PO102838,2025-04-13,Supplier_12,Office Supplies,10,344.55,3445.5,5,9,No,4,432,18,10,424,No
PO102839,2025-10-24,Supplier_01,Home & Kitchen,2,75.6,151.2,5,6,No,1,274,29,2,0,Yes
PO102840,2025-11-16,Supplier_04,Electronics,7,160.28,1121.96,9,13,No,4,248,36,7,0,Yes
PO102841,2025-04-08,Supplier_01,Electronics,12,262.05,3144.6,5,16,No,11,190,50,12,0,Yes
PO102842,2025-05-03,Supplier_05,Home & Kitchen,18,365.08,6571.44,4,8,No,4,422,19,18,421,No
PO102843,2025-03-22,Supplier_08,Home & Kitchen,6,188.84,1133.04,9,16,No,7,224,28,6,202,No
PO102844,2025-06-14,Supplier_05,Electronics,13,376.95,4900.35,9,13,No,4,430,42,13,0,Yes
PO102845,2025-01-11,Supplier_11,Electronics,9,422.09,3798.81,3,2,Yes,0,131,46,9,0,Yes
PO102846,2025-10-26,Supplier_02,Office Supplies,4,441.44,1765.76,5,7,No,2,441,19,4,426,No
PO102847,2025-08-18,Supplier_14,Office Supplies,12,376.94,4523.28,6,10,No,4,312,18,12,306,No
PO102848,2025-12-31,Supplier_02,Home & Kitchen,13,219.58,2854.54,9,12,No,3,434,34,13,413,No
PO102849,2025-06-19,Supplier_08,Office Supplies,10,476.4,4764.0,10,12,No,2,222,21,10,211,No
PO102850,2025-08-08,Supplier_09,Home & Kitchen,2,89.98,179.96,9,18,No,9,209,32,2,179,No
PO102851,2025-11-24,Supplier_15,Electronics,8,416.3,3330.4,3,3,Yes,0,433,44,8,0,Yes
PO102852,2025-04-05,Supplier_01,Electronics,9,470.09,4230.81,9,10,No,1,131,40,9,100,No
PO102853,2025-05-29,Supplier_11,Electronics,8,238.22,1905.76,8,7,Yes,0,430,50,8,388,No
PO102854,2025-04-25,Supplier_13,Home & Kitchen,11,210.29,2313.19,4,9,No,5,484,26,11,469,No
PO102855,2025-07-18,Supplier_15,Home & Kitchen,7,362.42,2536.94,4,7,No,3,180,24,7,0,Yes
PO102856,2025-09-18,Supplier_12,Home & Kitchen,16,134.24,2147.84,3,1,Yes,0,388,24,16,380,No
PO102857,2025-07-02,Supplier_13,Office Supplies,18,422.07,7597.26,9,18,No,9,323,31,18,310,No
PO102858,2025-12-27,Supplier_01,Home & Kitchen,5,65.82,329.1,9,9,Yes,0,116,23,5,98,No
PO102859,2025-05-21,Supplier_14,Electronics,20,73.66,1473.2,3,1,Yes,0,386,52,20,354,No
PO102860,2025-05-09,Supplier_05,Office Supplies,20,231.73,4634.6,10,14,No,4,230,25,20,0,Yes
PO102861,2025-05-27,Supplier_01,Office Supplies,8,448.11,3584.88,8,6,Yes,0,214,17,8,205,No
PO102862,2025-05-21,Supplier_01,Electronics,6,51.04,306.24,7,8,No,1,231,46,6,0,Yes
PO102863,2025-07-05,Supplier_14,Electronics,13,496.34,6452.42,3,3,Yes,0,446,51,13,0,Yes
PO102864,2025-07-01,Supplier_06,Home & Kitchen,13,33.03,429.39,9,19,No,10,57,26,13,44,No
PO102865,2025-12-15,Supplier_10,Electronics,12,455.2,5462.4,5,3,Yes,0,353,35,12,0,Yes
PO102866,2025-07-05,Supplier_09,Electronics,13,197.16,2563.08,10,15,No,5,168,46,13,135,No
PO102867,2025-12-26,Supplier_03,Office Supplies,10,295.51,2955.1,8,11,No,3,442,29,10,423,No
PO102868,2025-05-15,Supplier_14,Home & Kitchen,15,294.39,4415.85,4,14,No,10,282,31,15,0,Yes
PO102869,2025-05-22,Supplier_02,Home & Kitchen,11,251.49,2766.39,3,14,No,11,31,19,11,23,No
PO102870,2025-02-05,Supplier_01,Electronics,3,326.78,980.34,3,6,No,3,102,35,3,0,Yes
PO102871,2025-08-29,Supplier_02,Office Supplies,6,483.25,2899.5,7,14,No,7,53,18,6,41,No
PO102872,2025-09-04,Supplier_07,Office Supplies,4,425.61,1702.44,6,7,Yes,1,195,23,4,176,No
PO102873,2025-10-29,Supplier_08,Home & Kitchen,7,447.97,3135.79,3,9,No,6,301,29,7,279,No
PO102874,2025-04-11,Supplier_12,Office Supplies,1,31.13,31.13,6,12,No,6,149,22,1,128,No
PO102875,2025-01-26,Supplier_02,Office Supplies,11,320.46,3525.06,10,15,No,5,157,29,11,139,No
PO102876,2025-03-05,,Home & Kitchen,13,441.2,5735.6,6,6,Yes,0,96,26,13,83,No
PO102877,2025-07-26,Supplier_07,Office Supplies,4,306.96,1227.84,9,9,Yes,0,473,22,4,455,No
PO102878,2025-12-05,Supplier_14,Office Supplies,14,308.94,4325.16,9,8,Yes,0,357,28,14,343,No
PO102879,2025-11-23,Supplier_03,Office Supplies,7,183.45,1284.15,3,13,No,10,171,26,7,152,No
PO102880,2025-02-05,Supplier_06,Office Supplies,3,88.86,266.58,3,3,Yes,0,475,25,3,453,No
PO102881,2025-08-11,Supplier_01,Home & Kitchen,6,165.71,994.26,4,13,No,9,59,36,6,29,No
PO102882,2025-10-30,Supplier_07,Home & Kitchen,12,216.96,2603.52,9,15,No,6,149,30,12,0,Yes
PO102883,2025-08-14,Supplier_02,Home & Kitchen,12,168.07,2016.84,8,9,No,1,40,47,12,5,No
PO102884,2025-03-08,Supplier_07,Electronics,14,494.98,6929.72,5,6,Yes,1,94,58,14,0,Yes
PO102885,2025-07-27,Supplier_02,Home & Kitchen,14,371.36,5199.04,7,10,No,3,362,30,14,346,No
PO102886,2025-08-26,Supplier_07,Electronics,13,323.61,4206.93,4,4,Yes,0,86,39,13,60,No
PO102887,2025-05-15,Supplier_14,Electronics,11,400.15,4401.65,5,10,No,5,276,51,11,0,Yes
PO102888,2025-03-24,Supplier_01,Home & Kitchen,14,202.54,2835.56,9,13,No,4,40,25,14,29,No
PO102889,2025-03-31,Supplier_10,Home & Kitchen,20,249.78,4995.6,3,1,Yes,0,109,32,20,97,No
PO102890,2025-09-17,Supplier_09,Office Supplies,14,374.02,5236.28,7,8,No,1,312,17,14,309,No
PO102891,2025-08-25,Supplier_10,Home & Kitchen,8,116.44,931.52,7,7,Yes,0,82,27,8,63,No
PO102892,2025-09-10,Supplier_02,Electronics,7,256.32,1794.24,9,16,No,7,488,46,7,0,Yes
PO102893,2025-07-18,Supplier_15,Home & Kitchen,15,316.88,4753.2,10,21,No,11,213,23,15,205,No
PO102894,2025-11-19,Supplier_11,Electronics,6,455.83,2734.98,5,11,No,6,294,55,6,0,Yes
PO102895,2025-10-07,Supplier_09,Electronics,5,294.62,1473.1,3,4,Yes,1,449,43,5,0,Yes
PO102896,2025-02-26,Supplier_03,Home & Kitchen,2,146.96,293.92,6,9,No,3,160,27,2,135,No
PO102897,2025-02-25,Supplier_14,Office Supplies,16,157.03,2512.48,5,10,No,5,321,24,16,313,No
PO102898,2025-04-11,Supplier_04,Home & Kitchen,8,199.55,1596.4,6,8,No,2,375,22,8,361,No
PO102899,2025-10-31,Supplier_10,Electronics,17,368.5,6264.5,4,3,Yes,0,288,38,17,0,Yes
PO102900,2025-12-07,Supplier_03,Office Supplies,4,146.48,585.92,10,21,No,11,427,15,4,416,No
PO102901,2025-03-09,Supplier_07,Electronics,5,395.88,1979.4,6,16,No,10,163,41,5,127,No
PO102902,2025-12-12,Supplier_01,Electronics,5,144.52,722.6,9,17,No,8,293,50,5,248,No
PO102903,2025-02-02,Supplier_11,Office Supplies,19,258.82,4917.58,5,3,Yes,0,453,29,19,443,No
PO102904,2025-10-07,Supplier_13,Home & Kitchen,4,341.99,1367.96,8,6,Yes,0,152,34,4,122,No
PO102905,2025-08-03,Supplier_07,Electronics,19,87.28,1658.32,8,18,No,10,408,43,19,0,Yes
PO102906,2025-03-14,Supplier_13,Home & Kitchen,10,164.42,1644.2,6,7,Yes,1,362,37,10,335,No
PO102907,2025-08-19,Supplier_03,Home & Kitchen,17,203.19,3454.23,10,11,No,1,140,25,17,132,No
PO102908,2025-01-05,Supplier_01,Office Supplies,9,356.65,3209.85,9,15,No,6,287,22,9,274,No
PO102909,2025-06-23,Supplier_01,Home & Kitchen,10,240.12,2401.2,9,16,No,7,394,30,10,374,No
PO102910,2025-03-30,Supplier_01,Electronics,7,231.22,1618.54,10,16,No,6,488,32,7,0,Yes
PO102911,2025-02-18,Supplier_14,Electronics,1,259.08,259.08,3,1,Yes,0,146,34,1,0,Yes
PO102912,2025-04-25,Supplier_09,Electronics,5,294.76,1473.8,6,7,No,1,99,38,5,66,No
PO102913,2025-06-09,Supplier_06,Electronics,9,60.58,545.22,5,6,Yes,1,348,42,9,0,Yes
PO102914,2025-10-10,Supplier_04,Electronics,19,482.88,9174.72,7,12,No,5,212,43,19,0,Yes
PO102915,2025-11-07,Supplier_13,Electronics,12,138.3,1659.6,5,3,Yes,0,92,39,12,65,No
PO102916,2025-06-05,Supplier_07,Home & Kitchen,20,30.0,600.0,7,8,No,1,40,24,20,36,No
PO102917,2025-01-15,Supplier_07,Office Supplies,2,315.12,630.24,8,12,No,4,296,23,2,275,No
PO102918,2025-04-21,Supplier_05,Office Supplies,10,21.88,218.8,7,11,No,4,35,15,10,30,No
PO102919,2025-03-28,Supplier_02,Electronics,6,205.21,1231.26,4,7,No,3,380,46,6,0,Yes
PO102920,2025-02-28,Supplier_09,Home & Kitchen,19,113.23,2151.37,10,14,No,4,376,29,19,366,No
PO102921,2025-04-21,Supplier_09,Electronics,3,63.51,190.53,6,9,No,3,39,35,3,0,Yes
PO102922,2025-04-28,Supplier_13,Office Supplies,3,240.41,721.23,7,8,Yes,1,220,18,3,205,No
PO102923,2025-01-27,Supplier_02,Home & Kitchen,7,201.02,1407.14,3,5,No,2,368,30,7,345,No
PO102924,2025-07-21,Supplier_14,Office Supplies,9,225.29,2027.61,5,3,Yes,0,212,16,9,0,Yes
PO102925,2025-09-09,Supplier_11,Office Supplies,6,459.51,2757.06,3,4,Yes,1,228,23,6,211,No
PO102926,2025-02-11,Supplier_11,Home & Kitchen,11,460.39,5064.29,8,13,No,5,130,25,11,116,No
PO102927,2025-07-04,Supplier_06,Home & Kitchen,4,303.58,1214.32,6,12,No,6,436,31,4,409,No
PO102928,2025-07-18,Supplier_07,Home & Kitchen,15,271.82,4077.3,4,9,No,5,69,23,15,61,No
PO102929,2025-07-19,Supplier_12,Office Supplies,1,281.67,281.67,6,16,No,10,362,21,1,342,No
PO102930,2025-03-02,Supplier_06,Home & Kitchen,16,251.19,4019.04,5,15,No,10,308,30,16,294,No
PO102931,2025-06-26,Supplier_02,Electronics,7,133.25,932.75,5,16,No,11,225,62,7,0,Yes
PO102932,2025-02-19,Supplier_05,Home & Kitchen,2,75.48,150.96,10,20,No,10,421,24,2,399,No
PO102933,2025-07-23,Supplier_01,Electronics,1,232.26,232.26,3,8,No,5,368,47,1,0,Yes
PO102934,2025-02-10,Supplier_03,Electronics,12,337.89,4054.68,6,13,No,7,142,41,12,113,No
PO102935,2025-08-14,Supplier_02,Office Supplies,20,71.16,1423.2,6,10,No,4,493,21,20,492,No
PO102936,2025-06-28,Supplier_12,Home & Kitchen,8,44.07,352.56,7,6,Yes,0,261,31,8,238,No
PO102937,2025-01-19,Supplier_15,Office Supplies,19,119.52,2270.88,4,13,No,9,407,24,19,402,No
PO102938,2025-02-12,Supplier_06,Electronics,10,56.52,565.2,6,17,No,11,51,45,10,0,Yes
PO102939,2025-08-30,Supplier_05,Office Supplies,14,45.61,638.54,6,16,No,10,327,25,14,316,No
PO102940,2025-08-09,Supplier_12,Home & Kitchen,16,260.6,4169.6,7,10,No,3,324,33,16,307,No
PO102941,2025-11-13,Supplier_09,Electronics,6,443.15,2658.9,3,11,No,8,417,44,6,0,Yes
PO102942,2025-10-05,Supplier_06,Office Supplies,15,491.11,7366.65,9,20,No,11,369,18,15,366,No
PO102943,2025-03-11,Supplier_06,Electronics,14,71.95,1007.3,7,6,Yes,0,286,44,14,0,Yes
PO102944,2025-05-01,Supplier_15,Electronics,11,239.65,2636.15,9,11,No,2,237,37,11,0,Yes
PO102945,2025-03-19,Supplier_04,Electronics,15,153.13,2296.95,9,10,Yes,1,422,48,15,0,Yes
PO102946,2025-12-24,Supplier_08,Office Supplies,18,171.53,3087.54,4,12,No,8,479,22,18,475,No
PO102947,2025-01-29,Supplier_03,Home & Kitchen,13,,6367.4,5,16,No,11,250,27,13,236,No
PO102948,2025-11-11,Supplier_10,Office Supplies,10,278.63,2786.3,4,5,No,1,351,13,10,348,No
PO102949,2025-02-16,Supplier_09,Home & Kitchen,15,308.62,4629.3,5,8,No,3,354,36,15,333,No
PO102950,2025-12-10,Supplier_04,Office Supplies,13,241.96,3145.48,10,11,Yes,1,90,23,13,80,No
PO102951,2025-03-23,Supplier_07,Office Supplies,9,386.46,3478.14,6,12,No,6,36,17,9,0,Yes
PO102952,2025-10-30,Supplier_02,Home & Kitchen,19,153.84,2922.96,9,10,No,1,262,27,19,254,No
PO102953,2025-05-08,Supplier_15,Office Supplies,14,163.41,2287.74,7,5,Yes,0,302,10,14,306,No
PO102954,2025-05-03,Supplier_13,Office Supplies,18,114.08,2053.44,7,12,No,5,268,30,18,256,No
PO102955,2025-05-12,Supplier_13,Electronics,10,197.77,1977.7,3,5,No,2,319,44,10,285,No
PO102956,2025-04-11,Supplier_05,Home & Kitchen,11,276.87,3045.57,5,10,No,5,108,26,11,93,No
PO102957,2025-02-02,Supplier_13,Home & Kitchen,9,355.43,3198.87,5,14,No,9,169,30,9,0,Yes
PO102958,2025-04-04,Supplier_05,Electronics,12,70.08,840.96,4,4,Yes,0,117,34,12,0,Yes
PO102959,2025-10-16,Supplier_01,Home & Kitchen,14,299.24,4189.36,7,15,No,8,247,30,14,231,No
PO102960,2025-12-15,Supplier_03,Electronics,16,49.63,794.08,4,10,No,6,313,50,16,0,Yes
PO102961,2025-06-02,Supplier_07,Home & Kitchen,4,110.26,441.04,9,17,No,8,143,33,4,114,No
PO102962,2025-10-29,Supplier_08,Electronics,4,18.16,72.64,8,6,Yes,0,437,39,4,402,No
PO102963,2025-08-09,Supplier_01,Office Supplies,18,138.73,2497.14,5,12,No,7,120,20,18,118,No
PO102964,2025-05-17,Supplier_14,Electronics,4,252.08,1008.32,9,7,Yes,0,139,42,4,0,Yes
PO102965,2025-05-29,Supplier_13,Electronics,15,223.23,3348.45,3,2,Yes,0,342,47,15,310,No
PO102966,2025-05-24,Supplier_07,Office Supplies,18,350.58,6310.44,6,5,Yes,0,55,24,18,49,No
PO102967,2025-06-01,Supplier_04,Home & Kitchen,10,86.12,861.2,10,9,Yes,0,481,27,10,464,No
PO102968,2025-08-08,Supplier_10,Electronics,19,339.55,6451.45,4,12,No,8,89,40,19,0,Yes
PO102969,2025-02-20,Supplier_07,Electronics,8,35.74,285.92,9,10,No,1,399,52,8,0,Yes
PO102970,2025-04-07,Supplier_10,Home & Kitchen,3,121.85,365.55,3,6,No,3,431,25,3,409,No
PO102971,2025-06-13,Supplier_04,Office Supplies,5,396.74,1983.7,10,8,Yes,0,244,28,5,221,No
PO102972,2025-09-08,Supplier_04,Electronics,10,329.26,3292.6,9,14,No,5,356,46,10,320,No
PO102973,2025-06-16,Supplier_02,Office Supplies,20,451.3,9026.0,6,15,No,9,488,28,20,480,No
PO102974,2025-04-23,Supplier_10,Electronics,20,198.13,3962.6,7,9,No,2,375,59,20,0,Yes
PO102975,2025-04-23,Supplier_15,Home & Kitchen,9,337.64,3038.76,6,15,No,9,495,27,9,0,Yes
PO102976,2025-04-04,Supplier_14,Electronics,17,305.22,5188.74,4,3,Yes,0,310,35,17,292,No
PO102977,2025-07-25,Supplier_09,Home & Kitchen,6,179.69,1078.14,5,6,Yes,1,316,22,6,300,No
PO102978,2025-12-23,Supplier_03,Office Supplies,20,427.34,8546.8,5,3,Yes,0,316,28,20,308,No
PO102979,2025-01-24,Supplier_07,Electronics,12,358.55,4302.6,6,12,No,6,365,49,12,0,Yes
PO102980,2025-01-07,Supplier_07,Home & Kitchen,9,403.31,3629.79,10,8,Yes,0,271,27,9,253,No
PO102981,2025-09-20,Supplier_12,Home & Kitchen,10,177.64,1776.4,10,9,Yes,0,119,32,10,97,No
PO102982,2025-01-30,Supplier_05,Office Supplies,20,405.43,8108.6,4,2,Yes,0,341,22,20,339,No
PO102983,2025-02-15,Supplier_08,Home & Kitchen,1,106.16,106.16,6,5,Yes,0,292,28,1,265,No
PO102984,2025-03-15,Supplier_08,Home & Kitchen,4,318.05,1272.2,3,1,Yes,0,277,25,4,256,No
PO102985,2025-06-24,Supplier_13,Electronics,8,43.86,350.88,5,15,No,10,127,50,8,0,Yes
PO102986,2025-07-30,Supplier_15,Electronics,2,420.5,841.0,10,9,Yes,0,492,30,2,0,Yes
PO102987,2025-04-17,Supplier_13,Electronics,18,326.74,5881.32,10,10,Yes,0,313,36,18,0,Yes
PO102988,2025-10-23,Supplier_05,Electronics,14,133.2,1864.8,3,2,Yes,0,381,47,14,0,Yes
PO102989,2025-06-21,Supplier_01,Home & Kitchen,14,425.85,5961.9,7,11,No,4,122,34,14,102,No
PO102990,2025-05-24,Supplier_10,Office Supplies,11,373.08,4103.88,9,10,No,1,141,21,11,131,No
PO102991,2025-02-12,Supplier_08,Office Supplies,19,32.33,614.27,5,6,No,1,273,19,19,273,No
PO102992,2025-03-11,Supplier_15,Electronics,13,96.27,1251.51,6,8,No,2,256,53,13,0,Yes
PO102993,2025-09-21,Supplier_01,Home & Kitchen,11,209.12,2300.32,10,18,No,8,318,22,11,307,No
PO102994,2025-03-03,Supplier_10,Office Supplies,13,85.93,1117.09,4,15,No,11,124,22,13,115,No
PO102995,2025-02-12,Supplier_06,Electronics,12,300.27,3603.24,6,7,Yes,1,55,37,12,30,No
PO102996,2025-01-08,Supplier_08,Home & Kitchen,16,158.58,2537.28,8,11,No,3,283,26,16,273,No
PO102997,2025-09-14,Supplier_06,Electronics,9,309.53,2785.77,4,7,No,3,199,57,9,0,Yes
PO102998,2025-05-02,Supplier_02,Office Supplies,15,408.97,6134.55,7,12,No,5,243,24,15,234,No
PO102999,2025-05-20,Supplier_12,Home & Kitchen,16,316.64,5066.24,3,6,No,3,89,26,16,79,No
PO103000,2025-05-10,Supplier_01,Office Supplies,11,115.83,1274.13,3,1,Yes,0,246,17,11,240,No
PO103001,2025-02-28,Supplier_04,Office Supplies,10,391.65,3916.5,3,6,No,3,244,22,10,232,No
PO103002,2025-05-26,Supplier_11,Electronics,4,284.06,1136.24,3,4,Yes,1,459,42,4,0,Yes
PO103003,2025-01-04,Supplier_09,Electronics,19,325.02,6175.38,3,12,No,9,226,44,19,0,Yes
PO103004,2025-06-15,Supplier_09,Office Supplies,17,39.76,675.92,9,8,Yes,0,375,15,17,377,No
PO103005,2025-05-18,Supplier_07,Home & Kitchen,15,289.12,4336.8,4,4,Yes,0,160,28,15,147,No
PO103006,2025-12-30,Supplier_06,Home & Kitchen,7,399.68,2797.76,7,12,No,5,232,31,7,208,No
PO103007,2025-09-20,Supplier_13,Electronics,7,234.42,1640.94,4,11,No,7,331,35,7,0,Yes
PO103008,2025-07-17,Supplier_09,Office Supplies,3,269.19,807.57,9,18,No,9,479,34,3,448,No
PO103009,2025-06-19,Supplier_13,Office Supplies,2,223.13,446.26,4,15,No,11,495,24,2,473,No
PO103010,2025-12-30,Supplier_07,Home & Kitchen,15,134.12,2011.8,5,12,No,7,243,20,15,238,No
PO103011,2025-04-29,Supplier_01,Electronics,7,268.62,1880.34,6,12,No,6,156,51,7,0,Yes
PO103012,2025-06-02,Supplier_09,Electronics,3,335.58,1006.74,8,19,No,11,97,40,3,0,Yes
PO103013,2025-10-06,Supplier_12,Office Supplies,11,421.76,4639.36,8,14,No,6,186,30,11,0,Yes
PO103014,2025-02-12,Supplier_11,Electronics,10,70.4,704.0,5,4,Yes,0,243,33,10,0,Yes
PO103015,2025-03-04,Supplier_03,Home & Kitchen,13,115.82,1505.66,4,13,No,9,485,30,13,468,No
PO103016,2025-05-11,Supplier_11,Home & Kitchen,12,95.07,1140.84,3,3,Yes,0,364,32,12,344,No
PO103017,2025-11-26,Supplier_10,Electronics,5,475.97,2379.85,3,2,Yes,0,135,59,5,0,Yes
PO103018,2025-10-07,Supplier_01,Electronics,19,150.48,2859.12,8,16,No,8,485,52,19,452,No
PO103019,2025-02-02,Supplier_01,Home & Kitchen,18,80.42,1447.56,6,15,No,9,240,21,18,0,Yes
PO103020,2025-01-01,Supplier_10,Office Supplies,5,164.14,820.7,5,6,Yes,1,438,28,5,415,No
PO103021,2025-09-17,Supplier_02,Home & Kitchen,7,450.77,3155.39,4,4,Yes,0,239,26,7,220,No
PO103022,2025-06-12,Supplier_15,Office Supplies,8,442.49,3539.92,6,12,No,6,461,26,8,443,No
PO103023,2025-08-13,Supplier_15,Electronics,15,240.93,3613.95,3,6,No,3,248,43,15,220,No
PO103024,2025-09-12,Supplier_05,Electronics,11,187.5,2062.5,5,6,No,1,207,39,11,0,Yes
PO103025,2025-04-20,Supplier_13,Electronics,3,353.86,1061.58,4,5,Yes,1,262,31,3,0,Yes
PO103026,2025-08-16,Supplier_04,Electronics,9,69.07,621.63,10,8,Yes,0,141,44,9,0,Yes
PO103027,2025-09-21,Supplier_07,Electronics,4,358.24,1432.96,9,7,Yes,0,259,42,4,221,No
PO103028,2025-08-04,Supplier_02,Electronics,2,137.15,274.3,9,17,No,8,458,48,2,0,Yes
PO103029,2025-07-19,Supplier_04,Office Supplies,7,473.37,3313.59,5,5,Yes,0,110,17,7,100,No
PO103030,2025-01-19,Supplier_11,Electronics,17,94.87,1612.79,5,6,No,1,79,37,17,0,Yes
PO103031,2025-10-24,Supplier_04,Electronics,4,208.43,833.72,3,8,No,5,423,46,4,381,No
PO103032,2025-08-20,Supplier_04,Office Supplies,18,296.17,5331.06,3,1,Yes,0,218,18,18,218,No
PO103033,2025-06-16,Supplier_05,Electronics,18,327.81,5900.58,5,6,Yes,1,56,43,18,0,Yes
PO103034,2025-09-01,Supplier_04,Electronics,4,60.44,241.76,3,8,No,5,244,48,4,0,Yes
PO103035,2025-07-17,Supplier_06,Electronics,12,491.61,5899.32,10,19,No,9,297,38,12,0,Yes
PO103036,2025-01-01,Supplier_07,Office Supplies,16,115.36,1845.76,6,4,Yes,0,145,21,16,140,No
PO103037,2025-08-18,Supplier_02,Electronics,20,133.2,2664.0,10,13,No,3,340,32,20,0,Yes
PO103038,2025-03-25,Supplier_14,Electronics,1,197.0,197.0,9,12,No,3,276,39,1,238,No
PO103039,2025-01-25,Supplier_05,Home & Kitchen,15,226.32,3394.8,9,17,No,8,53,28,15,0,Yes
PO103040,2025-05-02,Supplier_07,Home & Kitchen,3,15.15,45.45,7,5,Yes,0,254,21,3,236,No
PO103041,2025-02-14,Supplier_01,Electronics,8,84.15,673.2,10,21,No,11,109,44,8,0,Yes
PO103042,2025-11-13,Supplier_08,Electronics,17,364.12,6190.04,10,11,No,1,258,48,17,227,No
PO103043,2025-02-19,Supplier_01,Electronics,10,297.5,2975.0,9,17,No,8,350,47,10,0,Yes
PO103044,2025-01-17,Supplier_05,Home & Kitchen,14,72.27,1011.78,8,16,No,8,192,29,14,177,No
PO103045,2025-09-01,Supplier_14,Home & Kitchen,11,262.05,2882.55,8,9,No,1,191,24,11,178,No
PO103046,2025-03-20,Supplier_02,Home & Kitchen,18,119.24,2146.32,7,15,No,8,442,30,18,430,No
PO103047,2025-11-03,Supplier_11,Electronics,20,,3318.4,10,9,Yes,0,433,41,20,0,Yes
PO103048,2025-09-29,Supplier_12,Electronics,6,456.59,2739.54,9,15,No,6,46,59,6,0,Yes
PO103049,2025-04-16,Supplier_12,Home & Kitchen,13,229.53,2983.89,9,17,No,8,59,18,13,54,No
PO103050,2025-11-28,Supplier_02,Office Supplies,13,97.62,1269.06,10,15,No,5,371,20,13,364,No
PO103051,2025-09-20,Supplier_11,Office Supplies,16,65.97,1055.52,3,2,Yes,0,288,22,16,0,Yes
PO103052,2025-05-24,Supplier_15,Home & Kitchen,9,91.71,825.39,3,14,No,11,172,24,9,157,No
PO103053,2025-04-01,Supplier_05,Office Supplies,8,323.83,2590.64,3,12,No,9,490,22,8,476,No
PO103054,2025-01-08,Supplier_13,Office Supplies,20,269.27,5385.4,10,12,No,2,256,14,20,262,No
PO103055,2025-07-24,Supplier_10,Office Supplies,13,364.56,4739.28,5,8,No,3,220,17,13,216,No
PO103056,2025-11-23,Supplier_14,Electronics,9,285.84,2572.56,6,6,Yes,0,57,46,9,20,No
PO103057,2025-10-13,Supplier_14,Electronics,5,59.31,296.55,4,9,No,5,82,32,5,55,No
PO103058,2025-03-05,Supplier_04,Home & Kitchen,2,406.62,813.24,5,11,No,6,367,31,2,338,No
PO103059,2025-08-22,Supplier_14,Home & Kitchen,9,257.27,2315.43,8,16,No,8,404,26,9,387,No
PO103060,2025-07-19,Supplier_08,Home & Kitchen,12,48.37,580.44,10,13,No,3,488,27,12,473,No
PO103061,2025-10-28,Supplier_07,Electronics,5,117.93,589.65,7,8,No,1,79,51,5,0,Yes
PO103062,2025-08-24,Supplier_01,Office Supplies,19,30.86,586.34,4,11,No,7,54,18,19,55,No
PO103063,2025-01-22,Supplier_14,Electronics,8,241.17,1929.36,10,11,No,1,40,61,8,1,No
PO103064,2025-01-29,Supplier_01,Electronics,4,273.29,1093.16,3,3,Yes,0,163,41,4,0,Yes
PO103065,2025-06-06,Supplier_12,Electronics,8,375.5,3004.0,6,13,No,7,162,47,8,0,Yes
PO103066,2025-12-10,Supplier_15,Home & Kitchen,19,479.34,9107.46,7,16,No,9,232,26,19,225,No
PO103067,2025-11-17,Supplier_04,Electronics,8,42.89,343.12,3,4,No,1,412,51,8,369,No
PO103068,2025-03-14,Supplier_01,Home & Kitchen,15,394.9,5923.5,5,15,No,10,267,41,15,241,No
PO103069,2025-04-23,Supplier_09,Electronics,1,165.24,165.24,8,14,No,6,487,33,1,0,Yes
PO103070,2025-12-15,Supplier_14,Electronics,18,341.62,6149.16,6,7,Yes,1,461,49,18,0,Yes
PO103071,2025-11-09,Supplier_05,Electronics,11,220.01,2420.11,6,5,Yes,0,448,51,11,408,No
PO103072,2025-07-11,Supplier_11,Electronics,16,279.96,4479.36,4,4,Yes,0,40,30,16,0,Yes
PO103073,2025-04-01,Supplier_04,Electronics,12,295.1,3541.2,5,5,Yes,0,189,50,12,0,Yes
PO103074,2025-04-15,Supplier_06,Home & Kitchen,18,197.91,3562.38,6,7,Yes,1,469,29,18,458,No
PO103075,2025-07-14,Supplier_08,Home & Kitchen,16,402.0,6432.0,4,3,Yes,0,270,26,16,260,No
PO103076,2025-06-06,Supplier_08,Electronics,14,163.27,2285.78,8,15,No,7,296,43,14,267,No
PO103077,2025-07-28,Supplier_10,Electronics,12,372.54,4470.48,4,3,Yes,0,159,45,12,0,Yes
PO103078,2025-08-18,Supplier_02,Office Supplies,10,348.88,3488.8,7,8,No,1,134,21,10,123,No
PO103079,2025-06-06,Supplier_01,Home & Kitchen,15,432.48,6487.2,3,14,No,11,88,30,15,73,No
PO103080,2025-02-10,Supplier_05,Electronics,1,336.83,336.83,5,5,Yes,0,313,39,1,0,Yes
PO103081,2025-08-21,Supplier_05,Home & Kitchen,17,328.05,5576.85,7,7,Yes,0,108,34,17,91,No
PO103082,2025-01-17,Supplier_12,Electronics,1,128.99,128.99,5,6,Yes,1,488,42,1,447,No
PO103083,2025-01-12,Supplier_06,Office Supplies,4,44.05,176.2,6,12,No,6,379,17,4,366,No
PO103084,2025-02-03,Supplier_12,Electronics,3,229.76,689.28,7,6,Yes,0,339,41,3,0,Yes
PO103085,2025-03-13,Supplier_04,Office Supplies,15,118.58,1778.7,3,1,Yes,0,360,19,15,356,No
PO103086,2025-03-14,Supplier_01,Electronics,5,408.09,2040.45,6,15,No,9,383,45,5,0,Yes
PO103087,2025-09-21,Supplier_11,Electronics,10,327.16,3271.6,9,19,No,10,287,48,10,0,Yes
PO103088,2025-07-31,Supplier_08,Home & Kitchen,6,181.45,1088.7,8,17,No,9,304,33,6,277,No
PO103089,2025-03-08,Supplier_04,Home & Kitchen,14,40.24,563.36,10,10,Yes,0,282,28,14,268,No
PO103090,2025-06-30,Supplier_10,Home & Kitchen,1,351.04,351.04,10,11,Yes,1,231,35,1,197,No
PO103091,2025-06-20,Supplier_09,Electronics,9,377.69,3399.21,6,12,No,6,276,37,9,0,Yes
PO103092,2025-07-24,Supplier_07,Office Supplies,2,145.48,290.96,7,7,Yes,0,139,27,2,114,No
PO103093,2025-08-12,Supplier_13,Home & Kitchen,2,29.11,58.22,10,10,Yes,0,362,39,2,325,No
PO103094,2025-09-21,Supplier_14,Home & Kitchen,4,129.15,516.6,7,5,Yes,0,109,18,4,95,No
PO103095,2025-11-23,Supplier_14,Home & Kitchen,8,286.89,2295.12,6,17,No,11,467,32,8,443,No
PO103096,2025-11-14,Supplier_05,Office Supplies,9,459.96,4139.64,9,10,Yes,1,346,27,9,328,No
PO103097,2025-08-23,Supplier_03,Home & Kitchen,7,448.13,3136.91,3,11,No,8,244,31,7,220,No
PO103098,2025-12-12,Supplier_07,Electronics,1,387.3,387.3,3,10,No,7,368,47,1,322,No
PO103099,2025-06-08,Supplier_04,Office Supplies,6,294.09,1764.54,5,6,Yes,1,465,22,6,0,Yes
PO103100,2025-01-03,Supplier_08,Home & Kitchen,9,132.78,1195.02,4,12,No,8,212,30,9,191,No
PO103101,2025-12-06,Supplier_05,Electronics,1,166.94,166.94,8,6,Yes,0,456,59,1,398,No
PO103102,2025-01-09,Supplier_15,Home & Kitchen,15,448.14,6722.1,7,8,Yes,1,201,23,15,193,No
PO103103,2025-05-01,Supplier_06,Home & Kitchen,4,269.09,1076.36,4,4,Yes,0,232,35,4,201,No
PO103104,2025-02-20,Supplier_08,Office Supplies,13,380.14,4941.82,4,14,No,10,449,22,13,440,No
PO103105,2025-12-05,Supplier_05,Electronics,20,361.91,7238.2,3,1,Yes,0,211,46,20,0,Yes
PO103106,2025-05-02,Supplier_04,Electronics,7,140.38,982.66,9,13,No,4,79,50,7,0,Yes
PO103107,2025-04-05,Supplier_11,Home & Kitchen,4,87.22,348.88,6,4,Yes,0,148,28,4,124,No
PO103108,2025-10-09,Supplier_06,Home & Kitchen,16,364.34,5829.44,10,9,Yes,0,40,29,16,27,No
PO103109,2025-06-16,Supplier_08,Home & Kitchen,8,51.64,413.12,5,7,No,2,62,21,8,49,No
PO103110,2025-05-11,Supplier_14,Office Supplies,4,209.92,839.68,4,9,No,5,179,27,4,156,No
PO103111,2025-07-26,Supplier_01,Home & Kitchen,7,19.79,138.53,3,11,No,8,486,27,7,0,Yes
PO103112,2025-09-22,Supplier_03,Electronics,14,380.8,5331.2,3,8,No,5,445,36,14,0,Yes
PO103113,2025-10-11,Supplier_04,Electronics,11,137.94,1517.34,3,4,No,1,211,40,11,182,No
PO103114,2025-08-17,Supplier_03,Office Supplies,8,157.18,1257.44,10,15,No,5,295,23,8,280,No
PO103115,2025-09-13,Supplier_04,Electronics,10,322.73,3227.3,5,13,No,8,415,36,10,389,No
PO103116,2025-04-17,Supplier_01,Office Supplies,3,485.18,1455.54,5,10,No,5,422,24,3,401,No
PO103117,2025-02-16,Supplier_12,Electronics,10,19.39,193.9,6,11,No,5,382,40,10,352,No
PO103118,2025-06-16,Supplier_10,Office Supplies,8,179.75,1438.0,4,3,Yes,0,324,20,8,312,No
PO103119,2025-02-06,Supplier_02,Home & Kitchen,6,344.27,2065.62,5,13,No,8,387,34,6,359,No
PO103120,2025-11-16,Supplier_12,Home & Kitchen,19,189.83,3606.77,7,10,No,3,143,23,19,0,Yes
PO103121,2025-08-30,Supplier_02,Electronics,1,38.09,38.09,8,17,No,9,198,56,1,0,Yes
PO103122,2025-12-05,Supplier_03,Home & Kitchen,4,82.51,330.04,3,14,No,11,491,31,4,464,No
PO103123,2025-01-06,Supplier_10,Home & Kitchen,14,269.25,3769.5,7,15,No,8,203,17,14,0,Yes
PO103124,2025-01-25,Supplier_13,Electronics,1,456.83,456.83,5,8,No,3,251,50,1,202,No
PO103125,2025-02-15,Supplier_02,Electronics,6,55.53,333.18,8,11,No,3,368,46,6,0,Yes
PO103126,2025-07-07,Supplier_01,Home & Kitchen,5,376.4,1882.0,5,16,No,11,266,31,5,240,No
PO103127,2025-05-03,Supplier_11,Electronics,13,155.37,2019.81,9,12,No,3,401,39,13,375,No
PO103128,2025-06-22,Supplier_13,Home & Kitchen,2,409.56,819.12,10,17,No,7,491,27,2,0,Yes
PO103129,2025-10-24,Supplier_03,Home & Kitchen,2,347.32,694.64,10,16,No,6,199,32,2,169,No
PO103130,2025-01-10,Supplier_10,Home & Kitchen,1,218.53,218.53,6,17,No,11,461,32,1,430,No
PO103131,2025-04-12,Supplier_10,Electronics,10,178.53,1785.3,6,6,Yes,0,378,40,10,348,No
PO103132,2025-08-21,Supplier_01,Electronics,12,273.79,3285.48,6,12,No,6,51,53,12,0,Yes
PO103133,2025-05-23,Supplier_06,Electronics,6,270.66,1623.96,6,4,Yes,0,231,31,6,0,Yes
PO103134,2025-07-31,Supplier_01,Electronics,5,66.01,330.05,3,7,No,4,389,47,5,0,Yes
PO103135,2025-08-17,Supplier_02,Home & Kitchen,20,122.1,2442.0,8,7,Yes,0,490,37,20,473,No
PO103136,2025-08-17,Supplier_04,Electronics,13,344.71,4481.23,10,9,Yes,0,89,43,13,0,Yes
PO103137,2025-11-16,Supplier_11,Electronics,17,23.17,393.89,7,10,No,3,469,36,17,0,Yes
PO103138,2025-10-09,Supplier_09,Electronics,4,,1461.8,3,1,Yes,0,166,47,4,0,Yes
PO103139,2025-11-02,Supplier_01,Home & Kitchen,4,279.07,1116.28,6,10,No,4,197,31,4,170,No
PO103140,2025-11-30,Supplier_15,Electronics,4,431.27,1725.08,5,5,Yes,0,368,42,4,0,Yes
PO103141,2025-08-21,Supplier_12,Office Supplies,13,392.43,5101.59,10,8,Yes,0,132,20,13,125,No
PO103142,2025-07-08,Supplier_01,Home & Kitchen,10,478.09,4780.9,3,14,No,11,288,33,10,0,Yes
PO103143,2025-10-30,Supplier_14,Home & Kitchen,3,280.67,842.01,8,6,Yes,0,348,30,3,321,No
PO103144,2025-06-18,Supplier_15,Office Supplies,8,389.89,3119.12,9,11,No,2,434,25,8,417,No
PO103145,2025-03-06,Supplier_04,Electronics,10,451.65,4516.5,7,7,Yes,0,321,49,10,282,No
PO103146,2025-12-07,Supplier_07,Electronics,15,292.03,4380.45,6,4,Yes,0,177,52,15,140,No
PO103147,2025-04-15,Supplier_08,Electronics,5,31.63,158.15,5,4,Yes,0,112,37,5,0,Yes
PO103148,2025-11-08,Supplier_10,Home & Kitchen,7,376.77,2637.39,7,10,No,3,171,35,7,143,No
PO103149,2025-07-20,Supplier_11,Office Supplies,9,424.03,3816.27,8,19,No,11,37,20,9,26,No
PO103150,2025-12-03,Supplier_11,Office Supplies,5,268.34,1341.7,7,16,No,9,118,24,5,99,No
PO103151,2025-02-24,Supplier_05,Electronics,2,355.78,711.56,9,12,No,3,205,48,2,0,Yes
PO103152,2025-03-31,Supplier_05,Home & Kitchen,9,181.73,1635.57,4,15,No,11,480,35,9,454,No
PO103153,2025-07-01,Supplier_09,Office Supplies,3,199.52,598.56,5,8,No,3,305,23,3,285,No
PO103154,2025-04-01,Supplier_04,,13,481.63,6261.19,6,6,Yes,0,479,26,13,466,No
PO103155,2025-12-18,Supplier_01,Home & Kitchen,12,220.28,2643.36,9,10,Yes,1,426,33,12,405,No
PO103156,2025-02-04,Supplier_07,Electronics,16,124.33,1989.28,10,13,No,3,311,51,16,0,Yes
PO103157,2025-06-24,Supplier_05,Home & Kitchen,9,101.06,909.54,9,10,Yes,1,222,28,9,203,No
PO103158,2025-03-25,Supplier_12,Electronics,17,157.6,2679.2,8,9,No,1,423,49,17,391,No
PO103159,2025-01-27,Supplier_05,Electronics,11,319.51,3514.61,10,17,No,7,169,36,11,0,Yes
PO103160,2025-04-25,Supplier_15,Electronics,16,271.59,4345.44,3,8,No,5,172,50,16,0,Yes
PO103161,2025-09-23,Supplier_11,Electronics,19,219.19,4164.61,3,6,No,3,75,47,19,0,Yes
PO103162,2025-03-25,Supplier_12,Home & Kitchen,18,441.81,7952.58,4,6,No,2,266,33,18,0,Yes
PO103163,2025-06-26,Supplier_10,Office Supplies,6,310.27,1861.62,5,3,Yes,0,207,20,6,193,No
PO103164,2025-04-13,Supplier_14,Office Supplies,10,167.31,1673.1,8,7,Yes,0,372,26,10,356,No
PO103165,2025-07-18,Supplier_11,Electronics,2,17.92,35.84,3,1,Yes,0,427,44,2,385,No
PO103166,2025-12-28,Supplier_14,Electronics,9,456.82,4111.38,4,2,Yes,0,477,39,9,447,No
PO103167,2025-09-21,Supplier_14,Home & Kitchen,8,72.03,576.24,9,8,Yes,0,444,37,8,0,Yes
PO103168,2025-06-27,Supplier_11,Home & Kitchen,9,459.21,4132.89,5,8,No,3,143,25,9,127,No
PO103169,2025-03-05,Supplier_15,Home & Kitchen,7,417.71,2923.97,7,8,No,1,277,23,7,261,No
PO103170,2025-05-02,Supplier_01,Home & Kitchen,6,418.99,2513.94,4,15,No,11,35,34,6,7,No
PO103171,2025-03-02,Supplier_02,Home & Kitchen,9,234.05,2106.45,6,14,No,8,201,32,9,178,No
PO103172,2025-03-04,Supplier_11,Office Supplies,7,499.03,3493.21,8,6,Yes,0,481,23,7,465,No
PO103173,2025-09-06,Supplier_10,Electronics,2,333.95,667.9,4,4,Yes,0,468,58,2,412,No
PO103174,2025-09-14,Supplier_02,Office Supplies,4,441.97,1767.88,9,20,No,11,139,29,4,114,No
PO103175,2025-05-09,Supplier_06,Electronics,15,315.43,4731.45,6,6,Yes,0,58,48,15,25,No
PO103176,2025-01-27,Supplier_10,Home & Kitchen,6,376.55,2259.3,9,7,Yes,0,346,27,6,325,No
PO103177,2025-08-02,Supplier_05,Office Supplies,4,170.46,681.84,4,4,Yes,0,311,24,4,291,No
PO103178,2025-11-08,Supplier_14,Office Supplies,16,481.5,7704.0,5,12,No,7,347,33,16,0,Yes
PO103179,2025-11-30,Supplier_13,Electronics,7,179.05,1253.35,3,2,Yes,0,105,32,7,0,Yes
PO103180,2025-06-28,Supplier_04,Office Supplies,12,185.59,2227.08,5,14,No,9,138,23,12,0,Yes
PO103181,2025-02-15,Supplier_08,Home & Kitchen,3,185.67,557.01,4,9,No,5,274,19,3,258,No
PO103182,2025-11-30,Supplier_08,Electronics,1,88.11,88.11,7,18,No,11,163,50,1,0,Yes
PO103183,2025-10-12,Supplier_07,Electronics,13,84.03,1092.39,8,17,No,9,414,47,13,0,Yes
PO103184,2025-09-18,Supplier_10,Home & Kitchen,13,45.92,596.96,4,5,Yes,1,364,26,13,351,No
PO103185,2025-09-12,Supplier_03,Electronics,16,412.5,6600.0,5,3,Yes,0,360,62,16,0,Yes
PO103186,2025-01-23,Supplier_07,Electronics,20,382.02,7640.4,3,4,Yes,1,365,46,20,0,Yes
PO103187,2025-10-15,Supplier_12,Office Supplies,13,255.33,3319.29,10,12,No,2,308,21,13,300,No
PO103188,2025-09-14,Supplier_04,Electronics,18,201.82,3632.76,9,8,Yes,0,140,70,18,0,Yes
PO103189,2025-03-11,Supplier_14,Office Supplies,4,271.02,1084.08,10,14,No,4,354,25,4,333,No
PO103190,2025-04-08,Supplier_01,Home & Kitchen,19,290.99,5528.81,8,9,No,1,452,22,19,449,No
PO103191,2025-03-21,Supplier_11,Electronics,2,81.74,163.48,6,12,No,6,306,40,2,0,Yes
PO103192,2025-03-21,Supplier_11,Office Supplies,9,379.03,3411.27,7,5,Yes,0,351,19,9,341,No
PO103193,2025-05-24,Supplier_11,Electronics,3,148.48,445.44,8,15,No,7,309,49,3,263,No
PO103194,2025-05-21,Supplier_10,Electronics,20,182.09,3641.8,4,13,No,9,384,42,20,362,No
PO103195,2025-12-13,Supplier_02,Office Supplies,2,53.13,106.26,9,15,No,6,453,19,2,0,Yes
PO103196,2025-12-26,Supplier_05,Home & Kitchen,12,197.57,2370.84,4,5,Yes,1,451,32,12,431,No
PO103197,2025-01-25,Supplier_05,Office Supplies,4,197.89,791.56,8,9,No,1,355,17,4,342,No
PO103198,2025-08-07,Supplier_04,Home & Kitchen,4,352.73,1410.92,5,3,Yes,0,390,29,4,365,No
PO103199,2025-03-05,Supplier_08,Home & Kitchen,17,122.85,2088.45,5,9,No,4,38,25,17,30,No
